the,2056
a,1037
and,598
of,577
to,512
--,450
in,449
his,427
on,384
he,339
-,317
vicki,288
is,271
at,252
i,241
you,241
bruce,218
as,216
joker,190
up,182
out,175
it,162
that,160
knox,157
with,157
for,150
batman,144
into,141
her,137
int.,128
from,126
she,115
moment,114
an,112
are,112
we,111
all,103
(cont.),101
this,101
down,98
jack,97
night,95
one,90
he's,88
him,86
they,83
ext.,81
but,81
through,80
off,76
like,74
back,73
over,73
by,70
then,70
what,68
...,66
just,65
it's,64
i'm,61
don't,59
be,58
do,58
gotham,58
face,57
street,57
now,57
behind,57
no,55
not,52
their,52
see,52
hand,51
two,50
looks,50
me,50
know,50
reaches,48
cut,47
to:,45
have,45
if,45
my,45
joker's,44
get,44
dick,43
has,43
him.,43
got,42
can,42
van,40
across,40
black,40
later,39
day,38
it.,38
angle,38
about,37
your,37
up.,35
around,35
there,35
big,35
look,34
its,34
eckhardt,34
goon,33
wayne,33
grissom,33
you.,33
so,32
can't,32
city,32
toward,32
face.,32
nick,31
cops,31
you're,31
alfred,31
past,30
ace,30
stands,30
right,29
was,29
them,29
before,29
how,29
takes,29
room,28
sees,28
floor,28
still,28
begins,28
hood,28
chemical,28
goes,28
gordon,27
who,27
that's,27
want,27
could,27
some,27
eyes,27
roof,26
turns,26
almost,26
vicki.,26
batmobile,26
hands,25
gun,25
alicia,25
been,25
something,25
come,25
which,24
head,24
suddenly,24
goons,24
voice,24
when,24
bruce's,24
little,24
wall,23
time,23
pulls,23
camera,23
dent,23
long,22
another,22
steps,22
side,22
vicki's,22
drops,22
every,22
other,22
car,22
tell,21
why,21
go,21
or,21
she's,21
away,21
smiles,21
feet,21
open,21
now.,21
take,21
where,21
more,21
think,20
finds,20
way,20
i've,20
opens,20
shots,19
glass,19
himself,19
looking,19
here,19
place,19
doesn't,19
half,18
staring,18
me.,18
even,18
bat,18
boy,18
bruce.,18
make,17
there's,17
overhead,17
three,17
evening,17
out.,17
street.,17
after,16
good,16
cop,16
going,16
end,16
oh,16
had,16
crowd,16
hits,16
full,16
apartment,16
moving,16
very,16
eddie,16
won't,15
mask,15
second,15
much,15
catwalk,15
i'll,15
sits,15
only,15
would,15
police,15
well,15
door,15
miss,15
against,15
our,15
joker.,15
tank,15
harvey,15
batwing,15
coming,15
grabs,15
off.,14
too,14
screen,14
huge,14
i'd,14
last,14
wayne.,14
doors,14
onto,14
lets,14
does,14
man,14
here.,14
old,14
we'll,14
comes,14
fire,14
move,14
figure,14
manor,13
batman.,13
under,13
ii,13
avenue,13
tiny,13
chair,13
small,13
belt,13
door.,13
wearing,13
what's,13
should,13
doctor,13
let,13
quick,13
above,13
new,13
along,13
mouth,13
kill,13
most,13
makes,13
seconds,13
grissom's,12
finally,12
work,12
belt.,12
let's,12
stares,12
us,12
gas,12
without,12
sets,12
guns,12
first,12
points,12
shot,12
gets,12
corner,12
directly,12
batman's,12
once,12
commissioner,12
they're,12
(beat),12
red,12
cars,12
dead,12
table,12
desk,12
hair,12
straight,11
co.,11
man.,11
jack's,11
outside,11
four,11
her.,11
smoke,11
go.,11
dead.,11
clown,11
room.,11
who's,11
computer,11
park,11
enters,11
floor.,11
down.,11
breaks,11
metal,11
edge,11
stories,11
them.,11
put,11
find,11
(v.o.),11
thugs,11
air,11
body,11
any,11
arm,11
broad,11
say,11
globe,11
stops,11
doing,11
blood,10
taking,10
did,10
love,10
seems,10
window,10
side.,10
doorway,10
copter,10
beneath,10
video,10
huh,10
steel,10
iii,10
show,10
back.,10
left,10
quite,10
(to,10
open.,10
holds,10
money,10
because,10
utility,10
maybe,10
keep,10
pull,10
dave,10
these,10
slowly,10
we're,10
machine,10
belltower,10
inside,10
tight,10
gestures,10
enough,10
away.,10
roll,9
top,9
dad,9
thomas,9
knox.,9
hand.,9
anchorwoman,9
running,9
vale.,9
eye,9
far,9
grin,9
ramp,9
photos,9
hear,9
guy,9
arm.,9
jack.,9
fire.,9
eyes.,9
past.,9
real,9
jimmy,9
front,9
knox's,9
vale,9
break,9
sign,9
there.,9
between,9
ready,9
men,9
bedroom,9
guess,9
helicopter,9
on.,9
smiling,9
gotham's,9
will,9
enormous,9
ever,9
moves,9
until,9
phone,9
display,9
six,9
sky,9
begin,9
office,9
streets,9
road,9
climbs,9
turn,8
same,8
empty,8
rope,8
woman,8
team,8
starts,8
this.,8
know.,8
hangs,8
familiar,8
ford,8
screams,8
bathroom,8
iv,8
tv,8
sound,8
lights,8
lady,8
city.,8
must,8
reads:,8
yes,8
happy,8
okay,8
mean,8
hot,8
nice,8
in.,8
catches,8
rear,8
slumps,8
world,8
high,8
key,8
alleyway,8
thank,8
each,8
grayson,8
mom,8
mr.,8
mayor,8
hoods,8
swings,8
chair.,8
they've,8
makeup,8
drop,8
air.,8
onlookers,8
miranda,8
trying,8
series,8
talk,8
move.,8
view,8
boys,8
deck,8
beside,8
napier,8
draws,8
hall,7
ten,7
better,7
watch,7
thing,7
short,7
climb,7
corto,7
trucks,7
water,7
stand,7
knows,7
speed,7
overhead.,7
penthouse,7
right.,7
batcave,7
race,7
alley.,7
great,7
you'd,7
sudden,7
never,7
sitting,7
seat,7
seen,7
closer,7
hell,7
desk.,7
heaves,7
arms,7
gimme,7
hit,7
(pause),7
perfect,7
death,7
strolls,7
screaming,7
crouch,7
over.,7
wrapped,7
backs,7
ledge,7
laughing,7
night.,7
wall.,7
parking,7
lot,7
slams,7
flying,7
alexander,7
tony,7
butler,7
flash,7
rips,7
nearby,7
give,7
head.,7
cars.,7
subway,7
abandoned,7
yellow,7
faces,7
strange,7
we've,7
rooftop,7
hold,7
hole,7
together,7
smile,7
hears,7
wanders,7
people,7
five,7
you'll,7
building,7
everywhere.,7
couple,7
cape,7
kind,7
bag,7
set,7
bug,7
stunned,7
stone,7
pick,6
picture,6
opposite,6
shock,6
business,6
spotlight,6
showing,6
made,6
statue,6
main,6
stay,6
bat.,6
sorry.,6
need,6
tries,6
television,6
below,6
waves,6
white,6
might,6
next,6
button,6
green,6
few,6
panic,6
foot,6
watching,6
gate,6
somehow,6
seem,6
frightened,6
shriek,6
factory,6
million,6
gonna,6
gordon.,6
checks,6
hey,6
vicki),6
again.,6
mirror,6
killed,6
upward,6
best,6
gun.,6
dressed,6
mysterious,6
runs,6
chest.,6
cathedral,6
broken,6
telephoto,6
those,6
watches,6
drive,6
dissolve,6
plaza,6
falls,6
level,6
kid,6
roof.,6
balloons,6
unconscious,6
pilot,6
walks,6
helicopters,6
were,6
studio,6
low,6
east,6
someone,6
path,6
smile.,6
mind,6
rather,6
sidewalk,6
elevator,6
sky.,6
float,6
alley,6
rises,6
didn't,6
models,6
flings,6
blind,6
flame,6
handful,6
turned,6
here's,6
nods,6
life,6
own,6
turns.,6
line,6
you've,6
lips,6
speaks,6
frame.,6
pov,6
standing,6
shadow,6
then:,6
clean,6
blocking,6
lifts,6
file,6
appears,6
leaves,6
squad,6
(smiling),6
yeah.,6
shoulder.,6
ladder,6
alicia's,6
run,6
name,6
car.,6
batmobile.,6
saw,6
deep,6
getting,6
throws,6
box,6
herself,6
tea,5
hang,5
hat.,5
camera.,5
block,5
save,5
ain't,5
caught,5
picks,5
reply.,5
bright,5
hanging,5
keeps,5
third,5
sirens,5
thick,5
uniformed,5
bearing,5
leave,5
line.,5
private,5
bullet,5
races,5
rolls,5
quickly,5
fat,5
donna,5
tears,5
form,5
whips,5
gaze,5
single,5
surrounded,5
claire,5
massive,5
he'll,5
rotelli,5
tosses,5
young,5
pocket,5
swat,5
miniature,5
things,5
way.,5
casually,5
lurches,5
march,5
carrying,5
waiting,5
fires,5
products,5
free,5
bends,5
concealed,5
rush,5
shakes,5
removes,5
taken,5
grins,5
stairway,5
canvas,5
ducks,5
shut,5
sidewalk.,5
totally,5
pause),5
hallway,5
van.,5
everything,5
cowl.,5
birthday,5
control,5
access,5
one.,5
sir.,5
teeth,5
knocking,5
balloon,5
pavement.,5
cargo,5
center,5
bruce...,5
part,5
wildly,5
pedestrians,5
patsy,5
startled,5
pass,5
punks,5
brings,5
signal,5
human,5
gotham.,5
though,5
whole,5
ceiling.,5
among,5
alongside,5
buildings,5
rich,5
dick's,5
driver,5
ahead.,5
shatters,5
girl,5
philly,5
heads,5
used,5
burst,5
snapping,5
dent's,5
moment's,5
lands,5
punk,5
wide,5
copy,5
puts,5
building.,5
reveal,5
wink,5
capsule,5
sinks,5
anything,5
strides,5
clear,5
mirror.,5
swivel,5
laugh.,5
fluegelheim,5
heavy,5
within,5
heard,5
pulling,5
wants,5
track,5
speak,5
already,5
silently,5
call,5
gunman,5
all.,5
approaching,5
carl,5
card,5
boss,5
cockpit,5
outside.,5
both,5
bay,5
'cause,5
parade,5
wheel,5
friend,5
morning,5
fills,5
film.,5
god.,5
utterly,5
really,5
shooting,4
spreading,4
panic.,4
cliff,4
v,4
hard,4
pile,4
city's,4
cathedral.,4
time.,4
kitchen,4
reporter,4
propped,4
flames,4
island,4
colleague,4
alfred.,4
do.,4
silence.,4
lock,4
(a,4
pavement,4
darts,4
waving,4
trees,4
bank,4
drawing,4
cuts,4
many,4
twin,4
landing,4
escort,4
awful,4
leaps,4
stop,4
hand),4
happens,4
called,4
roll.,4
shake,4
entrance,4
martha,4
establishing,4
yes.,4
wanted,4
horror,4
such,4
tinny,4
news,4
suit,4
look!,4
happened,4
hunt,4
men's,4
attention,4
keeping,4
midair.,4
marble,4
covers,4
wooden,4
than,4
freeze,4
river.,4
power,4
harbor,4
curious,4
concrete,4
hunt's,4
god,4
mask.,4
flashes,4
shadowy,4
wait,4
curiously,4
governor,4
automatic,4
wasn't,4
thinks,4
circle,4
crowd.,4
tilt,4
late,4
hat,4
dangling,4
square,4
banner,4
flanked,4
cronies,4
calls,4
beginning,4
deal.,4
spectacular,4
action,4
radio,4
forget,4
mere,4
empty.,4
through.,4
revealing,4
bursts,4
doorman,4
stops.,4
wings,4
eckhardt's,4
paper,4
is.,4
it!,4
yanks,4
number,4
jerry,4
nothing,4
minute,4
batmobile's,4
vaults,4
armed,4
either,4
distance,4
nervous,4
jim,4
photos.,4
afternoon,4
job.,4
bomb.,4
trembling,4
drink,4
reporters,4
thinking,4
black.,4
restaurant,4
hoists,4
emerges,4
different,4
total,4
lobby,4
upper,4
scene,4
grissom.,4
asphalt,4
vast,4
'em,4
red-and-green,4
intersection,4
making,4
blocks,4
you...,4
distant,4
spots,4
razor,4
roars,4
that.,4
leg,4
collapses,4
district,4
page,4
blinding,4
lt.,4
gaping,4
mime,4
stocking,4
mimes,4
rings.,4
glances,4
opera,4
direction.,4
booth,4
gazes,4
topples,4
beat.,4
forces,4
knocks,4
stalled,4
fireworks,4
throwing,4
sends,4
makeshift,4
leading,4
cruises,4
music,4
derelict,4
guest,4
poised,4
told,4
firing,4
aerial,4
took,4
ring,4
shoulder,4
no.,4
swinging,4
nearly,4
delivery,4
determined,4
apartment.,4
alone,4
giant,4
turning,4
mounted,4
warning,4
claps,4
frame,4
drifts,4
oh.,4
haven't,4
tank.,4
on!,4
portable,4
device,4
explodes,4
lies,4
cop.,4
ambles,4
wife,4
dark,4
streaks,4
date,4
grinning,4
ground,4
snap,4
speak.,4
wind,4
ahead,4
talking,4
deadly,4
wish,4
pan,4
live,4
working,4
burning,4
meeting,4
cautiously,4
light,4
terrified,4
deserted,4
crimelord,4
trapdoor,4
rubber,4
tall,4
passes,4
patrolman,4
holy,4
loading,4
table.,4
phone.,4
fine,4
but...,4
since,4
globe.,4
bullets,4
god...,4
life.,4
horror.,4
wonder,4
again,4
brakes,4
itself,4
laughs,4
holding,4
round,4
himself.,4
throat,4
gordon's,4
sorry,4
spot,4
maltese.,4
row,4
thought,4
kick,4
dusk,4
dust,4
gloved,4
slide,4
care,4
momentarily,4
brilliant,4
fresh,4
advances,4
large,4
several,4
snatches,4
pleasure,4
cartoon,4
manages,4
buy,4
twisted,4
screen.,4
safe,4
said,4
wayne's,4
sake,3
telling,3
helium,3
information,3
how'd,3
gone,3
clouds.,3
flashing,3
women,3
compressor,3
question,3
safecracker,3
vicki...,3
archway,3
try,3
300th,3
timer,3
beautiful,3
friends.,3
waist.,3
show.,3
calmly,3
purple,3
shoot,3
chrome-steel,3
house,3
(taking,3
crazy.,3
hall.,3
trains,3
shows,3
streets.,3
truck.,3
coat.,3
billowing,3
beautiful.,3
possible,3
#3,3
stage,3
waiter,3
brown,3
hideous,3
puzzled,3
freezes,3
up),3
searchlights,3
laughs.,3
crouches,3
crime,3
forward,3
neck.,3
waste,3
watch.,3
dry,3
labelled,3
smoking,3
walls.,3
singing,3
examines,3
expression,3
dense,3
dent.,3
bats,3
themselves,3
base,3
lost,3
foundation,3
secret,3
two.,3
halliday,3
(leaning,3
world.,3
relax.,3
yeah,3
ragged,3
wouldn't,3
lethal,3
cocks,3
lined,3
shaft,3
gravel,3
nearby.,3
would've,3
flies,3
metal.,3
whispers,3
neon,3
adjacent,3
shoots,3
museum,3
crayon.,3
trademark,3
war,3
study,3
grim,3
sugar,3
drinks,3
various,3
losing,3
deaths,3
sure,3
am,3
hurt,3
refinery,3
charge,3
maltese,3
scream.,3
hi,3
avenue.,3
place.,3
while,3
kiss.,3
rocket,3
change.,3
usual,3
silhouette,3
screw,3
exact,3
gasps,3
continues,3
course,3
her),3
a-one,3
security,3
audience,3
thug,3
suit.,3
suite,3
blouse.,3
magazine,3
understand,3
blinks,3
combat,3
zooms,3
snorts,3
drift,3
commissioner.,3
found,3
christ,3
headlights,3
wave,3
having,3
passenger,3
reverse,3
fist.,3
beat,3
light.,3
point,3
sounds,3
ceiling,3
bed.,3
jumps,3
blood.,3
safely,3
eckhardt.,3
meet,3
answer,3
horseback,3
although,3
harmlessly,3
eight,3
friend.,3
feet.,3
cover,3
pointed,3
shower,3
swooping,3
fade,3
afraid,3
please,3
finding,3
indeed,3
spins,3
pictures,3
fall,3
liquid,3
wind.,3
spinning,3
sweating,3
poor,3
charges,3
jerks,3
close,3
pushes,3
demented,3
guys,3
mister.,3
crooked,3
tracks.,3
plaza.,3
slack,3
handle,3
tough,3
'em!!,3
darkness.,3
filled,3
touch,3
clock,3
shattered,3
construction,3
using,3
reel,3
rings,3
gently,3
caped,3
jet,3
parked,3
lovely.,3
leaving,3
vanishes,3
rope.,3
waist,3
oversized,3
luck,3
cloud,3
job,3
sidewalks,3
sheer,3
original,3
plane,3
narrowly,3
plastic,3
windshield,3
garbage,3
gymnast's,3
party,3
deck.,3
plate,3
bundle,3
report,3
peanuts.,3
andrews,3
him!,3
catwalk.,3
scurries,3
types,3
reach,3
sight,3
lead,3
crashes,3
wipes,3
gigantic,3
else.,3
mine.,3
around.,3
legs,3
mind.,3
plush,3
fifth,3
corner.,3
check,3
bursting,3
realizes,3
porcelain,3
wall:,3
supermodels,3
noise,3
biggest,3
towel,3
traffic,3
piercing,3
makeup.,3
opening,3
lieutenant,3
erupts,3
lie,3
chest,3
cards,3
pair,3
suddenly),3
dome,3
glasses,3
tumble,3
minutes,3
done,3
ignition.,3
demands.,3
couldn't,3
record,3
cityscape,3
behind.,3
club,3
title,3
arms.,3
field,3
twenty,3
may,3
feel,3
sweeps,3
receiver,3
distance.,3
myself,3
frozen,3
believe,3
glance,3
middle,3
range.,3
cleanly,3
bears,3
path.,3
fingers,3
escape.,3
batarang,3
gazing,3
sleek,3
sweep,3
gilroy,3
windshield.,3
anniversary,3
stretch,3
plummets,3
sweat,3
co-pilot,3
screams.,3
too.,3
medic,3
guy's,3
hooks,3
no!,3
lives,3
collar.,3
shit.,3
wrong,3
head),3
market,3
inert,3
deranged,3
(standing,3
image,3
fearsome,3
armor.,3
library,3
toxic,3
burn.,3
grabbing,3
retrieve,3
stairs.,3
pretty,3
engines,3
shifts,3
ancient,3
garage,3
pure,3
honey,3
exit.,3
avoiding,3
moonlight,3
you!,3
framed,3
machine.,3
day.,3
pay,3
darkened,3
hurls,3
coffee,3
throat.,3
kinda,3
terror,3
everyone,3
aircraft,3
midair,3
belltower.,3
playing,3
windows,3
later.,3
.38,3
listen,3
understand.,3
sofa,3
one's,3
monitor,3
shields,3
iron,3
disbelief,3
looters,3
practically,3
backward,3
sluice,3
laughter,3
falling,3
extraordinary,3
helplessly,3
spray,3
celebration.,3
knocked,3
fast.,3
campaign,3
vanity.,3
patrons,3
sprawls,3
moment.,3
bottom,3
raw,3
shaking,3
dollar,3
wildly.,3
unmarked,3
helpless,3
ninja,3
trigger.,3
muscles,3
saunters,3
electronic,3
always,3
canned,3
futuristic,3
flash.,3
cracks,3
bolt,3
truck,3
edition,3
dark.,3
cart,3
flesh,3
sprawled,3
package,3
insert,3
boy.,3
also,3
drags,3
eye.,3
gasps.,3
bed,3
bet,3
chrome,3
sit,3
obviously,3
improved,3
surface,3
closeup,3
corporate,3
receiver.,3
seconds.,3
dozens,3
chance,3
plunges,3
drawn,3
plunged,3
sun,3
closer.,3
current,3
amid,3
store,3
paralyzed,3
instantly,3
missing,3
slumped,3
passing,3
nobody,3
response.,3
scared,3
racing,3
thugs.,3
body.,3
flat,3
utter,3
dozen,3
well.,3
motion,3
,2
guards,2
clamps,2
daring,2
exhales,2
newspaper,2
gold,2
shouldn't,2
topcoat,2
counter.,2
obvious,2
tie,2
how's,2
tip,2
gargoyles,2
lapels,2
plexiglass,2
bloody.,2
creeps,2
weightless,2
dumps,2
explodes.,2
calibre,2
agony.,2
pipe,2
pit.,2
library.,2
haze,2
frustration.,2
come-on,2
rows,2
flicks,2
"danger,2
element,2
fly.,2
sweeping,2
nothing's,2
filling,2
streaking,2
blows,2
twists,2
dinner.,2
jacket,2
exposing,2
assume,2
stark,2
stare,2
rackets,2
'em!,2
start,2
fallen,2
illuminated,2
facade,2
sense...,2
earlier.,2
parade.,2
bedside,2
flame.,2
barely,2
squarely,2
visible.,2
living-room,2
batman!,2
created,2
formal,2
scoops,2
belly.,2
date.,2
eyebrow.,2
computerized,2
pancake,2
bodies,2
rooftops.,2
late.,2
freeze!,2
staff,2
#2,2
goggle-eyed,2
midst,2
forgotten,2
parcel,2
static,2
click.,2
final,2
transfixed,2
fluegelheim.,2
skyline.,2
applaud,2
relax,2
up!,2
length,2
grand,2
blackened,2
baby,2
up:,2
bag.,2
revealed,2
being,2
today.,2
calmed,2
pours,2
us.,2
known,2
waiters,2
shop.,2
discreet,2
use,2
rockets,2
streak,2
gents.,2
ricorso,2
tiled,2
supercar,2
male,2
26,2
examine,2
last.,2
remember,2
32,2
map.,2
releases,2
counting.,2
insane!,2
wood,2
party.,2
countdown,2
batwing.,2
scar,2
knock,2
needed,2
lord,2
mass,2
number.,2
muzzle,2
lot.,2
allie.,2
repeats,2
agonized,2
bodily,2
explosion.,2
dizzy,2
forehead,2
hovering,2
no...,2
yourself.,2
dad's,2
loud,2
portfolio,2
rushes,2
preparing,2
bays,2
squeezes,2
estate.,2
platform,2
dodging,2
winces,2
laptop,2
neat,2
leaves.,2
silence,2
people.,2
mission.,2
financier,2
swimming,2
rumbles,2
computers,2
neck,2
gunman's,2
flips,2
sprint,2
glasses.,2
sprints,2
equipment.,2
loose,2
drugged,2
recon--,2
flutters,2
gates,2
chase.,2
forty,2
insigne,2
special,2
jokey,2
supermodels.,2
catatonic.,2
jokes,2
reproduction,2
newly,2
gradually,2
shoulders.,2
forth,2
converge,2
charming,2
careens,2
asked,2
elegant,2
sharp,2
shaky,2
angles,2
spies,2
okay.,2
underneath.,2
atrium,2
chemicals,2
yes!,2
feels,2
yet.,2
features,2
voice),2
seeming,2
guns.,2
churning,2
chain-link,2
hurriedly,2
chemical.,2
rack,2
rubble.,2
difference.,2
stuck,2
fbi,2
please.,2
pretty.,2
shouldn'ta,2
stuff,2
unmistakable.,2
dice,2
did.,2
breath.,2
muffler,2
damned,2
gala,2
digs,2
gang,2
spangled,2
blowing,2
aw,2
death.,2
panel,2
fly,2
nothing.,2
scare,2
piece,2
oily,2
alert,2
digital,2
childlike,2
fingers.,2
nose.,2
totters,2
plates,2
aimed,2
somebody,2
beauty.,2
places,2
feeling,2
entry,2
involuntarily,2
dive,2
charm.,2
glass-enclosed,2
diagonal,2
bathed,2
brand,2
forks,2
frustration,2
skyscraper,2
crawls,2
nick's,2
closes,2
flower,2
see:,2
v.,2
reasonable,2
laughing.,2
anarchy,2
carnage,2
thin,2
vw,2
apron,2
swirling,2
puzzlement,2
reading,2
beyond,2
scans,2
contract,2
goons.,2
passes.,2
nervously,2
i's,2
addresses,2
scalloped,2
send,2
team.,2
skids,2
edges,2
vanishing,2
are!,2
bumps,2
are.,2
graysons,2
groans.,2
shipment,2
applause.,2
pulitzer,2
state-of-the-art,2
wrist,2
little.,2
masks,2
groping,2
suspended,2
shadows,2
hundred,2
instant,2
snaking,2
driveway,2
tonight,2
stricken,2
earlier,2
charity,2
army,2
tied,2
darting,2
all-night,2
walk,2
art.,2
marry,2
dazzled,2
ambitious.,2
ears.,2
colors,2
trapdoor.,2
charm,2
sightless,2
loyalty.,2
shoves,2
removed.,2
weight,2
ready.,2
inherited.,2
effort,2
good.,2
thing.,2
yet,2
bedroom.,2
panicked,2
vicki!,2
stationed,2
grayson.,2
smart,2
tire,2
lays,2
(pause;,2
bruises,2
twice,2
hopelessly,2
monstrous,2
lurch,2
rumbling,2
drug-tipped,2
corpse,2
blast,2
restored,2
ignores,2
it...,2
wayne:,2
question.,2
exposed,2
waynes,2
reappears,2
ask.,2
bone-white,2
bell,2
snakes,2
headed,2
bent,2
trigger,2
looming,2
passersby,2
rotate,2
bat's,2
offscreen,2
friends,2
softly,2
problems,2
blinking,2
surveys,2
cheeks.,2
rubs,2
address.,2
dollars.,2
impressive,2
shocked,2
music.,2
theatre,2
underdog,2
cabinets.,2
impulse,2
fact,2
command:,2
looks.,2
reaction,2
cross-legged,2
actually,2
spike,2
mercifully,2
keys.,2
gone.,2
extends,2
pinned,2
skyscraper.,2
below.,2
intact.,2
anchorman,2
safety,2
dresses,2
underneath,2
tracked,2
emcee,2
afraid.,2
dealers.,2
gut.,2
runs.,2
fumes.,2
altogether.,2
squeal.,2
gush,2
cavern.,2
week.,2
shaken,2
alicia),2
bleached,2
pool,2
pearls,2
control.,2
living.,2
we'd,2
pass.,2
it;,2
fast,2
pops,2
citizens,2
nine,2
controls,2
wrapping,2
happened.,2
trapezes,2
miles,2
undo,2
strikes,2
knows.,2
preoccupied,2
drained,2
powerful,2
hands.,2
fifteen,2
point.,2
reason,2
products.,2
shopping,2
jaw,2
belfry.,2
worth,2
popular,2
challenging,2
fbi.,2
flaming,2
freezes.,2
longer,2
colleagues,2
forward),2
grip.,2
wide-eyed,2
inside.,2
steps.,2
spirals,2
sprawling,2
guard,2
criminals,2
copter.,2
leers,2
deodorant,2
(laughing,2
glimpse,2
joy,2
me...,2
face...,2
gaining,2
fits.,2
ornate,2
astonishing,2
plans,2
gauntlet,2
customers,2
sixty,2
words,2
shut.,2
rooms,2
nearest,2
shouts,2
view.,2
tires,2
word.,2
lunch.,2
lucky,2
part.,2
trained,2
ruckus,2
tunnel,2
sick,2
talons,2
join,2
saying.,2
rears,2
hello,2
alive,2
pursuit,2
freaks,2
bats.,2
knees,2
pauses,2
artist.,2
bat-signal.,2
floats,2
belongs,2
kane,2
decent,2
glass.,2
earth,2
work.,2
raises,2
him:,2
him),2
catwalks,2
officials.,2
silent,2
loads,2
fourth,2
blowups,2
available,2
dumping,2
sink,2
especially,2
sing,2
hit.,2
flapping,2
bounces,2
sighs,2
collar,2
drivers,2
wear,2
seeing,2
lean,2
rinsed,2
intersection.,2
driver.,2
black-caped,2
justice,2
lights.,2
leg.,2
reads,2
hiya,2
worse.,2
block.,2
extracts,2
characters,2
forensics,2
wheels,2
wheel.,2
nowhere,2
realized,2
explosion,2
loved,2
went,2
crazy,2
orders,2
him!!,2
town.,2
matter,2
walls,2
product,2
listen:,2
heard.,2
grisly,2
less,2
wound,2
lining,2
gotten,2
adviser,2
cares,2
pace,2
(o.s.),2
thirty,2
boardroom.,2
splinters,2
fashion,2
smell,2
unable,2
shrieks,2
ballroom,2
wreckage,2
pain,2
yellow-and-black,2
paid,2
downward.,2
recoil,2
cackle,2
catwalks.,2
god's,2
fellow,2
moon.,2
radio),2
husband,2
terror.,2
ear.,2
launches,2
minute.,2
ears,2
pats,2
fiery,2
grotesque,2
easy,2
whose,2
outta,2
inch,2
crumples.,2
knockout,2
jesus,2
mad,2
about.,2
terribly,2
twitching,2
terrible,2
me:,2
feed,2
millionaire,2
physical,2
exactly,2
"bruce,2
gotham!,2
onlookers.,2
crash,2
poll.,2
character,2
beaten,2
pillar,2
hasn't,2
sleep.,2
roughly,2
suitcase,2
women.,2
crap.,2
proper,2
enter.,2
tonight.,2
patrol,2
recently,2
snicker.,2
seats.,2
eyeing,2
left.,2
'lady,2
cutting,2
prepared,2
expecting,2
unveiling,2
chum.,2
army.,2
sludge,2
allie,2
swarm,2
alleyway.,2
saved,2
cruiser,2
returns,2
blindfolded,2
emerge,2
sweet,2
slap,2
jerking,2
ride,2
responsible,2
drifting,2
scissors,2
family,2
machinery.,2
darkness,2
tone,2
pouring,2
microphone:,2
swell,2
decorated,2
squirming,2
catching,2
heated,2
torn,2
reaching,2
frantically,2
floors,2
wallet.,2
one-handed,2
where's,2
(hesitantly),2
builds,2
pearl,2
slow,2
rotten,2
automatically,2
silly,2
houses,2
(over,2
drop.,2
yards,2
swoops,2
hidden,2
color,2
house.,2
something.,2
bruce!!,2
rise,2
mascara,2
pursuit.,2
contorted,2
catch,2
ladies,2
direct,2
cards.,2
shirt,2
tangle,2
relaxes,2
disbelief.,2
here!,2
approaches,2
uses,2
bring,2
corrugated,2
napier...,2
rounding,2
museum.,2
martha's,2
stairs,2
girls,2
chairs,2
manor.,2
(turning,2
hauls,2
girl.,2
random,2
kept,2
quaking,2
lunatic,2
dispatcher,2
flames.,2
lower,2
complex.,2
fumbles,2
draw,2
beckoning.,2
d.a.,2
gliding,2
pool.,2
brick,2
pandemonium,2
'thank,2
grabbed,2
breaking,2
gotta,2
laughter.,2
frenzy.,2
conference,2
cabin,2
tanks,2
lick,2
details,2
upright,2
emits,2
cold,2
smoke.,2
itself.,2
convoy,2
leather,2
they'll,2
cockpit.,2
johnny,2
(the,2
case.,2
draped,2
drug,2
dick.,2
intrudes:,2
blow,2
climbing,2
cord,2
dazzling,2
note,2
riding,2
robin,2
you',2
limp,2
aims,2
limo,2
chatting,2
wild,2
goddammit,2
remote,2
hurt.,2
costumed,2
headline,2
wipe,2
finally:,2
chill,2
(shaking,2
roaring,2
pal,2
conversation,2
(long,2
remove,2
jimmy.,2
strands,2
devised.,2
doll's,2
hubbub,2
tainted,2
button.,2
them...,2
convulsively,2
attributed,2
peel,2
charred,2
manner,2
members,2
pit,2
stock,2
jammed,2
mahogany,2
snow,2
agape,2
wailing,2
hysterical,2
italian,2
despite,2
groan,2
liberty,2
recognize,2
peephole,2
feeling.,2
giving,2
pop,2
window.,2
excuse,2
must've,2
escape,2
gives,2
shaping,2
startling,2
free.,2
continue,2
offers,2
given,2
disappears,2
exaggerated,2
mirrored,2
pipes,2
.22,2
medics,2
allie!!,2
tray,2
notorious,2
grown,2
forty-foot,2
stomach,2
consider,2
group,2
tree,2
absolutely,2
forearm,2
applying,2
kitchen.,2
brushes,2
seat.,2
skyline,2
arched,2
trail,2
hustles,2
rich.,2
screaming.,2
joker!,2
winged,2
restraining,2
reflex,2
home,2
soon,2
tables,2
hook,2
"the,2
blowtorch,2
cream,2
underground,2
answer.,2
dives,2
nestled,2
great.,2
return,2
wife.,2
bottomless,2
cables,2
film,2
trash,2
horn,2
leaning,2
true,2
glow,2
technicians,2
phones,2
paneled,2
execution,2
overturned,2
fence,2
scream,2
taxi,2
howl,2
dunno.,2
prominent,2
ultralight,2
plants,2
bewilderment,2
(shouting),2
want.,2
kills,2
scheduled,2
rubble,2
grimaces,2
first.,2
anonymous,2
cannot,2
bizarre,2
chamber,2
struggles,2
collision,2
covered,2
trace,2
setting,2
southern,2
ringing,2
rolling,2
pulled,2
shrugs,2
steadies,2
photo,2
package.,2
swing,2
calling,2
tourists,2
racketeer,2
act,2
transmission,2
peacefully,2
scrambling,2
laser,2
four-foot,2
crap,2
truth,2
slightly.,2
cabs,2
caption,2
years,2
somersault,2
batman...,2
spear,2
hair.,2
bobs,2
"gotham,2
duke,2
breathes,2
though.,2
swirl,2
tuned,2
collapse,2
anywhere,2
lightning,2
stuffs,2
favor.,2
corruption,2
pockets,2
sailboats.,2
boy's,2
can.,2
ask,2
stalks,2
bomb,2
cans,2
pocket.,2
clippings,2
elevator.,2
kicking,2
anyway.,2
boot,2
car!,2
target,2
tunnel.,2
it'll,2
downtown,2
above.,2
carmine,2
feminine,2
copters.,2
heels,2
swerves,2
sad,2
nylon,2
box.,2
spread,2
heights,2
bad,2
kiss,2
ladder.,2
applause,2
hesitation,2
deal,2
strong,2
deaf,2
machine-gun,2
dear,2
beauty,2
clears,2
eyebrow,2
chuckles,2
peers,2
bit,2
mph.,2
thrown,2
sipping,2
singing.,2
mental,2
switch,2
wrought-iron,2
harlequin's,2
crash.,2
puckered,2
paint,2
intercut,2
horse,2
corpses.,2
extended,2
pain.,2
plainly,2
"closed",2
story,2
booth.,2
stop.,2
180,2
gobs,2
inches,2
roar,2
slices,2
suggest,2
screen:,2
tap,2
argument.,2
alarm,2
response,2
cancel,1
plumes,1
abrupt,1
panic:,1
salary,1
pretend,1
inflatable,1
photographers,1
drunk,1
cranking,1
90-degree,1
storefront.,1
shrieking,1
conceal,1
click,1
acne-scarred,1
that...,1
triple,1
drums,1
baby's,1
100%,1
fearless,1
crunching,1
imbedded,1
barricade,1
overtaking,1
e,1
(stopping,1
hamm,1
salvos.,1
terminals.,1
blast.,1
square.,1
halt,1
bubbling,1
pileup.,1
nipon,1
don't.,1
rubberneckers,1
besides,1
serious,1
delivering,1
quarter.,1
puddles,1
off!,1
walked,1
aside,1
gorgeous,1
trust.,1
newly-lit,1
sap-,1
adrift,1
root,1
storefronts,1
projection,1
celebrities.,1
ringing.,1
punch.,1
gosh,1
gotham'...,1
dummy,1
indelibly,1
dump!,1
short.,1
camera),1
hate,1
order,1
pressed,1
instant...,1
gore,1
before-and-,1
bespectacled,1
lapel.,1
magnetic.,1
pellet,1
cautiously),1
stagger,1
obvious:,1
bothering,1
unforgettable,1
should've,1
cards.",1
tor,1
outage.,1
unreachable.,1
own.,1
magnetized,1
jagged,1
famous,1
pimp,1
cautiously.,1
market.,1
spotlight.,1
thousand,1
experiment.,1
converging.,1
scrolls,1
unfurls,1
owns,1
confidentially,1
tilting,1
sneaks,1
initials,1
somebody's,1
unendurable.,1
plenty,1
started.,1
gout,1
comment.,1
spotlights,1
became,1
chicken,1
uniform...,1
(tossing,1
clearly.,1
times,1
cowering,1
tiptoeing,1
porcine,1
decorations.,1
fistful,1
distended,1
tv.,1
indecisive,1
stable,1
cord.,1
harness,1
unfamiliar,1
directing,1
stubbly,1
tub,1
chickenshit.,1
concert,1
worked,1
etched,1
accuses,1
state,1
headlights.,1
red-jacketed,1
dissolving.,1
swells,1
cue,1
wails...,1
creating,1
cup,1
monitors,1
margin.,1
monitor:,1
messages.,1
weekend.,1
flugelheim.,1
fury.,1
shattering,1
flashlight,1
bitterly),1
occurred,1
oval...,1
passenger's,1
(his,1
six-foot,1
almost.,1
stench.,1
clips,1
widen),1
someplace,1
glare,1
half-block,1
widen.,1
dying,1
paying,1
flamboyantly,1
reflection,1
28.,1
sabrett's,1
polymer,1
before.,1
29.,1
chilling,1
heat-seeking,1
closeup.,1
widens,1
shore,1
plate-,1
'em.,1
stumbled,1
leaving.,1
stylish,1
ominously,1
awed.,1
downward,1
(waving,1
ninety,1
unholy,1
coats,1
break-in.,1
filth!...,1
specifically,1
enter,1
poses.,1
shooting.,1
convincing,1
hour.,1
weeps;,1
(snidely),1
telescopes,1
eyebrows,1
suits.,1
tonic,1
apprehensively,1
planned,1
trails,1
unknown,1
gracious,1
mildly,1
motionless,1
chrome-and-glass,1
twitch,1
wallet,1
flame!,1
doing.,1
ante,1
clink,1
evading,1
randomly,1
ships.,1
compact,1
friendly,1
cluttered,1
manila,1
suspiciously,1
who'll,1
pointing,1
batman),1
speeds,1
"mister,1
uncertain.,1
artwork,1
fainting.,1
fried,1
vain.,1
gravesite.,1
pierced,1
point-blank,1
half-,1
tilts,1
truck!,1
somber,1
beaming,1
sixteen,1
exotic,1
hinges,1
heaving,1
threads,1
calculations.,1
confession,1
demands,1
stack,1
electronics,1
siren,1
iacocca.,1
matrons,1
stunning,1
engraved,1
gagged,1
ingres,1
gangland,1
(turning),1
scanner,1
ahhh.,1
shipment.,1
apparition,1
crookedly,1
carefully,1
banks,1
impact,1
coyness,1
flagpole.,1
grimaces.,1
resounding,1
1100,1
average,1
shit!!,1
bounding,1
grasp,1
grass,1
unlike,1
hotel,1
deadline,1
target...,1
terminal:,1
#1,1
fine.,1
"a,1
quarter,1
dig,1
executed.,1
upping,1
dim,1
dangerously,1
(testily),1
embrace.,1
glinting,1
upstairs.,1
exits.,1
highway,1
clean...,1
leathery,1
pulsing,1
possibly,1
maniacally,1
bangs,1
face!!,1
braided,1
distract,1
outfitted,1
overwhelmed,1
"v.v.",1
pound,1
ignore,1
blinded,1
know!,1
bad.,1
priest,1
patio.,1
brinkley,1
conceals,1
up;,1
apart.,1
cylindrical,1
helping,1
knox),1
atrium.,1
cornball,1
menacingly.,1
pitch,1
'i,1
eggshell.,1
one-nighter.",1
lobs,1
everyone.,1
kamikaze,1
stall,1
hoping,1
contents,1
exceptions.,1
interval,1
maniac,1
dog,1
yum.,1
operates,1
bags,1
extraneous,1
gently-inclined,1
dow,1
like.,1
stream,1
brit,1
radio-operated,1
dr.,1
cigarette,1
palm.,1
bridge.,1
cobwebs.,1
(scanning,1
urn,1
30.,1
distraught.,1
impotent.,1
widest,1
crouched,1
adjustments,1
mouthpiece,1
arrangement,1
peering,1
death...,1
credit,1
b.g.,1
likes,1
fern-,1
bulletproof,1
smylenol!,1
bullet-riddled,1
tantrum.,1
reclusive.,1
ball,1
napkin,1
bald,1
mounds,1
storeroom,1
cups,1
weight.,1
opposed,1
walls:,1
nostril.,1
reservoir.",1
chessplayer,1
devoid,1
cut.,1
ground!,1
happier,1
mask...,1
whining,1
brow,1
"bruce",1
band,1
volkswagen,1
11,1
arsenal.,1
divergent,1
17,1
unique,1
furtive,1
volumes.,1
impatiently,1
man",1
20,1
impressed.,1
25,1
research.,1
xeroxed,1
workers,1
shucks,1
mans,1
bat!,1
treat,1
walkie-,1
sever,1
jokers.,1
batwing!,1
dropping,1
redundant.,1
reemerges,1
wont,1
seedy,1
mrs.,1
murdered,1
nuts,1
abruptly.,1
driverless,1
60,1
batwing:,1
(frantically),1
tree.,1
recording,1
unsuspectingly,1
jim.,1
adrenalin,1
twit,1
70,1
72,1
evildoers,1
79,1
winning,1
mary,1
he'd,1
gulps.,1
trayful,1
layout,1
batwings,1
step,1
disgust,1
peanuts,1
thoroughfare,1
seeps,1
reitz's,1
antiques,1
preliminary,1
spiderwebbed,1
beautification.,1
tinted,1
lingers,1
word,1
sees:,1
bay;,1
identity,1
pretends,1
ed.,1
lots,1
concert.,1
juicy,1
back!!,1
existence,1
cloud.,1
prettily,1
thinned,1
desolate,1
seen.,1
america's,1
sharply.,1
whacks,1
petrifying...,1
weaves,1
relief.,1
goodbye),1
dashboard.,1
estate:,1
freedom.,1
anteroom,1
peanut.,1
walking,1
rose-covered,1
automatic.,1
stolen,1
deterioration.,1
visitor.,1
rioting,1
year,1
staying,1
donnas,1
pedestrians.,1
whisper:,1
microfilm,1
visual,1
near,1
victims,1
happen.,1
moaning.,1
brand.,1
packet,1
x.",1
incomprehension.,1
van!!,1
horse;,1
horse.,1
howls,1
boston,1
fair.,1
needs.,1
surroundings.,1
least,1
immediately,1
oval.,1
exception:,1
representing,1
stunt,1
wraith,1
rounds,1
addressing,1
cocky,1
taxis,1
"heard",1
to...,1
official,1
caked,1
line!,1
spring,1
computer.,1
cakes,1
loot.,1
sweetheart.,1
rumors.,1
collide,1
plop.,1
underworld,1
crawling,1
hardly,1
implacably,1
sleeping,1
desperately,1
snarling,1
strand,1
strap.,1
packed,1
grave;,1
slippers,1
exhibitions.,1
cheerily,1
kicks,1
progressive,1
flinches,1
roomful,1
slightly,1
right-,1
tried,1
shoulders),1
explode,1
gate.,1
splitting,1
laws.,1
roll:,1
apes,1
frankenstein.,1
seventh,1
queen.,1
lady...,1
stashed,1
(shrugging),1
vu.,1
(strutting,1
candles.,1
ravaged,1
done.,1
thoroughly,1
allie...,1
plops,1
shaken.,1
career.,1
awfully,1
weapon.,1
news.,1
spice,1
mexican,1
naked,1
dwellers,1
dream-,1
dreamlike,1
#2),1
regalia,1
driving,1
activate,1
amusement,1
edgy.,1
shits.",1
elderly,1
financial,1
raced,1
turn.,1
carpet.,1
dreamy,1
mugging,1
credits,1
eve,1
tousle,1
gushes,1
peppers,1
pencil,1
wrapper.,1
pounding,1
yep.,1
ends.,1
chord,1
appetite,1
news:,1
pre-verbal,1
broken.,1
clipping,1
farther,1
maintain,1
shine.,1
pounds,1
pierrot,1
remain,1
ratcheted,1
rewinds.,1
envelope,1
ricorso's,1
glaring,1
shines,1
sizing,1
simultaneous,1
guarantee,1
remain.,1
agitated),1
harbor...,1
calling.,1
insane,1
ducked,1
stethoscope,1
cemetery,1
agitated.,1
triumph,1
mcelroy.,1
fact...,1
two-shot:,1
classic,1
retract,1
grab,1
battered,1
charts,1
wealthy,1
administration,1
significantly:,1
remains,1
arriving,1
horrifically,1
counterpart,1
greenish,1
you!!,1
huh.,1
rasp),1
nonchalance,1
blares,1
embarrassing,1
leads,1
razor.,1
silent.,1
snatch,1
shit...,1
insanely),1
central,1
insanely.,1
portico,1
bewilderment.,1
supporting,1
voice:,1
wax,1
leafs,1
clock.,1
blare.,1
raft,1
taxes,1
lowers,1
issues,1
stubs,1
blowguns.,1
plan,1
double,1
spurts,1
suicide,1
aisle.,1
cartons.,1
favors.,1
uncontrollably,1
sallow.,1
two-block,1
comfortable,1
future.,1
completely,1
necktie,1
dime.,1
look.,1
test.,1
gain,1
supermarket,1
wee,1
flustered,1
dial,1
unbuckling,1
grip,1
eyelids,1
loathesome,1
staggering,1
criticize,1
grid,1
rage,1
sides,1
screws,1
left-hand,1
gunk.,1
die.,1
section,1
drink.,1
me!!,1
broker.,1
drink),1
war-torn,1
rain,1
gruesome,1
rail,1
lifeless,1
opened,1
matter.,1
lilies,1
please!,1
hung,1
choked,1
childishly,1
raid,1
clown's,1
unveil,1
one-eyed,1
died,1
prize-,1
"civilized.",1
experimentation.',1
mauves.,1
walkways,1
while.,1
leans,1
image...,1
sculpted,1
glowers,1
politico,1
rant,1
darkness...,1
fit,1
stories;,1
cover.,1
husk,1
fix,1
gents,1
'ddid,1
honest,1
addition,1
rams,1
ad,1
thankya,1
break-in,1
former,1
interpretation,1
sick.,1
simultaneously,1
payroll,1
reminder.,1
d',1
gas.,1
raps,1
aground,1
freaks",1
bellies,1
death-,1
gas!,1
are...,1
doubt.,1
adobe,1
food,1
tropical,1
something's,1
scrawled,1
mannered...,1
folks.,1
gape,1
nonchalant.,1
sensation...,1
nose:,1
gasp,1
e.t.a.,1
bat-drag.,1
napier's,1
book-lined,1
corpses,1
dome.,1
gash,1
coastline,1
inexplicable,1
tumbles,1
wants:,1
crimelords,1
gas:,1
for.,1
side-by-side,1
amnesty...,1
inexplicably,1
limb.,1
"in,1
celebration.",1
claire's,1
jacob's,1
"it,1
rate,1
pattern.,1
bingo!,1
bingo.,1
rash,1
ha,1
feather,1
hits.,1
hm,1
shushes,1
whir.,1
claustrophobia.,1
reagan.,1
foul,1
relationships,1
zing,1
appeared,1
else,1
"la,1
easily,1
presents.,1
costumes:,1
gawk,1
violently,1
stars.,1
likely,1
jet-black,1
hustlers,1
glints,1
photo.,1
distraction,1
flesh-toned,1
alfred's,1
rigged.,1
buttons.,1
annoying,1
become,1
noses,1
photo:,1
eagerness,1
majestic,1
extraordinarily,1
bird's-eye,1
bosses,1
splitscreen,1
pointy-eared,1
tuxedoed,1
delight,1
knew,1
suggestion,1
wilts,1
avenue!,1
wooded,1
poses...,1
topological,1
boys.,1
conscious,1
attache,1
fur,1
pants,1
placid,1
political,1
sea.,1
scrawls,1
skirt,1
limit,1
locked,1
mm,1
dirt,1
husband-and-wife,1
dream,1
rushing,1
disc,1
plug,1
brick.,1
treads,1
underarm,1
dunno,1
seal,1
seam,1
pausing,1
ducks.,1
rescue,1
sports,1
halt.,1
elegantly,1
guardians,1
manipulating,1
kisses,1
easier,1
open-mouthed,1
impeccably,1
salad.,1
see.,1
tongues,1
inevitably,1
heck,1
clever,1
hundreds,1
"to,1
pique.,1
welder's,1
piqued,1
abortionist,1
lipstick.,1
attorney,1
wander,1
bridge,1
belly,1
stopped.,1
unendurable,1
swarming,1
seek,1
defying,1
tongue.,1
thoughtful.,1
compelled,1
belle,1
proportions.,1
snags,1
executes,1
closet,1
beacon.,1
boomerang,1
depressingly,1
closed,1
thinkin':,1
hyperkinetically,1
underbrush,1
cheapskates!,1
ruled,1
w.,1
embracing,1
name...,1
purchases,1
x!,1
reasonably,1
beacons,1
vi,1
lady.,1
doors.,1
changes,1
gag,1
animated-cartoon,1
clearance.",1
(momentarily,1
slight,1
tumultuous,1
swaggered,1
squeaking,1
planting,1
veers,1
cartoon:,1
dumbfounded,1
courts,1
wreckage.,1
company.,1
deeply,1
proof,1
capsules,1
surrounding,1
conclude,1
reeling,1
props,1
undisguised,1
alicia's.,1
force,1
pivots.,1
unamused.,1
barbed,1
missed.,1
exhilarated.,1
capsule.,1
snaps,1
accidentally.,1
don't...,1
lighter.,1
idling,1
help,1
registers.,1
hatred.,1
serious.,1
grissom...,1
sales,1
create,1
welcoming,1
criminal,1
her!,1
skid.,1
brown-paper,1
challenge.,1
full-face,1
tossing,1
proud,1
stranded,1
frantically.,1
lockstep,1
nightmare,1
sent,1
insulation,1
edge.,1
tar-and-gravel,1
ducking,1
addressed,1
grunt.,1
purpose,1
snake,1
odalisque.,1
gin,1
station,1
bathrobe,1
follow,1
ensemble.,1
washing,1
her:,1
skies,1
ounce,1
team),1
sight.,1
sight:,1
different.,1
standoff.,1
1977.',1
law'n'order,1
arc.,1
replies,1
wriggles,1
go!,1
set.,1
recognizes,1
millionaires,1
bubbles,1
go),1
patrolman.,1
currents,1
mechanism.,1
maelstrom,1
headset.,1
aaah,1
lab.,1
discovery.,1
morgue,1
yours,1
minutes.,1
goo,1
rider.,1
"while,1
quoting.,1
dapper,1
inscription:,1
area,1
quick!,1
murder,1
neglected,1
(thoughtful,1
cordoned-off,1
hey!,1
leafing,1
styrofoam,1
40000,1
slow.,1
gasoline,1
you-know-what,1
paintings,1
mobile,1
negotiations,1
halfway,1
portrait,1
(into,1
periphery:,1
makeover.,1
stretchers,1
disconsolate,1
t-shirt,1
nine-million-dollar,1
archways,1
offense,1
considered,1
delivered,1
dopey,1
entire,1
approach,1
expectantly.,1
braces,1
curling,1
passengers,1
gazette.,1
picnic,1
(staring,1
ruptured,1
appearing,1
vitally,1
queen,1
hydraulically,1
backhands,1
glee.,1
wail,1
arm),1
handkerchief,1
laid,1
gothic,1
bodyguard,1
worrying,1
opportunities,1
sighting.,1
artworks,1
cockily,1
philly:,1
tabloid,1
approaching.,1
supernatural,1
suits,1
hacking,1
wake,1
sneak,1
remember.,1
bat-signal,1
suddenly...,1
tie.,1
gadgetry.,1
basin,1
tick,1
amplifiers,1
october,1
lake,1
weeks.,1
lap.,1
defacing,1
archway.,1
lips.,1
reconsider.,1
busy,1
convey,1
looting.,1
cranes,1
technologies.,1
lord!,1
dexterity,1
pebble,1
bracketed,1
'bout,1
furtively.,1
unidentified,1
laps,1
crowds,1
clown-faced,1
crushed.,1
maces.,1
four.,1
swathed,1
bath!,1
welcome,1
unleashes,1
germs,1
parents!,1
grocer's,1
parents',1
generators,1
(emphatically),1
jolt.,1
gordon!,1
ha!,1
hitting,1
raving,1
chase,1
placecard,1
parents.,1
chasm,1
nods.,1
uneasily,1
waist-deep,1
sound.,1
ghosts,1
chat.,1
powerless,1
screenplay,1
hitched,1
handsome.,1
off-key,1
"monarch,1
end.,1
brush,1
extruders,1
soon.",1
nonplussed,1
trapped,1
bloodless,1
luminous,1
huddle.,1
scum!,1
straight.,1
"sugar,1
tip.,1
showdown,1
bigwig.,1
dried,1
settling,1
weapon,1
ends,1
steady,1
early,1
junk.,1
technician,1
aroused,1
wheeled,1
instantly;,1
valuable.,1
aimlessly,1
instantly.,1
tips,1
stoops,1
painting.,1
candlelight,1
dinosaur,1
dervish,1
floral,1
high-,1
8x10's:,1
swoon,1
bowels,1
with...,1
casings,1
wax.,1
fists,1
mom's,1
she'd,1
clean-cut,1
layer,1
tourist,1
warily,1
weekend-long,1
editor,1
jerks.,1
tennis,1
chat,1
staff.,1
windows.,1
duster,1
bear,1
tasty.,1
resist,1
instinctively,1
miller...,1
history,1
searing,1
strong.,1
psycho,1
wives.,1
shuddering,1
yo.,1
vicki:,1
sprout,1
crowded,1
ferret,1
demolition.,1
lewis-style,1
advance,1
him...,1
appreciate,1
killer,1
churn.,1
subject.,1
unspecified,1
hellish,1
sometimes...,1
stupid.,1
shells...,1
gaunt,1
basins.,1
secluded,1
organ,1
eyeliner,1
meanest,1
liquor,1
characteristic,1
interior,1
seventies.,1
assembly,1
blare,1
step.,1
dragged,1
deafening,1
undeniably,1
reservoir.,1
12-inch,1
(throwing,1
hood's,1
enjoying,1
reply,1
vanish,1
afterthought,1
ingredients...,1
grant.,1
count,1
walkie-talkie,1
tube.,1
eerily,1
tear-stained,1
companies.,1
yum,1
sometime.,1
heads!,1
shameful,1
bloody,1
notice,1
rambling,1
fifteen-year-old,1
swords...,1
hatch.,1
mannequins,1
winks,1
vale.",1
canvas.,1
openly.,1
envy,1
repulsed,1
glued,1
excitement.,1
subterranean,1
bend,1
daily.,1
barks,1
gleefully,1
discreetly,1
acting,1
shield,1
bullets.,1
instantaneous,1
slinky,1
mirrored-glass,1
directly:,1
fire!,1
abstracts,1
smack,1
slyly:,1
cruelly,1
playfully,1
blam.,1
radar,1
kids.,1
786,1
vastness,1
atrocities.,1
concerned,1
engulf,1
envious,1
chum,1
moisturizing,1
emblem,1
sooner,1
next.,1
post-mortem,1
forges,1
present,1
asbestos,1
rooftops,1
tunic...,1
rooted,1
genuine,1
bulb.,1
mesh,1
certainly,1
met.,1
dollars',1
cackling),1
belowdecks,1
strength.,1
intensely,1
feared,1
ï»?,1
dissolved,1
maneuverable,1
based,1
pointer,1
backdrop,1
stage),1
traffic.,1
celebrants,1
stage.,1
"cheap,1
respectable,1
waves.,1
spire,1
everybody.,1
unnatural,1
jubilant,1
reactions,1
bulletin,1
police!,1
instinct,1
picture.,1
eckhardt!!,1
(obviously,1
police.,1
self-generating,1
tummyache,1
commands,1
gauze,1
impatient,1
spin.,1
spill,1
elected,1
laboratory,1
blusher,1
r.e.m.,1
manifests.,1
spring-action,1
overpass.,1
jumped,1
wall...,1
byline,1
comrades.,1
glares,1
forklift,1
calculating,1
below!,1
restaurants.,1
burst.,1
scissors.,1
disgust.,1
superimposed,1
imaginary,1
forgot.,1
knife.,1
erupted,1
rung,1
tingle,1
stepping,1
layouts,1
ii.,1
hand-scrawled,1
ratty,1
phenomenal,1
streams.,1
zit,1
kitty.,1
kind).,1
filing,1
which...,1
run.,1
paint.,1
breakfast,1
wing.,1
wink.,1
church,1
fro;,1
blaze,1
finishes,1
drawer.,1
flurry,1
air...,1
popcorn...,1
white-collar,1
chest:,1
vick.,1
horrifically.,1
financially.,1
load.",1
goodies...,1
vick!,1
resolves,1
tourists.,1
natural.,1
in:,1
world...,1
in;,1
bedlam.,1
handiwork.,1
clawing,1
steak,1
far!,1
ashtray,1
onstage:,1
starving.,1
up!!,1
winds,1
far.,1
shields.,1
camouflage,1
listening,1
fans,1
newsstand,1
traumatized.,1
worthless,1
enforcer,1
creeping,1
stages,1
aptly,1
winch,1
grids,1
unconscious.,1
pass;,1
alicia!,1
ashamed,1
lenses,1
virtually,1
ace.,1
(nodding,1
apparition.,1
past:,1
1982-1987.",1
jack...,1
unrelenting,1
gingerly.,1
gags.,1
bone.,1
grating,1
accelerates,1
aces,1
bolted,1
thailand.,1
daintily,1
rural,1
mile.,1
following.,1
blonde,1
paroxysm,1
iv.,1
businesslike,1
tantrum,1
rest.,1
article,1
happened!,1
staying.,1
slack.,1
billy,1
production,1
searching,1
cigarette.,1
paste,1
anchors,1
monarch,1
pasta,1
bills,1
surveillance,1
interesting.,1
productive.,1
trapeze.,1
'preoccupied',1
(laughing),1
jeweler's,1
nooooo!!!,1
pov:,1
frizzy.,1
enjoyed,1
slouches,1
debris,1
cornered,1
boarded,1
center:,1
happily,1
partial,1
luscious,1
father's,1
kelly,1
courage,1
dazed,1
maniacal,1
lashes,1
cryptic,1
aboard.,1
sadly.,1
satisfaction,1
impact.,1
smashes,1
rigoletto.,1
pictures.,1
atop,1
sealing,1
copies,1
prongs,1
awakens.,1
mister,1
problems.,1
border,1
read,1
off...,1
wrong.,1
warning:,1
rotor.,1
unit,1
makeover,1
manicured.,1
hands),1
crap...,1
oncamera,1
disappoint,1
today,1
saying,1
"you're,1
(petulantly),1
deliberately,1
unsigned,1
slabs,1
easels.,1
high-speed,1
jab,1
acts,1
erect,1
minds.,1
take.,1
jam,1
cape.,1
thanksgiving's,1
goodness,1
tampering.,1
completed,1
moored,1
score.,1
waterfront,1
grits,1
imitating,1
tallest,1
moonless,1
unrehearsed,1
refinery.,1
frowns.,1
acquire,1
visionary,1
sheaf,1
course.,1
wrinkle,1
shit,1
deranged.,1
difficult.,1
fabulous,1
scatter.,1
grips,1
musters,1
debate,1
pimp's,1
leaking,1
worry,1
courses,1
typewriters.,1
vaulting,1
flattering,1
ballsiest,1
telephone,1
sync,1
watched,1
everywhere,1
puppet.,1
forward.,1
councilman,1
cautious,1
disappear,1
aerialist's,1
shirt.,1
chimps,1
wail.,1
outrageous,1
shoe,1
grimy,1
photograph.,1
christened,1
fangs,1
grip),1
photo...,1
bolts.,1
howls.,1
penny,1
delicate,1
whistling,1
bounce,1
rent,1
bottle.,1
bouncy,1
gent,1
squealing,1
invitation.,1
away...,1
accelerator,1
waits,1
buzzer,1
hollow,1
upholstered,1
precariously,1
grin.,1
guard's,1
harry,1
harsh,1
mysteriously.,1
photos),1
loss.,1
splintered,1
rouses,1
bleak,1
pressing,1
soaring,1
cigar.,1
warping,1
back...,1
units!,1
marshal.,1
anywhere!,1
giggle,1
drugstore.,1
get:,1
below!!!,1
undead,1
videotape,1
over!,1
roused,1
exceptionally,1
focusses,1
domesticity,1
important,1
over;,1
phrase,1
flagstone,1
ropes,1
buckles.,1
pretending,1
terrify,1
speech.,1
roped,1
imitation,1
succession.,1
bandages,1
democrats',1
rinse,1
adds,1
wait.,1
shock.,1
freeze-frame,1
brand...,1
stupid,1
projects,1
lugs,1
perpetual,1
source.,1
mi--,1
teeth),1
offer,1
mouth.,1
audience.,1
missiles,1
hookers,1
finesse.,1
reconstructive,1
moistens,1
consults,1
balloon.,1
time!!,1
escape...,1
treatment.,1
stained,1
smiles.,1
cans.,1
blaring.,1
underway,1
national,1
crews.,1
hooker.,1
plummet,1
campaign.,1
boutonniere,1
transmissions.,1
glowing,1
inhales,1
crazy-boy,1
leaping,1
jut,1
lair.,1
spiraling,1
apologetically,1
sign.,1
contact,1
searches,1
genius.,1
word:,1
twice.,1
western,1
poleaxed.,1
mike),1
mutiny.,1
mike.,1
balloons.,1
salute,1
room),1
switch...,1
false,1
shields!!,1
dinner,1
corridor,1
expert,1
arm's,1
(smirking),1
root!,1
there'd,1
freak.,1
costume,1
impatiently.,1
profusely,1
play.,1
director,1
vain,1
assembling,1
autos,1
ordinary,1
olympic-sized,1
filament,1
merge.,1
john,1
underworld.,1
straightens,1
eckhardt...,1
fireworks!,1
gear:,1
misses,1
glumly,1
promo.,1
float.,1
drips,1
hell!,1
joke,1
fireworks.,1
hell.,1
(knocking,1
married,1
way...,1
1956-1987.",1
sigh,1
auto,1
back!,1
pot-shot,1
bumps.",1
computers.,1
split,1
bolas.,1
money-covered,1
goon.,1
sell.,1
champagne,1
"honeysuckle,1
high-denomination,1
panic's,1
reporter.,1
unnerved,1
descends,1
pokes,1
gear.,1
wiggles,1
poker,1
(grasping,1
attached,1
graffiti,1
parents,1
candy,1
glass!,1
affections.,1
astounding,1
fall.,1
loses,1
glass:,1
forces.,1
consumer,1
pillows.,1
console,1
plays,1
blocks!,1
there!,1
bolts,1
cross,1
editions,1
decrepit,1
desk...,1
stumble,1
blades,1
armless,1
threatening,1
somewhere,1
outburst.,1
what'd,1
cripple.,1
hurricane,1
suffuses,1
zigzag,1
stopping,1
bundled-up,1
characters.,1
wiped,1
hind,1
curtains,1
nations.,1
scrambles,1
hip.,1
grissom!,1
fotomat,1
laying,1
skylight,1
mustachioed,1
crapped,1
numbly,1
hill,1
180.,1
tightly,1
pauses.,1
mystified,1
pauses:,1
intervene,1
clang:,1
necessary.,1
after-,1
city.',1
recognizable,1
luggage,1
dynamic,1
black-and-whites,1
unusual,1
sip.,1
block...,1
(recognizing,1
type.,1
whistling.,1
steel-toed,1
dismay,1
sorts.,1
flammable,1
terrified.,1
speeding,1
figures,1
figured,1
clangs,1
magnum,1
throughout,1
be...,1
covered...,1
imitation.,1
studio.,1
pews...,1
joy.,1
sir!,1
typed,1
nights,1
normal.,1
ones,1
impulse.,1
all's,1
backed,1
childish,1
react,1
foreground,1
sincere.,1
hesitant,1
hiss,1
days.,1
sprouts,1
soundless,1
bristles.,1
following,1
matronly,1
apes.,1
rules.,1
headline:,1
overseas,1
weak,1
up...,1
leap,1
regular,1
tremulously.,1
"not,1
docks.,1
carefree,1
blanketing,1
tired,1
leaf,1
expect,1
site,1
stairwell.,1
highlights,1
dealer's,1
armor-piercing,1
bachelor's,1
bombs,1
plain,1
furious,1
dives.,1
excitement,1
person,1
maitre,1
newspapers.,1
six-,1
moneybags,1
(brightly),1
favor...!,1
bandages.,1
studies,1
struggling.,1
park.,1
route.,1
changing...,1
compliments,1
jazzed,1
harold,1
writhes.,1
played,1
enters.,1
fifty,1
tinkly,1
rabbit,1
eyewitness,1
warrant,1
crusader,1
womanizer,1
solid,1
approve.,1
opulent,1
sniff,1
straphangers.,1
carnival,1
detour.,1
circular,1
backwards,1
relegated,1
7:09,1
frantic,1
accessible,1
spends,1
booby-trapped,1
(chuckling,1
batwing...,1
7:19,1
block!,1
spanning,1
stirring,1
(rolling,1
address,1
wires.,1
trucks...,1
throw,1
surgery,1
violent,1
podium.,1
match.,1
dedicated.,1
tenses,1
urgent.,1
starless,1
graysons!,1
billions!,1
implement,1
fiendishly.,1
others,1
encircled,1
tensed,1
cartwheeling,1
beats.,1
cartoonist's,1
ambition.,1
7:44,1
someone.,1
lens,1
society,1
screeching,1
leafleting,1
other.,1
ticket,1
rafters,1
cheer,1
handling,1
champagned,1
airless,1
stock-,1
wall;,1
unexpectedly.,1
plugged.,1
subways,1
driving.,1
esteem.,1
run...,1
rains,1
time...,1
imitators,1
bringing,1
taxi!!,1
caterpillar,1
study.,1
rails,1
career...,1
tense.,1
cheap,1
allergic,1
quad,1
gates.,1
manager.,1
witch,1
bursts.,1
order.,1
helluva,1
lab,1
explosives,1
plead,1
hydrant,1
spoon,1
west,1
raise,1
pitches,1
pitcher,1
coffee.,1
lay,1
hatch,1
idyllic,1
ceremony,1
that!,1
protectively,1
reputation.,1
pad.,1
coolly,1
possibility,1
necklace,1
distinguished,1
dock.,1
jammed.,1
cluster,1
supply,1
lee,1
black-winged,1
sincerity.,1
mountain,1
boardrooms,1
robbery.,1
appreciative,1
homing,1
shriek.,1
opulence,1
rises;,1
whirls,1
horrendous,1
mobile.",1
fifties.,1
tomorrow:,1
collapsed,1
dollars,1
networks,1
patsy!,1
ignites,1
(as,1
mindless,1
ensnared,1
claw,1
clap,1
smiling),1
coldly:,1
circulates,1
lib,1
all...,1
"have,1
importantly,1
legs.,1
headstone,1
ooh.,1
erupt.,1
scream.",1
lit,1
dogs,1
tame.,1
outside!!,1
registers,1
would.,1
they'd,1
skulls.,1
fuming.,1
preys,1
playbills,1
publicity.,1
merest,1
(advancing,1
inexpensive.,1
develop,1
converted,1
hammering,1
fixed,1
card.,1
home.,1
anger.,1
fellows...,1
home!,1
cradle.,1
mid-,1
necktie.,1
churchyard,1
purchase,1
manage,1
1963,1
windows!!,1
fund,1
plugs,1
important.,1
palm,1
degas,1
deuce.,1
stockholders.,1
payable,1
fountains,1
swimsuit,1
parapet.,1
pale,1
hunt!,1
mean.,1
players,1
better.,1
1987,1
1986,1
activity:,1
athletic,1
formation,1
belltower's,1
rapidly.,1
prom,1
evaporate...,1
fountain.,1
meant,1
aides,1
fury,1
other...,1
infest,1
figures.,1
advancing,1
clip,1
crushing,1
irritable.,1
angel.,1
ignition!,1
dispatcher's,1
hair's,1
blasting,1
radio:,1
dodges,1
grin!!!,1
conversation.,1
disappeared,1
sparks,1
fixing,1
curiosity,1
emberg.,1
sacrifice,1
pause,1
ear-,1
ease,1
stabilizes,1
bluescreen:,1
stabilizer,1
insulted,1
unalloyed,1
workmen,1
(conclusively),1
relief,1
elvis,1
(no,1
chittering,1
ultrasound,1
gratitude,1
four-day,1
worth.,1
lamppost.,1
startles,1
(on,1
shards.,1
ambiguous,1
girders,1
fingertips.,1
nineteen,1
profile,1
acrid,1
mill,1
synthesized,1
dude!,1
spectre,1
profoundly,1
monte,1
touchingly,1
hitched.,1
batcave.,1
smile),1
explosions.,1
handing,1
tahiti,1
mine,1
grateful,1
criminals:,1
adjoining,1
shelled,1
smile",1
candlesticks,1
wiry:,1
glides,1
paper.,1
paralyze,1
gangland-style,1
launching,1
shifting,1
hydraulic,1
clue,1
drugs.,1
ostentatious,1
prints.,1
acres,1
vehemently,1
large-scale,1
mobster,1
finger),1
papers,1
mist,1
cheek...,1
bit.,1
blanket,1
articles,1
pays,1
repeatedly.,1
leering,1
exhausted,1
riverview!,1
camera!!,1
mimic,1
could've,1
semicircular,1
letters,1
inspection,1
fear,1
expensive.,1
rhythmically,1
broadcasting,1
printed,1
serves,1
amiss.,1
millisecond,1
open!,1
skin,1
flowers.,1
stifles,1
legally,1
laundry,1
map,1
open;,1
message:,1
murders,1
glance:,1
prostrate,1
inflate.,1
deep.,1
message.,1
obscured,1
toothpaste,1
hysterically.,1
thoroughfare.,1
me!,1
presiding,1
casino,1
aisle,1
wright,1
no!!,1
feds,1
equipment,1
hunker,1
chuckle,1
recesses,1
background,1
couldn'ta,1
bilious,1
thunderous,1
centrifuges,1
cuban-chinese,1
incandescent,1
fives,1
breath,1
airborne,1
hour's,1
wicked,1
idea.,1
afterburners,1
(gritting,1
curious.,1
hysteria.,1
three-foot,1
patch,1
10-point-0.,1
sizes,1
horribly.,1
stick,1
tales,1
disappearing,1
year's,1
height,1
mementos,1
noooooooo!!!!,1
pace.,1
gotham:,1
second...,1
animal,1
lock.,1
profusion:,1
overturning,1
shares,1
narita,1
boots,1
destruction,1
dirty,1
(gazing,1
jumpsuits,1
greed.,1
appear,1
glide,1
distinguished-looking,1
forced,1
bucks.,1
hit...,1
monet,1
cares.,1
gaze.,1
lurching,1
throwin',1
diameter,1
populace.",1
paces,1
sizzling,1
felt,1
half-tempted,1
dials,1
allow,1
dangle,1
unlicensed,1
dirt!,1
folder:,1
slain,1
beast,1
gesture,1
lasers,1
cameraman:,1
sidesteps,1
unaffected,1
support.,1
incredible,1
(through,1
beats,1
prints,1
craps,1
bodyguards.,1
mob,1
claimed,1
admirers,1
ledgers.,1
humor,1
chemical-induced,1
age.,1
waddles,1
shotgun,1
heart-to-heart.,1
unceremoniously,1
eddie's,1
internal,1
enjoy,1
batarang.,1
vale...,1
punch,1
include,1
surreptitiously,1
altogether,1
sleeve,1
hairpin,1
dulled,1
drained.,1
punk.,1
talk.,1
appearance.,1
rose.",1
overlooks,1
goddam,1
parlor,1
void.,1
failed,1
slaps,1
appointed,1
cleaned,1
"put,1
mug,1
half-obscured,1
churchyard.,1
chunk,1
nothingness.,1
briskly,1
flashing.,1
beach.,1
middle.,1
inches...,1
ultimately,1
prepares,1
temple,1
matron,1
clubhouse,1
canyons,1
soundstage,1
desperate,1
urge,1
frame...,1
volts,1
southbound,1
contains,1
marches,1
ingredient...,1
happening,1
contaminated,1
aboard,1
stretcher,1
sleep,1
says...,1
elevated,1
restaurant!,1
cold.,1
bridles,1
pushing,1
slam,1
weird,1
doorway.,1
restaurant.,1
icons.,1
u-turn,1
obsessively,1
eager,1
dressed.,1
historical,1
passersby.,1
female,1
(chuckling),1
photographic,1
gather,1
harvey's,1
widens.,1
statuary,1
punches,1
chimney,1
soaking,1
rathole,1
busy.,1
defies,1
save.,1
gallops,1
dating,1
director's,1
moon-drenched,1
patsy!!,1
prodding,1
rise.,1
"everyone",1
levelled,1
attacked,1
deliberate,1
ribs,1
aerialist,1
release,1
taped,1
nap,1
rotelli.,1
similar,1
tenderly,1
(dream,1
scrambles.,1
'cia',1
thousands,1
covers.,1
etc.,1
drives,1
souvlaki,1
more.,1
top.,1
sideways.,1
more!,1
man...,1
tackle.,1
bat-suits,1
can't!!,1
toys.,1
tony's,1
slip,1
anchor,1
bushes,1
honor,1
tops,1
gauntlet.,1
kindergartener,1
mirror...,1
pages,1
microphones,1
floor:,1
kevlar,1
intense,1
shootout,1
parody,1
intervals,1
tons,1
ginger,1
forehead.,1
converging,1
barrage,1
logo.,1
commendation.,1
minions,1
handicapped.,1
wallet),1
position.,1
decides,1
air-conditioning,1
ahead!,1
york's,1
"industrial,1
ahead:,1
muttering,1
(dropping,1
flare,1
merrily,1
leather-bound,1
buckling,1
date...,1
winded.,1
echo,1
rehabilitate,1
angrily,1
gowns.,1
professional,1
tumbling,1
one-nighter,1
fully,1
dining,1
patches,1
exchanges,1
lazily,1
(groping),1
perfectly.,1
done...,1
cheshire-cat,1
supplying,1
giggles.,1
jaw.,1
applauding.,1
$500,1
times.,1
convention.,1
recommend,1
amused,1
maniac!,1
build.,1
uplifted.,1
jaws,1
timer.,1
riot,1
razor-sharp,1
tour,1
waters.,1
loudspeaker),1
plate-glass,1
gossip,1
murderer...,1
attacks.,1
detonate.,1
windowless,1
hook.,1
loudspeakers,1
strips,1
pitchman,1
aerosol,1
imagine,1
thought),1
whatever,1
destroying,1
collapsed.,1
flutter,1
break.,1
sweat.,1
blink,1
perfume,1
blimp,1
(relaxing,1
sickened,1
kneels,1
live.,1
locking,1
complexion,1
shies,1
carmine.,1
hoisted,1
first-nighters,1
ronald,1
espionage.",1
docile.,1
biting.,1
black-gloved,1
crush,1
abruptly,1
smile...,1
dashboard,1
collar;,1
8'x8',1
level.,1
martini,1
enormously,1
flags,1
futile,1
erect.,1
modern,1
livid,1
visibly,1
pines,1
ganglords,1
revving,1
spine...,1
superannuated,1
patrolmen,1
blacked-out,1
dishes,1
rodent's,1
width,1
levels,1
board,1
hood.,1
moving.,1
uninterested,1
process.,1
whip,1
halloween,1
letting,1
sedately,1
visible,1
stumbling,1
head!,1
girth.,1
hysteria,1
use.,1
cruise,1
staggers,1
weigh,1
words),1
words.,1
telephones,1
sonar,1
iii's,1
rocks,1
hottest,1
scorching,1
growls:,1
falling.,1
pinks,1
gala.,1
garbed,1
ribbed,1
over...,1
wolfishly.,1
thanking,1
bunjee,1
shiny,1
hurtles,1
valets,1
brink,1
hamburger,1
trailing,1
fender.,1
here...,1
ace...,1
impenetrable,1
brother,1
frank,1
beepers,1
reet!,1
approval.,1
stripped-down,1
bloomingdale's.,1
gridwork,1
televised,1
tv's.,1
sidestep,1
ignition,1
shutter,1
actor,1
pre-recorded,1
screeches,1
terrorist...,1
haunt,1
(flying,1
documents...,1
graphics,1
meaningful,1
boardroom,1
manor;,1
heating,1
mayor.,1
slowly.,1
trance,1
sidelong,1
anything.,1
squeal,1
vent.,1
carry,1
grappling,1
7:32.,1
layered,1
ticking.,1
overhang,1
trouble,1
scissor-kick,1
counter,1
earpieces,1
ricorso.,1
we-e-ll...,1
wedged,1
refuses.,1
wide.,1
steel-and-glass,1
shrugs.,1
hmm.,1
rodent,1
drag,1
politicos.,1
perks,1
hellion's,1
kidnapping.,1
odd,1
traumatized,1
"ace,1
cheeks,1
of.,1
shivers.,1
wider,1
rumpled,1
galloping,1
weapons.,1
pissing,1
small-time,1
shelf.,1
vest,1
tipless,1
commercial.,1
wandering,1
clambers,1
elevator's,1
slung,1
amusement;,1
shuffle.,1
boyfriend.,1
terminus,1
complete,1
room...,1
...peanut.,1
weaving,1
foreground:,1
orchestra,1
fear's,1
claim,1
dabs,1
dominating,1
clench,1
follows,1
dad.,1
bags.,1
coat,1
expand,1
shuffles,1
survey,1
devastating,1
land.,1
arcane,1
'boardroom.',1
hammer,1
keys,1
eerie,1
everything.,1
bat-suit,1
past...,1
dreamed,1
sympathy,1
fight,1
brief,1
terrible!,1
string.,1
vacation.,1
remarks,1
frills.,1
promised,1
speaking,1
fight.,1
hissing,1
(straightening,1
party's,1
smiles...,1
minus,1
activity,1
engine.,1
gurgles.,1
roses!!,1
variety,1
erect...,1
setting.,1
strained,1
fights,1
whirling,1
pun.,1
pulp,1
--",1
flailing.,1
housing.,1
amazing,1
repeatedly...,1
scuttle,1
treated,1
shrieks.,1
puny,1
suppose,1
elbow.,1
woman's,1
buses,1
(filter),1
noxious,1
support,1
(enraptured),1
vertical,1
faint.,1
dank,1
promise.,1
shapes,1
blip,1
lied,1
(donna,1
proportions,1
surrounds,1
slackjawed,1
expect.,1
driver's,1
torment,1
antsy,1
none,1
reeks,1
lieutenants,1
she'll,1
problem,1
closing,1
intriguing.,1
asleep,1
seized,1
streams,1
little...,1
unison.,1
fleidermaus.",1
blackjack,1
river...,1
some.,1
story;,1
kingpin,1
lift,1
indoor,1
"brand,1
handgun,1
alligator,1
killings...,1
lamp.,1
now-lifeless,1
covered.,1
display.,1
musical.,1
ghost,1
bats!!,1
drooping,1
lieutenant.,1
(grabbing,1
dare,1
cashiers,1
elbows,1
'discontinued,1
already.,1
glisten.,1
polluted,1
chorus,1
roses,1
intrudes.,1
not.,1
drum,1
stucco,1
lead-off,1
foils,1
distributing,1
sunny,1
belly...,1
dick!,1
man-to-,1
half-jokey.,1
homesite,1
customers.,1
shambling,1
scribbled,1
spray.,1
trucks.,1
everybody,1
wits.,1
trucks',1
clutching,1
recovers,1
"this,1
well-meaning,1
buzzer.,1
contents:,1
(sidling,1
nose,1
intruder.,1
cost,1
gotham!',1
contents.,1
reels,1
dashes,1
clark.,1
"joker",1
swollen,1
roasted,1
dignity,1
moans;,1
chips,1
scenic,1
cop's,1
thomas's,1
reposition,1
air:,1
ramp.,1
now!,1
thirty-foot,1
wing,1
flight,1
airy,1
restful,1
glossy,1
dead...,1
blur,1
mirrors.,1
arrived,1
circles.,1
uh...,1
device:,1
device.,1
echoes,1
photograph,1
days,1
napier.,1
flaps.,1
discuss,1
amused.,1
chin.,1
goddammit!,1
balloon!!!,1
pastel,1
toddles,1
wise,1
fund-raiser,1
harbor.,1
"bat,1
grimace.,1
face),1
list,1
face!,1
pre-programmed,1
face",1
wire,1
sinking,1
scenes,1
folks,1
personally.,1
child,1
relieving,1
waste.,1
flamethrower.,1
frankly...,1
evildoers.,1
involuntary.,1
pyrotechnic,1
wits,1
victory,1
inquisitively,1
frame:,1
costume.,1
scene:,1
pastoral,1
catatonically,1
snip,1
hygiene.,1
andrew's,1
nonetheless.,1
invisible,1
birdlike,1
kind.,1
seventh.,1
per,1
pew,1
birth,1
(lost,1
(glowering,1
edvard,1
toxins,1
melting.,1
regrets.,1
engaged,1
showman.,1
irregular,1
disgusted,1
surly,1
talkies,1
growing.,1
ribbon:,1
bought,1
stampedes.,1
batman-joker,1
florsheim,1
peek,1
liberty.,1
policemen,1
moorings.,1
(extending,1
artier,1
they.,1
distraught,1
thankya.,1
splayed,1
comprehension.,1
oncoming,1
heels...,1
senator,1
outmanned,1
competition.,1
us...,1
0:16,1
0:12,1
rising,1
aspect...,1
cause,1
pm.,1
agitated,1
intended,1
0:26,1
cadre,1
friday,1
0:25,1
policeman.,1
0:20,1
chief,1
gunfire,1
parries,1
policeman,1
apparatus,1
joints,1
painkiller,1
pelt,1
drop-dead,1
snorts.,1
began,1
soundlessly,1
low-cost,1
warehouse,1
sucker.,1
middle-aged,1
bravely,1
focus:,1
"what",1
reeling.,1
cleanly.,1
neatly,1
side-view,1
prize,1
happy.,1
pot,1
disperses,1
pasting,1
(brightening,1
emerging,1
implied,1
whine.,1
negligee,1
coattail,1
yacht,1
action.,1
feelings,1
slides,1
others.,1
askin',1
poster-sized,1
placing,1
ohhhh...,1
one-day,1
flattered,1
faces.,1
rusted,1
sprinting,1
brakes.,1
medic.,1
deftly,1
background:,1
gravel.,1
rotating,1
full-force.,1
famously.,1
advance.,1
ceremonial,1
freak,1
shindig,1
hooker,1
begins.,1
baritone,1
wheat.,1
sweetie.,1
laps.,1
guilt.,1
possible.,1
heinous,1
munch's,1
forming,1
program,1
infant,1
them;,1
adventures.,1
them",1
meets,1
ambulance,1
.44,1
eyelashes,1
mmm.,1
discharging,1
happening.,1
apparently,1
overseeing,1
most.,1
pirate,1
wearily.,1
indictment,1
unusual.,1
launcher.,1
grins.,1
elite,1
theme,1
flashbulb,1
predatory,1
sources.,1
swiftly.,1
supplanted,1
(singing),1
unfortunately,1
decked,1
onrushing,1
roughly.,1
january,1
disappear.,1
photomontage,1
pew.,1
slams.,1
choice,1
sliding,1
gropes,1
just...,1
head-on,1
wondering,1
morning.,1
three-dimensional,1
major,1
casually),1
#12-c.,1
flirtatious.,1
terror's,1
turbine,1
stride.,1
workshop,1
diversion.,1
unharmed,1
that'll,1
altitude,1
politicos,1
composure,1
reverberates,1
momentarily.,1
orangutans,1
banking,1
indescribable.,1
there...,1
puzzled),1
c'mere!,1
wraithlike.,1
puzzled.,1
i.d.,1
masterpieces.,1
city...,1
circle.,1
whistle.,1
or...,1
ticking,1
chalk-white,1
mutilation.,1
editorial.,1
swivels,1
procession.,1
trio,1
filling.,1
lloyd,1
soft,1
disarmed.,1
loyal,1
seaweed-green.,1
majorette,1
everything's,1
procession;,1
millions,1
procession:,1
brownstones,1
fun...,1
oppressiveness.,1
civic-minded,1
rock-solid,1
tears.,1
hearing,1
menacingly,1
abrasions.,1
tail,1
spasmodically.,1
database.,1
plane.,1
tells,1
island.,1
glee,1
spasm,1
purse,1
robbery,1
(ecstatic),1
half-mile,1
prior,1
mad...,1
landmark,1
train,1
blowup,1
rigged,1
plunging,1
subpoena,1
safe.,1
newsdesk,1
additional,1
fanged,1
samurai,1
telecommunications,1
jokers,1
towed.,1
soon.,1
halberds.,1
reception,1
paraphernalia,1
screwdriver,1
three-card,1
tracks,1
print,1
b&w,1
material,1
belfry,1
million.,1
explain,1
sparkle,1
dive.,1
hope,1
needs...,1
glazed,1
protest,1
(apprehensively),1
avail.,1
hoof,1
tray.,1
detached,1
honk,1
machinery,1
painted,1
quarterly,1
smirk,1
nerves,1
back-issue,1
grimacing,1
greasy,1
tarp,1
grease,1
approaches.,1
health,1
trays,1
o'clock,1
oh-so-kissable,1
"don't,1
papers...,1
sink.,1
appear.,1
towels,1
b.",1
selected,1
occur,1
sort,1
fill,1
heart,1
hot.,1
motherf--,1
four-poster,1
petty,1
sheath,1
detaches,1
mobbed,1
sour,1
curiosity-seekers,1
understands.,1
towel.,1
hour,1
whizzes,1
troubled,1
cup.",1
hear.,1
how.,1
dammit!,1
joker...,1
tubercular,1
dismissed.,1
globe:,1
giddy,1
coughing,1
thud.,1
trample,1
schedule.,1
plant.,1
pitch-black,1
holographic,1
stern-faced,1
processing,1
except,1
psychotic,1
velcro,1
crackling,1
unless,1
operating,1
ought,1
leave.,1
bodyguards,1
(disgusted),1
wings.,1
replies:,1
landscaped,1
windswept,1
fish,1
dandyish,1
wings:,1
catatonic,1
operation,1
program.,1
revulsed,1
stiff:,1
kill.,1
cannon,1
goes.,1
moan.,1
meticulously,1
secretaries,1
technician's,1
adjusting,1
unbuttons,1
agent.,1
collection,1
fits,1
hesitates,1
drainpipe.,1
commissioner's,1
ghoulish,1
father,1
america.,1
thinking.,1
frightened.,1
funny!!!,1
ungodly,1
along.,1
mansion,1
mouthwash,1
masked,1
monogram,1
peering-down,1
big-city,1
merciless.,1
unveiled.,1
photographer's,1
money.,1
welcomes,1
herself;,1
grimly,1
7:45.,1
dies.,1
swelling,1
money!,1
anyone,1
pride,1
vigilantes,1
go!!,1
inhuman,1
favorite,1
danced,1
privacy.,1
crew.,1
hoped,1
dismay.,1
violate,1
event,1
buddy,1
jutting,1
vigilante",1
hint.,1
thunk,1
damaged,1
knotting,1
collegiate,1
clues,1
sculptures,1
space,1
debilitating,1
paintings.,1
petrified,1
mouthpiece.,1
reflecting.,1
game.,1
workstation,1
published,1
statement.,1
glory.,1
routine.,1
delicately,1
outright,1
boss!,1
network,1
terrorist,1
jealous,1
moments,1
array,1
terrorism,1
struggle.,1
doodles,1
gapes.,1
side-by-side:,1
charging,1
expensive,1
depressing.,1
request.,1
transports,1
trade,1
much.,1
aiming,1
horses,1
gingerly,1
cosmetics.,1
himself:,1
soars,1
quote,1
retracts,1
split-screen.,1
breathe!,1
ran,1
36th.,1
rat,1
unlocking,1
chanting,1
everywhere;,1
(then,1
triggers,1
authorities,1
skyward...,1
poster,1
himself),1
loosens,1
move!,1
why's,1
controls.,1
"alexander,1
wildly),1
catwalk...,1
slink,1
colleagues.,1
simple.,1
riverview,1
spit,1
jerk,1
gangsterish,1
affection.,1
swift,1
offer...,1
invited!,1
cowers,1
exchange,1
groans,1
smashing,1
trust,1
see...,1
think...,1
magically,1
thugee,1
slouch,1
alexander...,1
overtake,1
retract.,1
beehive,1
lens.,1
(grinning),1
periphery,1
goblins,1
girlfriend.,1
embrace,1
odd.,1
reservoir,1
working.,1
shoulders,1
smaller,1
wary.,1
jesus!,1
"die,1
sunday.,1
happy-face,1
scrolling,1
decline,1
rip,1
hugging,1
jesus.,1
slits,1
sleeves,1
(frightened),1
drag...,1
confederate,1
fuck-yous,1
anxiety.,1
two-point,1
pivots,1
royal,1
movement,1
tunic,1
t0:,1
am.,1
respond.,1
rioters,1
wanted.,1
ale,1
twisting,1
glow.,1
already!!!,1
barrels,1
icily,1
breather,1
possibility.,1
tremulous,1
woman.,1
hysterical.,1
slips,1
territorial,1
doctor's,1
cartwheel,1
equipped,1
dumb,1
barrelling,1
responds,1
brother's,1
tomorrow.",1
(emptying,1
hapless,1
dump,1
aisles!,1
smooch,1
planter's,1
perches,1
ninth,1
redhead!,1
meter.,1
severed,1
taste,1
pointless.,1
'batman',1
english,1
hired,1
kid.,1
desks.,1
fires...,1
broke,1
one-way,1
man's,1
butt-first,1
alex,1
reinforcement.,1
full-page,1
protest.,1
curdles,1
locked.,1
patience,1
came,1
grace,1
kids,1
broaden,1
art,1
choice.,1
at:,1
favors,1
host.,1
onstage,1
moments.,1
notices,1
records.,1
calm,1
ass,1
becoming,1
officer,1
van...,1
mother,1
ours,1
all:,1
acid.,1
snuggles,1
out:,1
yourself,1
results,1
walking.,1
dares,1
fortieth-floor,1
surrender.,1
out),1
tanks!!,1
skyscrapers:,1
apologetically.,1
pirouette,1
mood,1
reflections,1
popcorn.,1
car:,1
attorney".,1
crying,1
fires.,1
breaths.,1
sensing,1
resting,1
introduce,1
hunkered,1
momentum,1
true.,1
cackle.,1
aww,1
blazing,1
yard,1
organization.,1
modeling,1
right-hand,1
readying,1
voiceprint.,1
looser,1
mops,1
truly,1
cash,1
transmitter,1
case,1
cackles,1
1963.,1
iv's,1
limply,1
moon,1
cops.,1
cops),1
anomaly:,1
office.,1
exhilarated,1
glorious,1
protect,1
hyperactive,1
inches.,1
boy!!,1
chastened,1
bisects,1
(indicating,1
stairways,1
nine.,1
simple,1
autograph,1
bow.,1
underdog.,1
together...,1
philanthropist,1
kneeling,1
negotiate,1
king,1
cry.,1
tracer,1
avenging,1
westbound,1
nerve,1
affecting,1
database,1
causing,1
patient,1
danger.,1
profit,1
sam,1
scuttles,1
sat,1
rear-view,1
screwed-up,1
favor,1
whew.,1
guests,1
tanks.,1
trembling.,1
her...,1
horrified.,1
(sipping,1
switches,1
assemblage,1
barricades,1
dozen!,1
clean.,1
bas,1
draft,1
fluid,1
warily...,1
(teasing,1
uncrating,1
peeks,1
bulge.,1
personal,1
vantage,1
be.,1
gogh.,1
slicing,1
power...,1
oval,1
column,1
turret,1
bobbing,1
ball-bearings,1
battle,1
sizzle.,1
river,1
astonished,1
monitors.,1
deco,1
figures:,1
resumes,1
gettin',1
shipping,1
useless,1
balls.,1
pleading.,1
teasing,1
horse's,1
actor.",1
human.,1
christie,1
aren't,1
then...,1
perpendicular,1
ballerina,1
ladders,1
(wagging,1
capable,1
greetings,1
drag.,1
jersey,1
mode.,1
uncomprehending,1
living,1
compromise.,1
breathing,1
citizen...,1
bound,1
frowns,1
unbuckles,1
fade;,1
back-alley,1
amazement,1
rasping,1
frustrated,1
bin,1
dissolving,1
clipboard,1
ultrasonic,1
fully-,1
striking,1
roulette,1
sequence),1
model,1
commuters,1
husks,1
convulsions.,1
intertwined.,1
waiting.,1
white-and-green,1
beauties,1
(cattily),1
(blushing,1
motion:,1
soothing.,1
guys.,1
echoes.,1
so.,1
deja,1
"married",1
bathroom:,1
stretchers.,1
whereabouts,1
conscious.,1
shuffle,1
fella.,1
squeal...,1
really.,1
angel,1
panting,1
son,1
later...,1
ghoulishly,1
civvies,1
receiver:,1
murderers.,1
incoming,1
permanently,1
mammoth,1
relevant,1
bob,1
curses,1
tense,1
infinitely,1
ripped,1
clothes),1
stand.,1
politely,1
facial,1
unfortunate,1
sponsors.,1
frightful,1
attorney's,1
lab-ape,1
unauthorized,1
stance,1
miranda!,1
dancing,1
bruce!,1
somersault.,1
buried,1
includes:,1
fighting,1
flare.,1
menacing.,1
horrible,1
buries,1
stamp:,1
skull.,1
smithereens,1
insanely,1
make.,1
glory,1
gurgle,1
chatter.,1
murderer.,1
closer),1
sum,1
handle),1
snacks.,1
managed,1
noise.,1
brain-,1
bone-white.,1
beam...,1
front-page,1
surreal,1
threatened,1
bruce:,1
tickled,1
140,1
rent's,1
depths,1
bruce),1
instincts,1
(cartoon,1
zero,1
buzzing,1
legend:,1
missile,1
fragments,1
years...,1
buckets,1
windstorm,1
reins,1
refilling,1
gallup,1
parcel...,1
horns,1
walkie-talkie:,1
creepy.,1
throng,1
rotelli's,1
shelves,1
spotlights.,1
backing,1
stop!,1
pedal;,1
successful,1
lovely,1
twists.,1
irresistable,1
and...,1
dutifully.,1
motifs,1
screen!!,1
motionless.,1
shampoo,1
sack,1
gentle.,1
bumping,1
children,1
god!,1
colors!!,1
clambering,1
pig-like,1
wa-a-it.,1
idle.,1
nightmarish,1
cables.,1
james,1
inexorably,1
rock,1
1973",1
screens,1
well...,1
leach.,1
(cackling,1
token,1
livid.,1
rod.,1
burners,1
away),1
robe,1
drape,1
argument,1
necklace.,1
dozes,1
crowd-pleaser,1
sags,1
growing,1
pose;,1
cologne,1
"war,1
conspicuous,1
campfire,1
indistinct,1
bitch,1
three-ton,1
ugly,1
wraps,1
lovers,1
quickens,1
chances,1
alas.,1
files,1
departure,1
count.,1
potentially,1
sail,1
cab,1
skidding,1
tune,1
albert,1
topped,1
idly,1
squall.,1
smooth,1
horde,1
reitz,1
finery.,1
hail,1
doctor.,1
screen),1
carries,1
oblivious,1
throes,1
straightaway.,1
