the,1463
a,571
to,519
and,479
belle,396
of,287
in,258
-,254
you,246
his,235
--,226
beast,226
as,223
i,200
is,200
gaston,192
he,191
her,180
she,177
on,171
maurice,165
(cont'd),142
with,140
castle,131
it,122
lumi√àre,108
at,106
mrs.,102
cogsworth,102
up,100
we,99
but,99
that,97
potts,92
from,86
into,84
lefou,84
night,79
for,79
it's,77
int.,75
be,75
down,71
my,70
this,69
me,68
out,66
your,65
him,65
looks,60
by,59
like,59
ext.,59
one,58
all,58
back,56
have,55
no,55
lumi√®re,55
not,54
are,54
what,53
an,53
just,53
see,53
then,51
they,50
through,47
can,45
so,44
i'm,44
there,44
village,42
now,40
our,40
will,39
has,39
do,38
chip,38
day,37
who,37
belle's,37
beast's,37
plumette,37
door,36
turns,36
villagers,36
eyes,36
prince,35
oh,35
garderobe,35
when,34
if,34
onto,33
around,33
their,33
don't,32
never,31
off,31
him.,31
which,30
cadenza,29
sees,29
he's,28
go,28
old,28
only,28
love,27
come,26
been,26
them,25
room,24
open,24
girl,24
was,24
philippe,24
time,24
over,24
away,23
look,23
us,23
she's,23
moves,23
where,23
well,22
rose,22
west,22
her.,22
before,22
how,22
more,22
good,21
too,21
staff,21
know,21
find,21
hand,20
did,20
that's,20
get,20
ever,20
must,20
i'll,20
say,20
i've,20
foyer,19
beautiful,19
about,19
want,19
wolves,19
jean,19
it.,19
takes,19
there's,19
turn,18
belle.,18
ballroom,18
music,18
another,18
doesn't,18
head,18
father,18
door.,18
woods,17
castle.,17
chapeau,17
begins,17
wing,17
you're,17
yes,17
long,16
still,16
way,16
very,16
here,16
you.,16
had,16
light,16
reaches,16
book,16
tea,15
after,15
past,15
beast.,15
across,15
dining,15
himself,15
help,15
reveal,15
could,15
something,15
face,15
(v.o.),15
suddenly,15
little,15
back.,15
staircase,14
thank,14
let,14
omitted,14
me.,14
mob,14
toward,14
drops,14
froufrou,14
much,14
days,14
take,14
table.,14
can't,14
narrator,14
again,14
its,14
clothilde,14
mother,14
out.,14
kill,14
most,14
makes,14
place,14
would,13
(o.s.),13
think,13
beast!,13
right,13
human,13
opens,13
outside,13
why,13
than,13
got,13
lair,13
small,13
some,13
evening,13
steps,13
eyes.,13
master,13
every,13
runs,13
other,13
until,13
grabs,13
watches,13
guest!,13
move,13
stands,13
climbs,13
each,12
tell,12
(to,12
up.,12
grounds,12
leaps,12
window,12
dark,12
face.,12
we're,12
wagon,12
jumps,12
coming,12
candelabra,12
terrace,12
beauty,12
angle,12
table,12
goes,12
tom,11
moment,11
finally,11
bedroom,11
landing,11
hands,11
am,11
while,11
or,11
gaston's,11
staircase.,11
again.,11
mirror,11
villeneuve,11
notices,11
pulls,11
room.,11
morning,11
sun,11
away.,11
stone,11
who's,11
time.,10
feet,10
me!,10
feel,10
make,10
gazes,10
holds,10
leave,10
cottage,10
might,10
enchanted,10
dick,10
approaches,10
lands,10
nods,10
rose.,10
life,10
chip.,10
even,10
arms,10
pere,10
lasses,10
inside,10
gaston.,10
doors,10
first,10
you'll,10
any,10
rest,10
large,10
once,10
same,9
making,9
try,9
floor,9
picks,9
two,9
does,9
kitchen,9
glass,9
stop,9
isn't,9
places,9
coat,9
hear,9
wife,9
puts,9
last,9
them.,9
mirror.,9
balcony,9
close,9
monsieur,9
clock,9
those,9
set,9
turret,9
dinner,9
there.,9
figure,9
sits,9
really,9
off.,8
were,8
thing,8
smiles,8
going,8
smile.,8
under,8
d'arque,8
club,8
wolf,8
lost,8
rushes,8
because,8
guest,8
need,8
end,8
philippe's,8
remains,8
town,8
agathe,8
give,8
surrounded,8
own,8
lights,8
chip!,8
...,8
passes,8
robert,8
people,8
spins,8
tight,8
petal,8
sorry,8
thought,8
arm,8
leaving,8
front,8
world,8
falls,8
behind,8
woman,7
top,7
prince's,7
watch,7
starts,7
washer,7
means,7
man,7
may,7
above,7
ground.,7
least,7
against,7
shoulder,7
down.,7
no!,7
no.,7
quickly,7
far,7
turret.,7
great,7
swings,7
lefou.,7
bring,7
maestro,7
library,7
follows,7
diva,7
madame,7
closes,7
massive,7
magic,7
you!,7
go!,7
go.,7
you've,7
agathe.,7
marry,7
headmaster,7
lifts,7
hope,7
hops,7
maurice.,7
please,7
gaston!,7
lumiere,7
years,7
catches,7
jar,7
trolley,7
show,7
cart,7
bed,7
crowd,7
change,7
boy,7
plays,7
him!,7
leap,7
hits,7
towards,7
ready,7
stanley,7
rope,6
to:,6
tower,6
start,6
enter,6
barely,6
part,6
finds,6
grand,6
dog,6
stand,6
highest,6
believe,6
stay,6
eat,6
spell,6
moving,6
cell,6
new,6
didn't,6
races,6
dance,6
white,6
let's,6
wagon.,6
hidden,6
rise,6
play,6
wrong,6
heads,6
wham!,6
sure,6
looking,6
stares,6
nothing.,6
de,6
stairs,6
tears,6
watching,6
girl.,6
footman,6
pretty,6
country,6
lies,6
they're,6
she'll,6
i'd,6
course,6
prison,6
dawn,6
paw,6
young,6
we'll,6
almost,6
beneath,6
snow,6
walk,6
window.,6
barrel,6
tree,6
meet,6
hold,6
tale,6
home,6
song,6
hears,6
potts.,6
actually,6
wonder,6
perfect,6
bottom,6
it!,6
nothing,6
father's,6
father.,6
always,6
hands.,6
care,6
deep,6
everything,6
break,6
several,6
high,6
stops,6
sing,6
one.,6
between,6
should,6
left,5
belle!,5
spiral,5
lumi√®re's,5
better,5
taking,5
walks,5
cup,5
cut,5
won't,5
done,5
path,5
beautiful.,5
brings,5
knock.,5
thick,5
made,5
maid,5
met,5
enters,5
remember,5
fingers,5
books,5
among,5
voice,5
seems,5
walking,5
instead,5
hand.,5
rises,5
family,5
crosses,5
shape,5
valet,5
nasty,5
below,5
reaching,5
running,5
yes.,5
waves,5
eye,5
breaks,5
keep,5
ah,5
hurt,5
feather,5
french,5
second,5
gaze,5
stairs.,5
eerie,5
harpsichord,5
fabric,5
continues,5
sound,5
follow,5
rides,5
these,5
now.,5
wind,5
talking,5
tosses,5
(later),5
strange,5
slowly,5
wait,5
giving,5
gives,5
school,5
warm,5
windows,5
battering,5
shadow,5
happy,5
put,5
trying,5
comes,5
hot,5
one's,5
pistol,5
waiting,5
together,5
return,5
smile,5
heart,5
true,5
free,5
leave.,5
ice,5
wing.,5
holding,5
inn,5
ram,5
philippe.,5
filled,5
smashes,5
points,5
already,5
walkway,5
came,5
call,5
calm,5
ask,5
run,5
dust,5
causing,5
saw,5
enough,5
gets,5
bad,5
boys,5
smiles.,5
bit,5
beside,5
hello,5
begin,5
alive,5
bonjour.,5
motions,5
descends,5
box,5
what's,5
doing,5
stop!,5
children,5
seeing,5
herself,5
said,5
rattle.,4
8,4
belle),4
dismounts,4
love.,4
lumi√®re.,4
block,4
you...,4
spots,4
women,4
upon,4
(more),4
dinner.,4
another.,4
home.,4
before.,4
three,4
lot,4
quick,4
water,4
cogsworth.,4
cogsworth),4
east,4
someone,4
asylum,4
whose,4
late.,4
#1,4
later,4
hideous,4
final,4
know.,4
lock,4
being,4
handsome,4
men,4
trees,4
mama,4
10,4
frozen,4
shelter,4
childhood,4
step,4
mon,4
work,4
word,4
of...,4
escape.,4
seen.,4
world.,4
winter,4
leading,4
branch,4
descend,4
sweet,4
napkins,4
tries,4
told,4
tried,4
right.,4
jar.,4
took,4
shall,4
rolls,4
opens.,4
slow,4
maybe,4
hugs,4
furniture,4
huge,4
servants,4
swinging,4
next,4
side.,4
what!,4
certain,4
you'd,4
fly,4
woods.,4
become,4
i...,4
edge,4
seen,4
seem,4
closer,4
pull,4
joins,4
her!,4
blow,4
hero,4
candles,4
master.,4
day.,4
ahead,4
sets,4
blue,4
wish,4
hurls,4
promontory,4
we've,4
guy,4
counting,4
maestro.,4
quietly,4
wasn't,4
circle,4
crowd.,4
found,4
escape,4
funny,4
standing,4
late,4
things,4
offers,4
free!,4
way.,4
staff.,4
dear.,4
it...,4
alpha,4
potter,4
bell,4
torch,4
friend.,4
since,4
soup,4
appears,4
heard,4
falling,4
afraid,4
life.,4
provincial,4
revealing,4
finding,4
below.,4
laverie,4
covered,4
philippe!,4
pops,4
pushes,4
embrace,4
courage,4
still.,4
hooves,4
gently,4
all.,4
view,4
worry,4
fangs,4
slide,4
cuisini√àr,4
protect,4
chandelier,4
transforms,4
kind,4
bowl,4
majordomo,4
dear,4
forgive,4
getting,4
corner,4
join,4
side,4
back!,4
snatches,4
there!,4
backs,4
stool,4
horse,4
vast,4
lovely,4
road,4
read.,4
sunlight,4
dozen,4
who'd,4
half,3
legs,3
&,3
circular,3
2,3
3,3
hang,3
empty,3
off!,3
gone,3
hard,3
cheer,3
realizes,3
question,3
gates.,3
spotlight.,3
roars,3
lets,3
gown,3
raise,3
pardon,3
less,3
wounded,3
harness,3
dog!,3
dread,3
dog.,3
unable,3
shoot,3
full,3
pain,3
lonely,3
low,3
coat.,3
daughter.,3
crack,3
easy,3
beast",3
fine.,3
petals,3
miss,3
laughs.,3
proudly,3
pours,3
inn.,3
continuous,3
terrible,3
becomes,3
garderobe.,3
breath,3
napkin,3
danger,3
crash,3
boxes,3
myself,3
animal,3
20,3
slams,3
fell,3
cuts,3
50,3
flying,3
tree.,3
tonight.,3
mask,3
path.,3
forever,3
whole,3
maurice's,3
no...,3
explosions,3
loud,3
darling!,3
makeshift,3
silence,3
horse.,3
returns,3
forest,3
wouldn't,3
learn,3
neck,3
to...,3
spring,3
ride,3
gates,3
happens,3
slightly,3
yours.,3
too.,3
shake,3
floor.,3
shame,3
harder,3
whisper,3
cheese,3
remain,3
wanted,3
feels,3
jaws,3
horror,3
such,3
grab,3
features,3
something.,3
lived,3
footbridge,3
rack,3
war,3
garderobe's,3
flame,3
pursuit.,3
lowers,3
please.,3
look.,3
turrets.,3
happened,3
rage,3
used,3
few,3
hangs,3
market,3
unsure,3
drinks,3
alone,3
along,3
leans,3
turrets,3
giant,3
excited,3
claws,3
fool,3
food,3
candelabra.,3
image,3
odd,3
sending,3
oh.,3
flatware,3
torches,3
kiss.,3
see.,3
see!,3
close.,3
on.,3
single,3
wardrobe,3
smiling,3
storm.,3
frightened,3
pure,3
wide,3
reading,3
held,3
beyond,3
they'll,3
ow!,3
snaps,3
dress,3
garret,3
not.,3
sent,3
line,3
hearts,3
lunges,3
washing,3
chips,3
without,3
wields,3
lips,3
creature,3
ridge,3
approach,3
everyone,3
maestro!,3
followed,3
wall,3
rooftop,3
pot,3
chasm,3
plumette...,3
ballroom.,3
slides,3
buys,3
free.,3
cautiously,3
disappears,3
warn,3
wave,3
tiny,3
terrified,3
chair,3
beat,3
light.,3
strong.,3
square,3
sounds,3
ceiling,3
clock...,3
clean,3
mean,3
hearing,3
talk,3
colonnade,3
peculiar,3
iron,3
approaches.,3
strike,3
wife.,3
serve,3
feet.,3
maurice!,3
laughter,3
best,3
belle...,3
except,3
fist,3
fade,3
potts',3
household,3
potts!,3
tavern,3
five,3
alone.,3
keeper,3
papa!,3
fair,3
anyone,3
church,3
fall,3
landing.,3
afraid.,3
nice,3
wind.,3
spits,3
in.,3
rhyme,3
rumble,3
pond,3
teacup.,3
much.,3
shakes,3
setting,3
poor,3
glimpses,3
poof,3
withered,3
red,3
happened.,3
mama!,3
rage.,3
eggs,3
melody,3
aim,3
air,3
future,3
removes,3
"ettes",3
read,3
slips,3
jam,3
gentle,3
lightning,3
broken,3
boy's,3
course.,3
lifted,3
cane,3
distance,3
mantle,3
resting,3
inside.,3
truly,3
carriage.,3
ducks,3
shut,3
over.,3
both,3
daughter,3
bows,3
spread,3
kiss,3
eye.,3
strong,3
words,3
battle,3
fishmonger,3
villagers.,3
lair.,3
"beauty,3
paris.,3
thief.,3
clears,3
breathing,3
cobbler,3
farmer,3
fresh,3
big,3
corridor,3
peers,3
mademoiselle.,3
bread,3
candle,3
emerges,3
thunders,3
champagne,3
different,3
throws,3
bow,3
100,3
upper,3
somewhere,3
hind,3
scrambles,3
one!,3
surprised,3
reacts,3
sink,3
night.,3
idea,3
strokes,3
ones,3
sight,3
scared,3
books.,3
lead,3
knocking,3
tune,3
grounds.,3
paris,3
clothes,3
enters.,3
prepare,2
fifty,2
pick,2
gloomy,2
sake,2
mind.,2
1,2
stirs.,2
5,2
6,2
7,2
9,2
gold,2
quiet,2
shouldn't,2
salt,2
sunset,2
bubbling,2
everyone's,2
forever.,2
wheels,2
pond.,2
corner.,2
slavering,2
laugh,2
others,2
year-old,2
gorgeous,2
gargoyles,2
shivering,2
romantic,2
other.,2
103a,2
creepy,2
lumi√®re),2
illuminates,2
shadows...,2
duster.,2
to.,2
loved,2
wall.,2
bringing,2
town.,2
maidens,2
own.,2
whispers:,2
picture,2
arrows,2
lad,2
unfurls,2
quite,2
lap,2
mademoiselle,2
mounting,2
that!,2
wound,2
times,2
bittersweet,2
cry,2
doctor,2
pitch.,2
that.,2
breathtaking,2
tea.,2
opposite,2
tomorrow!,2
wasting,2
toes!,2
worried,2
clad,2
antlers,2
prayer,2
surely,2
legs.,2
blows,2
lit,2
feathers,2
26a,2
shrieks,2
26b,2
chest,2
sudsy,2
chess,2
reflection,2
dinner!,2
dominated,2
anger.,2
house,2
home!,2
cheesemaker,2
mid-air!,2
center,2
fallen,2
29a,2
facade,2
playfully.,2
pale,2
furiously,2
better.,2
teaching,2
best.,2
fountain.,2
robert.,2
disturbs,2
fellow,2
launched,2
papa,2
keeps,2
village.,2
terror.,2
reacts.,2
startled.,2
cogsworth!,2
villager,2
pistol.,2
seeking,2
earn,2
further,2
stack,2
couldn't,2
beasts,2
`til,2
pass,2
carefully,2
beast),2
mind,2
enough.,2
postern,2
candlesticks,2
paw.,2
die,2
dim,2
dip,2
forgotten,2
exits.,2
feast,2
into...,2
puzzled,2
paws,2
embraces,2
silence.,2
balance,2
fuming,2
fear,2
coming!,2
person's,2
curse,2
skid,2
goodbye,2
mad,2
fool.,2
cadenza's,2
forward,2
open.,2
darts,2
safe...,2
use,2
terribly,2
main,2
neck.,2
peering,2
cup.,2
cups,2
idea.,2
32a,2
exactly,2
threat,2
sweeps,2
hiding,2
11,2
12,2
13,2
14,2
15,2
16,2
17,2
18,2
man.,2
19,2
outer,2
wonderful,2
cracking,2
2.,2
21,2
22,2
23,2
24,2
25,2
26,2
hasn't,2
27,2
28,2
29,2
lefou's,2
never.,2
3.,2
30,2
31,2
32,2
dirty,2
33,2
34,2
35,2
36,2
middle,2
though,2
37,2
38,2
39,2
40,2
41,2
42,2
43,2
seller,2
44,2
46,2
47,2
48,2
49,2
locks,2
watching.,2
paces,2
wood,2
51,2
52,2
53,2
54,2
55,2
surprise,2
57,2
58,2
59,2
beat.,2
60,2
63,2
64,2
67,2
68,2
knock,2
69,2
needed,2
lord,2
5a,2
speed,2
70,2
71,2
72,2
73,2
74,2
75,2
76,2
77,2
78,2
79,2
beats,2
separates,2
80,2
81,2
82,2
83,2
84,2
85,2
86,2
87,2
88,2
89,2
90,2
sky.,2
91,2
92,2
93,2
94,2
95,2
96,2
97,2
beastly,2
lose,2
waddles,2
face-to-face,2
swats,2
punch,2
retaliation.,2
talk.,2
scarred,2
discover,2
cleaned,2
weaves,2
"look,2
gaston...,2
book.,2
sorry.,2
saved,2
people.,2
72aa,2
grateful.,2
inspired,2
chandeliers,2
howls,2
pushing,2
howl.,2
notes,2
124b,2
124a,2
loose,2
hardly,2
statuary,2
private,2
lined,2
gallops,2
vagrant,2
special,2
horizon,2
rise.,2
nuzzles,2
bichon,2
jokes,2
called,2
darkness,2
charming,2
carved,2
homage.,2
hadn't,2
nearby.,2
sharp,2
bushes,2
flies,2
fearless.,2
return.,2
honor,2
torn,2
martha,2
elderly,2
trick,2
dreamy,2
frantically,2
whispers,2
fishmonger's,2
echo,2
effect.,2
shoots,2
douses,2
yes!,2
flash,2
bucks,2
knees.,2
drunken,2
feel.,2
clasps,2
alive.,2
leads,2
clock!,2
gargoyle,2
grey,2
fat,2
catch,2
lives,2
bewildered,2
castle!,2
study,2
dishes,2
boar's,2
pleased,2
die.,2
head.,2
please!,2
solemn,2
game,2
words.,2
parallel,2
here!,2
various,2
uses,2
fit,2
widows...,2
fix,2
doubts,2
speechless.,2
search,2
drops.,2
foot,2
barmaid,2
girls,2
du,2
woo,2
chairs,2
needs,2
eh,2
snarl,2
piece,2
covers,2
(looks,2
ha,2
wrestling,2
whips,2
four,2
easily,2
intimidating,2
plates,2
lower,2
somebody,2
gave,2
juliet",2
knew,2
attack!,2
oh!,2
draw,2
knee,2
la,2
locked,2
shadows.,2
dive,2
painting,2
crumbling,2
sitting,2
bracing,2
determination,2
haven't,2
have.,2
on!,2
temper.,2
seethes.,2
(whispers),2
yelps,2
thanked,2
clothilde's,2
whirling,2
monster,2
closed,2
they've,2
loaded,2
tick...,2
hides,2
suppose,2
woman's,2
explodes,2
drop,2
saucer,2
cold,2
learning,2
swirling,2
teach,2
torment,2
daughter's,2
hell,2
seizes,2
closing,2
proof,2
abandoned,2
cadenza),2
leather,2
years.,2
lift,2
force,2
oui,2
gasps,2
gasp.,2
appears.,2
create,2
heart.,2
wolf's,2
proud,2
branches,2
lasses',2
dazzling,2
melody.,2
ground,2
send,2
turns.,2
note,2
scale,2
riding,2
nose,2
rubbish.,2
allowing,2
colonnade.,2
piping,2
air.,2
remote,2
he'll,2
forest.,2
baker,2
bonjour,2
arrives,2
anybody,2
are.,2
speaks,2
faces,2
enormous,2
child,2
live,2
frame.,2
portrait,2
mask.,2
entire,2
flashes,2
kind.,2
understand,2
can't...,2
shadows,2
queen,2
magnificent,2
throat.,2
arm.,2
tonight,2
parapet,2
pie,2
clatters,2
twirl,2
mustering,2
tick,2
beast...,2
rising,2
land,2
tied,2
italian,2
retreats,2
thinks,2
welcome,2
plumette.,2
pov,2
whoosh,2
others.,2
needing,2
guides,2
realize,2
brush,2
trapped,2
wary,2
wash,2
playing,2
rattle,2
lightning.,2
anything,2
ends,2
begins.,2
yet,2
tray,2
circles,2
painting.,2
panicked,2
meets,2
way!,2
artist,2
she'd,2
grown,2
strides,2
sword,2
my...,2
garden,2
choice,2
sliding,2
hit,2
consider,2
magic.,2
absolutely,2
soap,2
reveals,2
point,2
bed.,2
meal,2
monstrous,2
innocent,2
understand.,2
come.,2
him...,2
jump,2
loyal,2
teacups,2
begs,2
tears.,2
dear!,2
tail,2
calls,2
d'oeuvres,2
besting,2
restored,2
tall,2
70a,2
cupola,2
71a,2
ajar.,2
72a,2
72b,2
72c,2
although,2
marching,2
wolves!,2
hood,2
fires,2
reached,2
sellers,2
painted,2
dives,2
machine,2
fire.,2
cough,2
confused,2
fine,2
78a,2
fill,2
but...,2
forget,2
hors,2
glow,2
scrubs,2
soul,2
troubled,2
rubs,2
pulling,2
double-take.,2
empty.,2
cover,2
outfit,2
music!,2
rack.,2
loudly.,2
balcony.,2
melancholy,2
papa.,2
spin.,2
gone.,2
staring,2
growls,2
indeed,2
dresser,2
itself,2
snowball,2
favorite,2
stops.,2
appearance,2
cannot,2
desserts,2
clearly,2
once!,2
chamber,2
chest.,2
landscape.,2
fading,2
spinning,2
wing!,2
"romeo,2
expensive,2
round,2
horses,2
past.,2
resplendent,2
princess.,2
ran,2
unlocking,2
warms,2
is.,2
pot.,2
swing,2
artist's,2
yanks,2
therefore,2
trust,2
nervously.,2
is...,2
whinnies,2
exit,2
spot,2
fiddle,2
urges,2
sadly.,2
rests,2
hair.,2
royal,2
89a,2
snow.,2
body,2
6566,2
touch,2
woman.,2
dusty,2
quiver,2
saying,2
snowy,2
looked,2
minute,2
taste,2
jaw,2
using,2
taken,2
scattering.,2
all!,2
ate,2
yourself,2
out!,2
worse,2
name,2
shop,2
crib.,2
dark.,2
fires.,2
learned,2
mouth,2
awake.,2
poured,2
piano,2
before...,2
ice.,2
bounds,2
momentarily,2
housewife,2
loose.,2
joy,2
memory.,2
also,2
life...,2
box.,2
drags,2
bag,2
bam,2
offer,2
bar,2
peeks,2
ornate,2
poppet.,2
dead,2
(off,2
offered,2
shut.,2
miss.,2
searches,2
94a,2
horse's,2
94b,2
parts,2
human.,2
aren't,2
fades,2
sit,2
bound,2
help!,2
gears,2
sky,2
shudders,2
play.,2
escaped.,2
so.,2
hooded,2
footman's,2
brush.,2
scramble,2
directly,2
floats,2
shuts,2
evermore,2
singing.,2
bon,2
stand.,2
bolts,2
102,2
103,2
104,2
105,2
106,2
107,2
108,2
109,2
dust.,2
ledge,2
110,2
111,2
112,2
113,2
horrible,2
117,2
reunited,2
friend,2
draws,2
119,2
pleasure,2
120,2
121,2
122,2
124,2
126,2
127,2
129,2
11a,2
curse.,2
130,2
pain.,2
131,2
132,2
133,2
134,2
135,2
136,2
137,2
138,2
139,2
stopped,2
silent,2
beloved,2
140,2
141,2
142,2
143,2
cloak,2
story,2
blue.,2
written,2
passion,2
fills,2
14a,2
higher,2
missing,2
collects,2
slumped,2
passing,2
reach,2
inches,2
teeth,2
roar,2
stanley.,2
nobody,2
overhead,2
beggar,2
twisted,2
tired,2
argument,2
resembles,2
growing,2
shredded,2
alarmed,2
lovers,2
person,2
safe,2
graham,2
dusting,2
hair,2
floating,2
greatest,2
match,2
reads,2
bites,2
dangerous.,2
nicely,1
tinkle,1
shooting,1
abrupt,1
mine.,1
guards,1
muffled),1
around.,1
rabbit,1
bushes.,1
mind:,1
ten,1
(winks,1
daring,1
meanwhile,1
',1
spreading,1
/,1
size,1
temper,1
shrivels.,1
downed,1
choose!,1
sideways,1
telling,1
baby's,1
belle:,1
roll,1
100.,1
minds,1
corners,1
disgruntled,1
selfish,1
wreak,1
time!,1
barricade,1
tabletop,1
blood,1
square.,1
o,1
straight,1
halt,1
drawers.,1
throw,1
exciting,1
square!,1
dish),1
knickknacks.,1
don't!,1
confront,1
don't.,1
warmth.,1
tie,1
rubberneckers,1
illiterate,1
til,1
sotto,1
levitate,1
clippity-clop,1
france!,1
bravery.,1
wistfully,1
sane,1
encircles,1
walked,1
right...,1
(intercut),1
supposed,1
roar.,1
anticipating,1
bursting,1
france.,1
tasteless,1
provided,1
harp,1
withdraw.,1
clinging,1
love!,1
flown,1
nowhere,1
swishing,1
trampoline.,1
hat),1
antiques.,1
reunited.,1
cheek,1
swords,1
haggard,1
artistry,1
pile,1
soulful.,1
gosh,1
extinguishes,1
compatriot,1
atlas.,1
struck,1
hate,1
quietly.,1
tightens,1
trough.,1
(barely,1
pike,1
distant,1
adjusts,1
traveling,1
rains,1
esther,1
wall!,1
total.,1
"screwdriver",1
presses,1
crazy,1
orders,1
razor,1
lumi√®re!,1
tassle),1
fright.,1
chime...,1
dumps,1
grated,1
lamplighter,1
romance.,1
stagger,1
matter,1
bothering,1
walls,1
once-elegant,1
famous,1
performed!,1
loves,1
trots,1
whirlpool,1
rain.,1
explodes!,1
cod,1
rain",1
market:,1
agony.,1
father-in-law,1
basking,1
things...,1
celestial,1
friend/boss.,1
inspiration.,1
biggest,1
spoon,1
heard!,1
friend...,1
listen.,1
loved.,1
lay,1
solo.,1
adventure,1
20.,1
thirsty,1
fell...,1
shining,1
spotlights,1
dance-break,1
lamb.,1
hay.,1
wet.,1
rose-shaped,1
emanate,1
walk',1
candlelight's,1
hastily,1
imagined.,1
cackles.,1
21.,1
pad.,1
clearly.,1
spot!,1
bullseye!,1
says,1
22.,1
scooting,1
dismantled.,1
stable,1
tub,1
caught,1
prey,1
geese,1
splits,1
gotten,1
pity,1
23.,1
concern,1
silverware,1
leg,1
horrified,1
mid-air.,1
refrain,1
pace,1
tea!,1
swells,1
courtesy,1
24.,1
service.,1
pack,1
cue,1
"laaaaaa!",1
lose...,1
creating,1
whirls,1
shots,1
sweeping,1
dog),1
perfectly,1
sleeps.,1
bashes,1
probably,1
manly,1
25.,1
starve,1
speed.,1
desired,1
calmly,1
italy.,1
ignites,1
(as,1
shout,1
plummette,1
on...,1
fellow",1
occurred,1
benevolently.,1
anxiously,1
sacrebleu!,1
replaced,1
26.,1
team,1
haughty,1
platoon,1
mistress,1
collapses,1
smiling.,1
was...,1
27.,1
lie,1
smell,1
"belle...",1
tavern.,1
registers,1
would.,1
shoos,1
twists,1
they'd,1
gulp.,1
oops-a-daisie!,1
splendor.,1
28.,1
pacing,1
(turns,1
(struggling),1
page,1
pepper,1
memory,1
bravissima!,1
29.,1
"where,1
quoi,1
before!,1
cared,1
starry,1
crazy!,1
wolf.,1
chews,1
outwards.,1
opposing,1
prey.,1
pair,1
wiser,1
listening.,1
wife's,1
garments.,1
suite!,1
gravity,1
hunt:,1
illuminated,1
big.,1
tentatively,1
recoil,1
funnel,1
crossbow,1
mind's,1
extinguished.,1
immediately.,1
climb,1
baguette.,1
(formerly,1
crumpled,1
whoever,1
golden,1
papa...,1
ivories,1
parapet.,1
razors.,1
flowers,1
warmth,1
title.,1
metallic,1
coast,1
tamps,1
provide,1
eyebrows,1
famished,1
opportunist),1
fur.,1
sorrows,1
circling,1
fountain!,1
bright,1
planned,1
scoots,1
glasses,1
1991,1
assure,1
prop,1
(laughs),1
tumble,1
merely,1
"charm,1
wealth,1
twitch,1
rudimentary,1
celebrates,1
say...,1
flower.,1
bedside,1
montmartre.,1
chere,1
"funny,1
eternal,1
fetch,1
clink,1
awed,1
recognizing,1
husband,1
flames,1
daughters,1
slashed,1
speeds,1
jewelry,1
raising,1
drinking,1
sacrifice,1
slashes,1
stays,1
countless,1
cogsworth:,1
ease,1
overrun,1
this.,1
vertically,1
sakes,1
gallops.,1
brimming,1
this!,1
upper-lip,1
specimen,1
scoops,1
exotic,1
piles,1
relief,1
wonderful.,1
wildly,1
daughter!,1
unbelievable,1
statues,1
minute.,1
montmartre,1
noticing,1
servants.,1
minute!,1
r√©sistance...,1
third,1
gratitude,1
eat.,1
demands,1
dearest,1
hammer...,1
pats,1
(on,1
(finally,1
open-mouth,1
creatures.,1
lumiere.,1
startled,1
sketches,1
ahhh!,1
wounded.,1
flushes,1
grate,1
anyway...,1
fallen.,1
barrels.,1
buyer,1
eats,1
wardrobe.,1
smear,1
behind!,1
touched,1
rooftops.,1
foot.,1
behind.,1
dress...",1
grass,1
handing,1
adjoining,1
#2,1
find:,1
touches,1
stage,1
taught,1
complicated,1
"teeth",1
`tick,1
dig,1
"i,1
glides,1
touch.,1
mimes,1
embrace.,1
obsessed!,1
bird,1
midst,1
warmly.,1
seated,1
laverie.,1
test,1
reviving,1
sobs.,1
strap,1
straw,1
candle-smacks,1
concern.,1
gratefully,1
rather,1
(pained),1
overwhelmed,1
worthy,1
endless,1
mist,1
bite,1
ettes,1
ignore,1
company,1
tearfully,1
would-be-,1
bank.,1
puzzle.,1
besotted,1
length,1
blessed,1
henry,1
loud...,1
(we,1
do!,1
arms.,1
bows.,1
do.,1
saber,1
acquaintance.,1
helping,1
silence),1
tiles,1
everyone!,1
door.',1
bowl.,1
revealed,1
bollywood,1
everyone),1
glittering,1
murder.,1
inspecting,1
fire...,1
bits,1
statue,1
loud!,1
sense,1
stall,1
fear.,1
field,1
plucks,1
warned,1
prince.,1
(a,1
silenced,1
us!,1
bags,1
glanced,1
"face",1
flowers),1
scattered,1
like.,1
known,1
flowers!,1
laundry,1
muttering.,1
surround,1
recombine,1
knows,1
plait.,1
tom/dick/stanley,1
stale!,1
florists,1
bless,1
bring.,1
idiots!,1
30.,1
deep.,1
invaders.,1
silenced.,1
shop.,1
space.,1
unseen,1
subject,1
teenage,1
claims.,1
powders.,1
mais,1
liked,1
31.,1
cup:,1
manhandled,1
twirl.,1
combine,1
waste,1
cries,1
candlestick.,1
three!,1
small-minded,1
dry,1
streak,1
32.,1
feed,1
wallop,1
graceful.,1
latticework,1
playing.,1
stiffen.,1
33.,1
nonsense,1
ball,1
airborne,1
relive,1
transformed,1
lullaby,1
tiered,1
sash.,1
cold-hearted,1
34.,1
rapidly,1
direction.,1
operatic,1
wakes,1
due,1
waking,1
bam!,1
mercy,1
s'il,1
fades.,1
table's,1
sorrow,1
35.,1
scurry,1
drawing,1
stick,1
1.,1
released,1
height,1
august,1
drowns,1
distance.,1
gilding,1
received,1
36.,1
sunrise.,1
impatiently,1
silhouetted,1
spinster,1
lock.,1
last.,1
37.,1
cute,1
crumbles,1
impressed!,1
last!,1
glance,1
boots,1
(sings,1
mix,1
sees...,1
38.,1
sleep.,1
many,1
dread.,1
won.,1
releases,1
controlled,1
appear,1
stab,1
definitely,1
4.,1
(pointed),1
glide,1
melted,1
forced,1
39.,1
mm.,1
blanket.,1
darker,1
buckle.,1
whoa.,1
roughly,1
5.,1
changed.,1
crushes,1
perhaps...,1
whoa!,1
yawns,1
beard,1
dropping,1
felt,1
bears,1
secures,1
cell.,1
troubling,1
6.,1
culinary,1
carnivore.,1
unlocks,1
rounds.,1
walls...,1
allow,1
knocks,1
enter.,1
18th,1
bitter,1
beaches.,1
lot.,1
revealed.,1
common,1
7.,1
themselves,1
twig,1
workspace.,1
entertains,1
navigating,1
bars,1
incredibly,1
8.,1
attic,1
mm...,1
opulence.,1
base,1
shovels,1
axes,1
mom,1
boom!,1
seeps,1
gawking,1
9.,1
greek.,1
attempts,1
quickly...,1
left.,1
mr.,1
lumps,1
beams,1
refrains,1
rickety,1
knowing,1
pining,1
ceiling!,1
flock,1
signature,1
churn,1
forehead,1
foundation,1
lonely.,1
appearances,1
enchantress...,1
playful,1
gusto,1
two!,1
hangers-on,1
`round,1
low.,1
gathering,1
sconces,1
escape!,1
devotion,1
exists,1
escort,1
prepared,1
`g-a-s-t...,1
butcher,1
dabbing.,1
seen),1
sun.",1
rising.,1
desolate,1
coarse,1
hunter,1
mother...,1
expecting,1
sharp.,1
rooooaarrrr!,1
scrubbed,1
cascade,1
coward,1
slaps,1
laundry.,1
squeezed,1
tall.,1
preparing,1
trays:,1
squeezes,1
mud,1
shadow-play,1
clouds,1
freedom.,1
relax.,1
sweetest,1
accompaniment,1
eh!,1
battlefield.,1
stephen,1
spent,1
bean.,1
command,1
heavens.,1
exhausted.,1
dessert,1
jabs,1
delusions.,1
tally,1
wine's,1
crestfallen.,1
year,1
leaves),1
"awww!",1
tock...,1
sounds.,1
anguish,1
shrewish,1
yesterday.,1
tock,1
leaves:,1
famine,1
neat,1
surveying,1
leaves.,1
near,1
gallop.,1
inviting,1
evening.,1
play...,1
horse!,1
planning,1
guess,1
flanks,1
ragout,1
happening,1
note.,1
entertainers,1
thrashes,1
scratches,1
windowpane,1
reciting,1
agathe's,1
sleep,1
theme.,1
30's,1
toes,1
cold.,1
appreciation.,1
slam,1
ridiculous,1
intrusion,1
tearing,1
feathering,1
addressing,1
damnation,1
evidence,1
eager,1
love...,1
straps,1
tinkers,1
laverie...,1
cringes,1
sled,1
collapses.,1
cottage.,1
chases,1
groomed,1
either.,1
resplendent.,1
poised,1
expectorating!,1
cruel,1
gather,1
candy-colored,1
vestry,1
cocks,1
(and,1
useful,1
blessed!,1
punches,1
companion,1
backside,1
landmarks,1
sleeping,1
flutters,1
snarling,1
stretch,1
plummets,1
havoc,1
dumped,1
verona.,1
packed,1
illuminate,1
drifting,1
skittishly,1
linda,1
praise,1
scissors,1
frenzy,1
wardrobe's,1
berkeley,1
kicks,1
flinches,1
shaft,1
gift,1
atmosphere,1
rolled,1
deepest,1
belt.,1
brave,1
judge,1
gargoyles.,1
starve!,1
forth,1
weathered,1
crossing,1
40.,1
driver,1
"beauty",1
aback,1
cocoon.,1
41.,1
candles.,1
asked,1
melodramatic,1
lumi√®re...,1
belts,1
journey.,1
slurps,1
does.,1
soap...,1
sorcery!,1
honestly,1
linger,1
somehow.,1
done!,1
plops,1
spell!,1
42.,1
slip,1
weapon.,1
read...,1
does!,1
news.,1
43.,1
finest,1
primped,1
tucked,1
entrance,1
speak...,1
shaky,1
catching,1
settings,1
idiot.,1
emotional.,1
44.,1
amazing.,1
scales,1
unexpectedly,1
wagon's,1
name's,1
turn.,1
(weak,1
torches.,1
45.,1
isolated.,1
grunt,1
spies,1
underneath.,1
wood.,1
decides,1
adjacent,1
46.,1
super,1
headmaster.,1
yep.,1
crumbling.,1
(excitedly),1
transpose,1
forms,1
furniture.,1
broken.,1
dancing:,1
shift,1
down!,1
47.,1
jealousy:,1
skills,1
accusation,1
builds,1
pivot,1
mimicking,1
flat.,1
poor",1
fully,1
shoeing,1
thoughts.,1
voices,1
48.,1
rotten,1
flatware's,1
know...,1
hurts!,1
times.,1
hug.,1
medicines.,1
guarantee,1
49.,1
nobly,1
rips,1
pound.,1
gray,1
cheer.,1
insane,1
bared,1
lothario,1
tout,1
retract,1
yet.,1
foam,1
genuinely,1
no-,1
voice.,1
candlelight...,1
seeming,1
attractive,1
imagine,1
ruffians!,1
flings,1
parisian,1
thought.,1
swoops,1
rallies,1
clothing,1
aloud,1
nod,1
(whispers,1
silent.,1
house.,1
prince!,1
cupola.,1
perfume,1
philippe...,1
shyly.,1
central,1
intrigued,1
footbridge.,1
faintly,1
perfetta!,1
green,1
ext./int.,1
locking,1
greet,1
debutantes:,1
grew,1
preening,1
clock.,1
reins.,1
risk,1
attempted,1
slurp,1
design.,1
hoofprint,1
difference.,1
flair,1
modest,1
tray...,1
fan,1
crush,1
pricked,1
stuck,1
taxed,1
plan,1
petting,1
liver,1
song",1
double,1
"yes!,1
napkin.,1
hunched,1
embarrassing.,1
breaks.,1
comfortable,1
"not"),1
turret!,1
look!,1
education.,1
fever,1
cupboard:,1
gain,1
burned,1
slanted,1
v-day,1
relieves,1
sun.,1
what.,1
pottery.,1
alive!,1
presents...,1
grin,1
commandeered,1
grip,1
going.,1
wet,1
position...,1
meanings,1
sexiest,1
shirt,1
battle-ready.,1
eruption,1
board,1
grim,1
snow...,1
stuff,1
guest.",1
pursuing,1
fed,1
drink.,1
subtle.,1
halloween,1
stressed,1
leap!,1
letting,1
nighty-night.,1
rain,1
cellar,1
hunt,1
gruesome,1
breath.,1
stumbling,1
chairs.,1
plea,1
keen,1
effects,1
coughing.,1
nonsense!,1
hunk,1
yourselves.,1
staggers,1
flirtatious,1
lefou!,1
unexpected,1
cracking!,1
deserves,1
herbs,1
pressed!,1
damned,1
wig,1
how...,1
curtsies,1
madame.,1
lefou),1
dies,1
win,1
mocked,1
lefou;,1
rigid.,1
madame!,1
"be,1
pardon!,1
growls.,1
shine,1
bespeaking,1
sculpted,1
boiling!,1
attention,1
shiny,1
shins,1
unfold,1
grunts,1
dipped,1
powders,1
rrr-,1
losing,1
investigates,1
who!,1
ablaze,1
grow,1
squashing,1
...one,1
veil,1
crystal.,1
here...,1
former,1
panic,1
haunted,1
boiling,1
turning,1
gold-leaf,1
peace,1
head's,1
folk,1
plunk.,1
quality!,1
admire,1
cabinet.,1
rescued,1
firecracker,1
death.,1
squalor...,1
are...,1
charge,1
need.,1
familiar,1
breaths,1
third-,1
gape,1
(appeals,1
girly,1
familiar...,1
haunt,1
neither.,1
whooshing,1
lands.,1
(hands,1
poof!,1
won,1
scary,1
workbench,1
heating,1
wow,1
gash,1
decaying,1
amour...,1
en,1
cart),1
tumbles,1
cart.,1
upside-down,1
marble,1
anything.,1
screams,1
cart:,1
carry,1
potter.,1
frame,1
"if,1
fog,1
discouraged.,1
hauls,1
now-toothless,1
majordomo.,1
"is,1
fox,1
excellent!,1
gaston!",1
perhaps,1
rate,1
trouble,1
i",1
girl",1
too...,1
skies.,1
chair.,1
plastered,1
sketching,1
50.,1
form,1
drifts,1
ohhh.,1
nose.,1
presents,1
placed,1
ho,1
shushes,1
divine,1
flourish,1
51.,1
diving,1
dispatches,1
be.",1
swooning,1
stars.,1
dejected,1
dismissed,1
doorway,1
rave,1
banners,1
52.,1
shakespeare,1
place.,1
je,1
slips.,1
fa-vor-ite,1
oversize,1
boys!,1
turned,1
eagerness,1
majestic,1
banging,1
appetite!,1
sparkling,1
53.,1
tipping,1
funny.,1
digest,1
cruelest,1
moment's,1
camera,1
delight,1
water.,1
wooded,1
54.,1
cheek.,1
wooden,1
intervene.,1
"days,1
tipped,1
playtime!,1
complete,1
fun,1
pants,1
sea.,1
exquisite.,1
leaps.,1
55.,1
ma,1
wafting,1
terrible.,1
o',1
antique,1
wilting.,1
"gaston,1
groundskeepers,1
dabs,1
mother's,1
windmill,1
dirt,1
feeling,1
56.,1
plus,1
wrench,1
grabbing,1
dish,1
dream,1
ne,1
noble,1
rays,1
land.,1
tackroom,1
gliding,1
keys,1
careful,1
storage,1
57.,1
dress.,1
reveal...,1
now...,1
dress!,1
suggest.,1
engaging.,1
burly,1
follow.,1
positioned,1
heal,1
somehow,1
ok,1
fight,1
allows,1
brief,1
aside!,1
rabbits.,1
homeless,1
58.,1
intelligent,1
undergrowth,1
guest!!,1
kisses,1
frise,1
sits.,1
heaven's,1
soul!,1
rocket,1
59.,1
promised,1
candle.,1
brave!,1
gold.,1
speaking,1
freeze,1
bathed,1
entrance.,1
here's,1
`doggie,1
spoils,1
lowered,1
seat,1
here'd,1
wander,1
on:,1
form.,1
checking,1
serenity,1
belly,1
"library":,1
evaporating,1
bled,1
crawls,1
8am.,1
disturb,1
liar,1
(recovering),1
snipped.,1
stormy,1
fights,1
shudder,1
change.,1
massing,1
skateboard.,1
storms,1
(greets,1
enchant√©,1
shape.,1
---,1
mid-air,1
amazing,1
uh,1
laughing.,1
harried,1
gaston.",1
upright,1
silhouette,1
brutes',1
bolster,1
knot,1
inclined.,1
cyrano.,1
promise!,1
rose-,1
shaped,1
rose!,1
changes,1
punctuated,1
sings:,1
decides),1
promise.,1
shapes,1
settles,1
screw,1
shriek,1
pristine.,1
hauled,1
fiercely,1
stones.,1
squeaking,1
dame,1
sunlight.,1
monster's,1
wigs,1
dignity.,1
dragon,1
none,1
company.,1
foul-tempered,1
problem,1
trills.,1
exit.,1
deeply,1
asleep,1
presence,1
cadenza.,1
unkind.,1
plucked,1
nails,1
unison.,1
little...,1
freshly,1
instrumental,1
cosy.,1
antlers.,1
court.,1
mural,1
bottom.,1
"woman's,1
busby,1
nervously,1
dart,1
thrusts,1
resembling,1
whooshes,1
display!,1
precious,1
directions.,1
sell,1
sally,1
apologize,1
smudge,1
bouquets.,1
protective.,1
long-suffering,1
her',1
addresses,1
grinning,1
spitting,1
ev'ry,1
girth,1
curious,1
stranded,1
nightmare,1
edge.,1
plague.,1
voices.,1
drapes,1
hills,1
oh...,1
grunt),1
anyone.,1
squeezes.,1
smitten.,1
moonlight,1
decay.,1
rarrr,1
conveyer,1
master's,1
gloppy,1
lancelot.,1
garish,1
magical,1
her:,1
dignity,1
skies,1
wild,1
snap,1
platter,1
hurt!,1
imploding.,1
flicker,1
together.,1
recognized,1
buds,1
so...,1
slows,1
flicked,1
(sotto),1
tinhorn,1
thus,1
cavity.,1
day!,1
footlights,1
machine.,1
prepared!,1
reunion.,1
flamb√©!,1
machine',1
recognizes,1
chapter,1
carriage,1
dead...,1
blossoming,1
blur,1
(still,1
arrived,1
uh...,1
blankets:,1
strapped,1
athletically,1
traveler.,1
bumps,1
skate!,1
corridor/belle's,1
ruined,1
echoes,1
finally.,1
suite,1
tucks,1
anguished.,1
chbosky,1
fish...,1
handled!,1
yours,1
undone,1
soleil.,1
illuminating,1
cozy,1
wheels.,1
quick.,1
skipping,1
pan,1
inquisitive,1
mugs,1
pay,1
evan,1
erased,1
60.,1
success,1
neck's,1
agility,1
unnerving,1
devours,1
scary.,1
waste.,1
retreats.,1
creak.,1
gathered;,1
remove,1
61.,1
sneezing,1
menus,1
presenting:,1
singer.,1
sexy,1
wits,1
victory,1
voce,1
ravenously.,1
tattered,1
makeover.,1
62.,1
service,1
teeters,1
snip,1
lady,1
hopeless,1
pocket,1
reloads,1
offense,1
focus,1
invisible,1
changing,1
usher,1
63.,1
williams,1
pen,1
roars.,1
dripping,1
alright,1
64.,1
loving,1
alpha.,1
appearing,1
bulk,1
despair,1
"enough,1
gun,1
cloak.,1
65.,1
instant,1
indicating,1
engages,1
injured,1
suffering.,1
glee.,1
shaves,1
growing),1
gonna,1
chores,1
impressions,1
rides.,1
growing:,1
66.,1
dashingly,1
pastry,1
increasing.,1
ballroom/foyer,1
arrow,1
supernatural,1
67.,1
frostbite,1
wilting,1
gleam,1
wake,1
cheese...,1
understated.,1
whether,1
sneak,1
remember.,1
hopeful.,1
terror,1
moths,1
sway,1
68.,1
ushers,1
spooky,1
(shock,1
bush,1
sneers,1
prisoner,1
agathe!,1
blinks,1
69.,1
lips.,1
ties,1
busy,1
design,1
bust,1
agathe),1
burn,1
deathbed.,1
lamp,1
remember!,1
become...,1
despite,1
sack...,1
darting,1
cuckoo!,1
paragon!,1
bury,1
velvet,1
pleasure.,1
formerly,1
girls!",1
snorts,1
bath.,1
bejeweled,1
june.,1
snorts.,1
chaos,1
plumette;,1
rifles,1
gunpowder,1
echoing,1
sopping,1
bravely,1
feeling.,1
exposed.,1
glimmering,1
gilded,1
scanning,1
happy.,1
chase,1
raving,1
pop,1
spoonful,1
rubberneckers.,1
latest,1
cruelty,1
stiffens.,1
uneasily,1
four!,1
clenches,1
cupid,1
war.,1
huddles,1
charm,1
miniature,1
reads:,1
stables,1
weapon...,1
tilt,1
screenplay,1
anymore,1
secure,1
placing,1
hag,1
hat,1
end.,1
spittoon:,1
intrude.,1
lass,1
coaxes,1
straight!,1
mule's,1
checks,1
outskirts,1
lefou/villagers,1
power.,1
basement,1
rotating,1
drinks.,1
retreat.,1
he!,1
hooked,1
complaining,1
brute,1
booming,1
settling,1
rustic,1
thing:,1
stronger,1
faces:,1
tip),1
denying,1
prototype.,1
perk,1
shudder),1
assembled,1
good!,1
steady,1
early,1
bedroom!,1
freaked,1
intruder,1
grand-mother,1
dashing,1
bread...,1
guilt.,1
bookworm,1
poetry.,1
rakish,1
wing...,1
impossibly,1
bedroom/,1
bedroom.,1
poof...,1
pets,1
nocturnal,1
forming,1
them!,1
options,1
fashion-crazed,1
grows,1
vous,1
okay,1
having,1
twigs,1
with...,1
outrageously,1
apparently,1
then!,1
surprised.,1
fearlessly,1
valuable,1
flinging,1
uncomfortably,1
lazy,1
tail.,1
shame.,1
layer,1
cabbages.,1
warily,1
entertaining!,1
(singing),1
murmur,1
muddy,1
reverse,1
(angry),1
disappear.,1
polish.,1
waxy,1
lays,1
gallant,1
beam,1
torn.,1
reveal:,1
benevolently,1
baby.,1
hurry!,1
listen,1
windows.,1
gown.,1
magic!,1
duster,1
flutes.,1
missing.,1
stunned.,1
bear,1
hospitality...,1
trampling,1
again!,1
group,1
repeatedly,1
bruised,1
resist,1
history,1
furious.,1
flashes.,1
suggestion.,1
"prince,1
hm.,1
shutters,1
general,1
invisible.,1
boring.,1
puzzled.,1
clear,1
alternative,1
crowded,1
teapot,1
banquet's,1
steams,1
bed!,1
harpsichord.,1
whistle.,1
neither,1
harpsichord!,1
or...,1
guests.,1
garden.,1
standing.,1
beef,1
coverlet,1
still...,1
tell.,1
trio,1
trip,1
laugh.,1
appreciate,1
casually,1
dental,1
itself...,1
laugh!,1
understand!,1
killer,1
breastplate.,1
soft,1
happen,1
(sotto,1
subject.,1
souffle,1
everything's,1
lumbering,1
brushes,1
come!,1
(thinks,1
hop,1
seat.,1
d'arque.,1
dusty.,1
boorish,1
blocking,1
enrolled,1
spare,1
spreads,1
relights.,1
deafening,1
march,1
june,1
answer,1
70.,1
series,1
girls.,1
glen,1
coming...,1
sometimes,1
promise,1
portrait.,1
trail,1
71.,1
froufrou.,1
pecks,1
vision,1
72.,1
blame,1
confusion,1
carrying,1
safe.,1
beginning,1
heads.,1
73.,1
deceived,1
passed,1
tank,1
moonlight.,1
outward,1
notice,1
respects,1
wafts,1
winged,1
darling,1
froufrou!,1
eternally,1
returned!,1
74.,1
print,1
2016,1
whinny,1
brainless...,1
canvas.,1
repulsed,1
thigh.,1
wolves.,1
guinevere,1
soon,1
75.,1
tables,1
excitement.,1
hoop,1
action,1
mule.,1
saucers,1
(seeing,1
taloned,1
savoring,1
unafraid,1
mark.,1
76.,1
disbelief,1
faraway,1
life-like,1
impression,1
dutifully,1
sings,1
hot!,1
explores,1
deliver,1
fosse,1
answer.,1
77.,1
kneading,1
approaches:,1
table:,1
ask...,1
gathers,1
within,1
attackers,1
menu,1
playfully,1
78.,1
trolley.,1
captain.,1
tablecloth,1
concerned,1
banquet,1
spinsters,1
79.,1
wife!,1
blade,1
expertly,1
bares,1
existence!,1
through!,1
jolly,1
bet!,1
aide-de-,1
(about,1
cities,1
clockwork.,1
difficult,1
film,1
sort,1
friends,1
forges,1
flies...,1
leaning,1
four-poster,1
concoction,1
position,1
present,1
spiliotopoulos,1
curtain,1
softly,1
adorable,1
belong,1
sheath,1
borders,1
stalking,1
blinking,1
mess,1
troubles,1
transform,1
heat.,1
beatrice!,1
splashes,1
bouquet.,1
bustles,1
puzzle,1
helplessly,1
tower.,1
encouragement;,1
notre,1
glue,1
older!,1
scream,1
exactly.,1
older.,1
fit.,1
coughing,1
fireplace.,1
Ôª?,1
thud.,1
fire,1
yes...,1
extraordinary.,1
exactly:,1
listens.,1
sticking,1
based,1
maman.,1
spray,1
far-off,1
blind.,1
howl,1
splattered,1
pointed,1
fray,1
waltzing,1
celebration.,1
cheated.,1
church.,1
favoring,1
crackling,1
crab-walks,1
plants,1
spire,1
retaliate,1
looks.,1
designing,1
(points,1
show-offy,1
villager.,1
oldest,1
hinges.,1
trips,1
fish,1
invite,1
alarming,1
life!,1
maids,1
fast!,1
`t',1
argumentative,1
stiff-,1
lopes,1
icy,1
apothecary's,1
hello.,1
horror.,1
hunger,1
bursts,1
slept,1
guessed,1
loudly,1
strap...,1
thinking!,1
dance;,1
swept,1
hmm...,1
re-emerging,1
yards!,1
hesitate.,1
surfaces,1
outraged.,1
downstairs.,1
dramatic,1
dance.,1
knife.,1
`washing,1
yelping,1
ambulatory,1
stepping,1
uprights,1
ever.,1
smell!,1
briefly,1
(roars),1
dies.,1
dressed,1
by...,1
ornamentation,1
underneath,1
herself.,1
herself),1
run.,1
pride,1
patrons,1
gaston),1
danced,1
governess.,1
seize,1
ma√Ætre.,1
causes,1
pudding!,1
finishes,1
rubble,1
flurry,1
wherever,1
finger,1
dieu.,1
rattling,1
snip...,1
paints,1
once.,1
prefer,1
door!,1
moved.,1
dramatic.,1
springs.,1
graceful,1
space,1
moment.,1
exhausting,1
unprotected.,1
runs.,1
in!,1
baguette,1
hope.,1
finished,1
statement.,1
tromps,1
in:,1
glory.,1
winces.,1
tossed,1
dazzling:,1
arthur,1
handiwork.,1
thrilling,1
unwitting,1
death,1
steal,1
far!,1
advice,1
precipice.,1
pries,1
outdoors.,1
powder,1
laughs,1
bends,1
mother.,1
seemingly,1
jealous,1
moments,1
array,1
(picks,1
steam,1
hobbling,1
struggle.,1
ink,1
charging,1
head...,1
tricks,1
pestle,1
fans,1
request.,1
`allo.,1
heaving.,1
request!,1
gust,1
hurries,1
maurice...,1
week.,1
cogsworth's,1
rage),1
shimmies,1
contorting,1
himself:,1
clearing.,1
checkmate.,1
farm,1
howling!,1
perfect!,1
bellowing,1
grief,1
younger,1
axes.,1
lighting,1
shaking,1
snore,1
smudged,1
philippe),1
charges,1
survived.,1
chapeau.,1
80.,1
jerks,1
endure,1
comically,1
charged,1
castle...,1
"alms,1
fate,1
frenchmen,1
heartbroken.,1
move.,1
81.,1
master...,1
appealing.,1
it),1
relents.,1
pulled,1
unrefined,1
breathe.,1
from",1
children.,1
perfect.,1
simple.,1
fast,1
trials,1
82.,1
spin,1
touristy,1
crashing,1
edifice,1
earlier).,1
couple,1
flees,1
jean.,1
controls,1
saddle,1
senses,1
affection.,1
83.,1
duck,1
finish,1
make-overs.,1
talking.,1
moustache,1
escapes,1
gesturing,1
countries.,1
wrapping,1
rest.,1
distorted,1
helpless,1
respect,1
84.,1
rages,1
exchange,1
rest!,1
rifle,1
hairpins.,1
magically,1
plumette's,1
flee.,1
85.,1
undo,1
elaborately,1
happiness,1
strikes,1
fris√â.,1
trigger.,1
stand...,1
pour,1
"singin',1
86.,1
truth,1
well-read,1
pushed,1
objects.,1
shoulders,1
smaller,1
ago,1
immaculate.,1
oui!,1
working!,1
handed...,1
87.,1
number,1
footfall.,1
connects,1
muscles,1
punish,1
saunters,1
horns.,1
property,1
grandest,1
sword-fight,1
(coos,1
cornered,1
mob.,1
ahh,1
whistle,1
tough,1
88.,1
enchantress.,1
animated,1
silver,1
mighty,1
tight.,1
presenting,1
sleeves,1
artisans,1
blessing,1
fathers,1
hard.,1
city,1
year.,1
89.,1
liar!,1
defeat,1
dazed,1
bubble,1
go...,1
glows,1
speak,1
shoulder.,1
saddle.,1
strike.,1
pivots,1
meantime,1
bobs,1
powerful,1
atop,1
`cause,1
icing,1
family's,1
am.,1
respond.,1
brains,1
cage,1
mister,1
hair!,1
self-loathing.,1
ale,1
(confidence,1
border,1
charmed.,1
tying,1
finale,1
barrels,1
real,1
voyage.,1
sadder,1
dusts,1
curtain.,1
ami,1
voyage!,1
comfortable...,1
jumping,1
rusting,1
it's...,1
pawing,1
disrepair.,1
flabby,1
row,1
within.,1
buffed,1
perched,1
neurotic,1
wild-eyed,1
ego.,1
hails,1
ladder,1
drawbridge,1
silently,1
barking,1
anywhere,1
slumps,1
"may,1
roundelay,1
cape.,1
ladies.,1
devoted,1
prisoner.",1
cabaret!,1
favor.,1
demand,1
mount,1
swirls,1
reflection),1
"lend-a-hand",1
arrived.,1
imitating,1
accuse,1
increased,1
slump.,1
shattering.,1
handed,1
pudgy,1
revealing...,1
locked.,1
confusion.,1
tarnished,1
mademoiselle...,1
five!,1
art,1
choice.,1
host.,1
pudding,1
curls,1
can.,1
um...,1
kick,1
course!,1
`scuse,1
rug,1
dusk,1
towering,1
mouse,1
(snivelling),1
either,1
stands.,1
cracks,1
defiance,1
walking.,1
horned,1
delicious,1
camp,1
screaming,1
heavily.,1
signals,1
cherie,1
accosts,1
parties,1
bolt,1
host...,1
dinner...,1
grins,1
proof!,1
planted,1
forward.,1
tock!,1
disappear,1
shot,1
defend,1
street,1
barge!,1
crack.,1
...over,1
breaths.,1
stonework,1
sensing,1
vanished,1
bonk,1
recognition.,1
vision!,1
firewood.,1
awe,1
sips.,1
proof.,1
father-in-law...,1
nervous,1
true.,1
labyrinth,1
doomed,1
cape,1
soulfully:,1
tinkering.,1
horse-drawn,1
cast,1
reflexes,1
anxious,1
dressing,1
faces.),1
mops,1
grime,1
frost,1
apothecary,1
means.,1
slick,1
admired,1
subduing,1
waits,1
scraps,1
belle...",1
matches,1
guillotine,1
above.,1
saving,1
sticks,1
yaps,1
style,1
near.,1
grin.,1
beautiful...,1
fowl.,1
musketeers!,1
quickly.,1
exercise,1
transform.,1
stick.,1
freedom,1
violas,1
glorious,1
cooking,1
display,1
deathbed,1
larger.,1
nears,1
objects...,1
spotless,1
accounts,1
hotter,1
...charming...,1
simple,1
choking,1
"mob,1
cloud,1
corridor.,1
totally,1
cavernous,1
described,1
violin,1
king,1
...a,1
shatter,1
glamour,1
glimpse,1
claws.,1
nerve,1
rudely,1
eaten,1
cloth,1
ascents,1
forbid,1
padlock,1
clingy,1
patient,1
sad,1
danger.,1
mentioned,1
ridiculous.,1
shock.,1
wizened,1
omitted.,1
depicting,1
90.,1
guests,1
me...,1
boy!,1
simply,1
trembling.,1
concerto!,1
footman.,1
completing,1
flickering,1
plague,1
...sweet...,1
home...,1
barricades,1
face...,1
mouth.,1
91.,1
teeth.,1
hooves.,1
snore.,1
violated,1
job.,1
gaining,1
fits.,1
teeth!,1
angry,1
globe,1
ours.,1
92.,1
plans,1
real!,1
wobbles.,1
victorious,1
flitting,1
gasps.,1
gendarmes.,1
thwacking,1
servant,1
feathers...,1
93.,1
revulsion.,1
easel.,1
duped.,1
slicing,1
joined,1
inhaled,1
entered,1
better...,1
tending,1
94.,1
glowing,1
int./ext.,1
spyglass,1
plan.,1
astonished,1
slack-jawed,1
performs,1
superhuman,1
beg,1
bet,1
shouts,1
95.,1
enraged.,1
down...,1
chef-turned-oven,1
chair...,1
contact,1
france,1
cirque,1
view.,1
craning,1
splendidly,1
plaster,1
faded,1
montage,1
word.,1
96.,1
quaver,1
adjust,1
villagers',1
roasting,1
helps,1
tweezers.,1
then...,1
whimpers,1
barricade.,1
however,1
fastens,1
parade,1
enveloped,1
97.,1
signs,1
room),1
instructs,1
captured,1
sin,1
sir,1
lump,1
six,1
eyebrow,1
wearing,1
stroke,1
98.,1
hallways.,1
tunnel,1
elaborate,1
emerge.,1
frustrated,1
taste.,1
headstrong.,1
sick,1
depicts,1
99.,1
model,1
mademoiselle!,1
`stop,1
cradles,1
sentence,1
tock.',1
impatiently.,1
`tragic,1
chasing,1
buffeted,1
ordinary,1
foolish,1
wildest,1
"evermore",1
rears,1
distress.,1
straightens,1
guys.,1
focuses,1
emerged,1
thinking,1
brewing!,1
finishing,1
black.,1
bonjour!,1
gripped,1
bundle,1
amidst,1
thorn,1
missed,1
accent.,1
mesmerized,1
joke,1
bacon,1
punishment,1
hide,1
century,1
hollers.,1
cursed,1
knees,1
sign,1
northern,1
anger,1
mortified,1
champs-,1
price.,1
workshop.,1
proceeds,1
split,1
brush),1
cane.,1
situation.,1
hedge.,1
officially,1
fours.,1
inanimate,1
pokes,1
closer:,1
singing!,1
lever,1
...kind...,1
bob,1
closes.,1
strong-arm,1
snatched,1
dusting.,1
balustrade,1
`would-you-please-shut-up',1
glass.,1
infantry's,1
clothes.,1
upstairs,1
fours!,1
woods...,1
fall.,1
loses,1
potter...,1
houseware.,1
chance,1
there",1
nature,1
raised,1
cross,1
bandaged.,1
embrasure,1
control,1
emotion-filled,1
lesson!,1
10.,1
work",1
debris.,1
poet's,1
work!,1
"gift",1
acknowledge,1
earth,1
work.,1
dancing,1
reread,1
(coy),1
musket,1
pains,1
11.,1
scene,1
raises,1
dungeon!,1
boxes.,1
heartache,1
him:,1
squeezing,1
deny,1
12.,1
escorts,1
remaining,1
pitchforks,1
ami.,1
crash!,1
enhances,1
pi√®ce,1
d'arque's,1
apprehension,1
curtains,1
sum,1
flares,1
13.,1
serving,1
clothilde;,1
referring,1
trees.,1
closer.,1
actively,1
pain!,1
knights,1
slipping,1
kindness.,1
loads,1
pinking-shear,1
launch,1
14.,1
gratitude...,1
lumi√àre!,1
clang.,1
gallop,1
stones,1
incline...,1
away:,1
taunting,1
revelation,1
necessary.,1
15.,1
blunderbuss,1
"something,1
brushing,1
unclasps,1
instantly,1
jour,1
buzzing,1
all.",1
baby...,1
decision.,1
surprise.,1
sip.,1
advice.,1
16.,1
stole,1
reins,1
especially,1
desk,1
hint,1
grandmother.,1
terrified.,1
stone.,1
mortar,1
figures,1
17.,1
throne,1
react.,1
recreated,1
shelves,1
oops!,1
assesses,1
backing,1
be...,1
decorating!,1
elys√©es,1
punching,1
damsel,1
18.,1
sir.,1
monocle,1
sips,1
his.,1
enchantress,1
flute,1
and...,1
nights,1
clank.,1
dishes!,1
tonight...,1
19.,1
lightly,1
stillness.,1
react,1
gentle.,1
cabin.,1
sparkle!,1
embrasure.,1
tugs,1
(ever,1
compliment.,1
following,1
(where,1
racing,1
flag,1
roses!,1
maybe.,1
starvation.,1
aurora,1
weak,1
rock,1
blocked,1
lean,1
lovingly,1
second.,1
up...,1
spinning.,1
beyonc√©,1
bigger,1
tremble,1
chance.,1
woolverton,1
(takes,1
town's,1
histrionics.,1
away!,1
thugs),1
apology,1
slashed.,1
easel,1
nauseous.,1
propping,1
begun,1
help...,1
crashes,1
dentures,1
seething,1
miraculously,1
deflate.,1
lights.,1
raucous,1
staircases.,1
well.,1
furious,1
seamstresses,1
balks,1
wraps,1
excitement,1
well!,1
wipes,1
handle!,1
chances,1
testimony,1
dangerous!,1
week,1
feathers!,1
weakly,1
sais,1
aware,1
basin.,1
leg.,1
filthy,1
eligible,1
else.,1
done!",1
route.,1
player,1
smooth,1
cleaning,1
leg!,1
pose.,1
distracted,1
doctor.,1
"gaston.",1
carrier,1
...ten,1
clutches,1
oblivious,1
eases,1
shreds,1
tends,1
debonair,1
