the,1078
miguel,719
to,588
a,519
and,356
you,323
de,307
of,301
i,285
la,282
in,236
he,235
his,232
cruz,196
h√âctor,194
on,167
is,158
h√©ctor,149
imelda,138
my,135
up,120
with,115
no,113
but,109
her,106
mam√Å,99
for,98
it,98
from,98
your,97
that,93
abuelita,93
mam√°,91
she,85
at,84
me,83
as,79
(cont'd),79
family,78
out,77
dante,73
are,70
it's,69
have,67
i'm,67
looks,65
(beat),65
back,63
this,62
get,61
they,60
him,60
into,57
off,57
we,57
just,56
what,54
all,53
ext.,53
coco,52
--,50
be,50
like,50
miguel.,50
pap√°,49
know,48
miguel's,48
guitar,48
photo,47
not,45
cruz's,45
cut,44
was,44
if,44
you're,44
don't,43
who,43
an,43
one,43
pap√Å,43
can,43
stage,42
by,42
through,40
go,39
int.,37
see,37
remember,36
turns,36
he's,35
then,35
their,35
him.,35
away,34
(v.o.),34
plaza,34
play,32
julio,32
-,31
down,31
so,31
miguel!,31
frida,30
never,29
head,27
our,27
t√ça,27
suddenly,27
more,27
guitar.,26
music,26
when,26
(singing),26
how,26
crowd,26
clip),25
(film,25
look,25
do,25
come,25
mariachi,25
h√©ctor's,25
rosita,25
living,25
each,24
over,24
me.,23
marigold,23
family.,23
hey,23
t√≠a,23
other,23
takes,23
eyes,23
onto,22
let,22
about,22
toward,22
need,22
ay,22
oh,22
that's,22
t√ço,22
some,22
could,22
where,22
ernesto,22
make,21
security,21
put,21
runs,21
it.,21
would,20
(o.s.),20
up.,20
around,20
way,20
mi,20
ofrenda,20
here,20
will,20
time,20
steps,20
clerk,20
only,20
after,19
great-great,19
musician,19
now,19
want,19
pulls,19
night,18
going,18
right,18
hands,18
pepita,18
give,18
them,18
audience,18
oscar,18
wait,18
has,18
victoria,18
room,17
h√©ctor.,17
did,17
cruz.,17
you.,17
land,17
t√≠o,17
can't,17
imelda.,17
grabs,17
riveras,17
dead,17
falls,17
away.,17
guards,16
me!,16
wanna,16
help,16
young,16
there,16
face,16
dante!,16
petal,16
shoe,16
guard,16
little,16
agent,15
rivera,15
got,15
llorona,15
well,14
clip,14
day,14
later,14
(to,14
still,14
across,14
no!,14
photo.,14
life,14
reaches,14
song,14
find,14
hand,13
skeleton,13
woman,13
wanted,13
far,13
giant,13
which,13
or,13
old,13
arms,13
okay,13
she's,13
before,13
felipe,13
chicharr√ìn,13
moments,13
thought,13
say,13
front,13
sing,13
guide,13
los,12
petals,12
man,12
backstage,12
doesn't,12
hear,12
sees,12
even,12
we're,12
coco's,12
gives,12
lifts,12
home,12
d√≠a,12
courtyard,12
arm,12
gets,12
throws,12
plays,12
cross,12
goes,12
good,11
spirit,11
moment,11
past,11
berto,11
tries,11
bridge,11
reveal,11
her.,11
you!,11
begins,11
skull,11
must,11
them.,11
been,11
dante.,11
please,11
every,11
street,11
side,11
boy,11
should,11
really,11
left,10
you...,10
too,10
were,10
h√©ctor!,10
made,10
love,10
departures,10
dancers,10
coco.,10
didn't,10
cemetery,10
am,10
gotta,10
family!,10
blessing.,10
puts,10
face.,10
almost,10
had,10
skeletons,10
member,10
ofrenda.,10
officer,10
out.,10
i'll,10
audience.,10
corner,10
behind,10
two,9
full,9
home.,9
don,9
though,9
holds,9
whole,9
told,9
okay.,9
another,9
cruz!,9
great,9
leans,9
very,9
follows,9
own,9
talking,9
gonna,9
sunrise,9
jumps,9
trying,9
take,9
forget,9
dead.,9
stage.,9
emcee,9
it!,9
points,9
until,9
run,9
those,9
move,9
stop!,9
musicians,9
said,9
staircase,8
y,8
walks,8
hidalgo,8
(more),8
door,8
tell,8
spotlight,8
dog,8
no...,8
hand.,8
wrote,8
rises,8
arrivals,8
himself,8
next,8
window,8
songs,8
heads,8
un,8
proud,8
ground,8
mausoleum,8
lights,8
crowd.,8
playing,8
listen,8
comes,8
passes,8
music.,8
something,8
seize,8
papel,8
couple,8
sorry,8
real,8
talent,8
room.,8
there's,8
world,8
back!,8
back.,8
what's,8
him!,8
amor,8
se√±or,8
musician.,8
miguel),8
that...,7
loved,7
floor,7
think,7
shoes,7
grand,7
loco,7
statue,7
opens,7
bridge.,7
forward,7
pap√°!,7
open,7
stop,7
leave,7
dimple.,7
chamaco!,7
maybe,7
amigo.,7
keep,7
why,7
looking,7
knew,7
gasps,7
i'd,7
line,7
together.,7
much,7
window.,7
found,7
last,7
guitar...,7
beat,7
dejar√â,7
together,7
best,7
poco,7
bursts,7
again,7
first,7
in.,7
holding,7
blessing,7
air,7
catches,7
care,7
corrections,7
bones,7
rest,7
guests,7
party,7
hoodie,7
sky,7
stands,7
greatest,7
time!,6
lets,6
show.,6
does,6
someone,6
path,6
whose,6
above,6
band,6
many,6
enjoy,6
muertos,6
picado,6
rounds,6
end,6
gate.,6
flies,6
tour,6
such,6
grab,6
nearby,6
muchacho.,6
here!,6
approaches,6
visit,6
bring,6
ah,6
el,6
perks,6
chicharr√≥n,6
edge,6
skeletal,6
apart,6
us,6
they're,6
follow,6
hey!,6
heaven,6
tonight,6
cecilia,6
excuse,6
hat,6
travel,6
small,6
funicular,6
group,6
hold,6
abel,6
santa,6
grandson,6
stadium,6
painted,6
hears,6
heart,6
next!,6
cenote,6
papaya,6
revealing,6
mansion,6
moment.,6
struggles,6
you'll,6
pushes,6
movie,6
nothing,6
family's,6
stagehand,6
any,6
show,6
petal.,6
over.,6
most,6
daughter,6
boy.,6
peeks,6
i've,6
big,6
everything,6
c'mon,6
earth,6
makes,6
once,6
doing,6
same,5
making,5
supposed,5
hard,5
hate,5
crazy,5
picture,5
time.,5
tower,5
picks,5
clips,5
starts,5
this.,5
part,5
smiles,5
finds,5
under,5
forgotten,5
being,5
aunque,5
stay,5
fireworks,5
seems,5
year,5
sweet,5
isn't,5
floor.,5
spies,5
down.,5
no.,5
town,5
girl,5
central,5
kneels,5
instruments,5
grandpa,5
what!,5
monkey,5
used,5
outside,5
along,5
shine,5
ha,5
i...,5
oh!,5
places,5
while,5
coco...,5
than,5
pull,5
joins,5
i--,5
air.,5
these,5
now.,5
go!,5
wing,5
buenas,5
live,5
everyone,5
yes,5
light,5
again.,5
patrolman,5
great-,5
smile,5
film,5
glow,5
appears,5
eyes.,5
shocked,5
tower.,5
fire,5
music!,5
fade,5
people,5
inside,5
father,5
dressed,5
wings,5
door.,5
living.,5
plaza.,5
gestures,5
shoulder.,5
always,5
call,5
watches,5
forward.,5
fancy,5
case,5
bounds,5
boy!,5
chachalacos,5
home...,5
costume,5
begin,5
table,5
loses,5
ledge,5
mijo.,5
stole,5
kid,5
between,5
&,4
guard.,4
thank,4
empty,4
gone,4
better,4
realizes,4
rosa,4
listen.,4
cry,4
that.,4
beautiful,4
dog.,4
family...,4
home!,4
stare,4
offerings,4
quick,4
m√ç,4
couldn't,4
startled,4
ahhh!,4
pass,4
smile.,4
borrow,4
cueste,4
embraces,4
miss,4
baby,4
plucks,4
goodbye,4
stand,4
feet,4
becomes,4
met,4
idea.,4
guitar!,4
suitcase,4
step,4
ground.,4
forever,4
fingers,4
lost,4
work,4
secret,4
world.,4
leaps,4
returns,4
guest,4
(v.o),4
whirlwind,4
coco!,4
grave.,4
narrow,4
against,4
security!,4
screen,4
rolls,4
whoa...,4
yes!,4
eye,4
feels,4
vendor,4
gustavo,4
hugs,4
features,4
alive.,4
leads,4
song.,4
look.,4
drink.,4
head.,4
whoa,4
foot,4
familiar,4
food,4
image,4
ni√±o,4
strings,4
photos,4
feeling,4
dream,4
gaze,4
kisses,4
promised,4
on!,4
close.,4
closer,4
pepita's,4
uh,4
wide,4
competition,4
clerk's,4
staircase.,4
send,4
riding,4
station,4
rehearsal,4
arrives,4
tosses,4
shoes.,4
invitation,4
azul,4
instrument,4
h√©ctor...,4
pocket,4
beneath,4
department,4
walk,4
welcome,4
ha!,4
mansion.,4
anything,4
shadow,4
workshop,4
hurry,4
spreads,4
coraz√ìn,4
hustles,4
talk,4
primo,4
monitor,4
soon,4
barks,4
fine,4
true,4
curtain,4
compound,4
life!,4
life.,4
doors,4
anyone,4
fall,4
nice,4
bottom,4
ofrenda!,4
groundskeeper,4
close,4
act,4
kahlo,4
ah!,4
moves,4
exit,4
amongst,4
grandson!,4
tune.,4
...and,4
hands.,4
dumb,4
vida,4
taken,4
came,4
imelda's,4
mother,4
mouth,4
salud!,4
card,4
chamaco,4
sad,4
me...,4
stupid,4
bad,4
drags,4
gracias,4
gasps.,4
smiles.,4
set,4
words,4
glowing,4
deep,4
emerges,4
sign,4
there.,4
pokes,4
scrambles,4
one.,4
celeste...,4
and...,4
luchador,4
reach,4
seeing,4
sits,4
musician!,4
person,4
projected,4
ready,4
played,4
hall,3
songs...,3
mind.,3
backwards,3
quien,3
hang,3
roll,3
turn,3
straight,3
corner.,3
off.,3
sang,3
patrolwoman,3
nowhere,3
alebrije,3
blocks,3
taking,3
pile,3
to.,3
fantastical,3
frida's,3
top,3
famous,3
traveler,3
miguel...,3
that!,3
guards.,3
monitor.,3
watch,3
collapses,3
but--,3
thing,3
won't,3
glass,3
chest,3
toast!,3
short,3
stumbles,3
three,3
flowers,3
meant,3
chelo,3
husband,3
quererte!,3
quererte.,3
done,3
this!,3
mijo,3
piles,3
further,3
milk,3
mind,3
music...,3
taught,3
brows,3
priest,3
arms.,3
know.,3
bridge!,3
letters,3
pours,3
us.,3
knows,3
open.,3
otra!,3
swells.,3
sniffs,3
sweeps,3
singing,3
man.,3
grandpa.,3
tomb.,3
long,3
cuts,3
whoooosh!,3
loop,3
party.,3
murdered,3
knocks,3
tonight.,3
mask,3
landing,3
base,3
hola.,3
signature,3
compound.,3
flashback,3
voice,3
alley,3
rushes,3
slaps,3
kahlo.,3
because,3
marches,3
wouldn't,3
ceci,3
emerge,3
chases,3
faint,3
mam√°.,3
crosses,3
right.,3
shoulders.,3
marigolds,3
too.,3
shake,3
ancestors,3
took,3
races,3
torn,3
turn.,3
shoulder,3
flash,3
shines,3
whatever,3
hidden,3
color,3
something.,3
you--,3
instrument.,3
alive!,3
happened,3
wrong,3
shirt,3
nun,3
did.,3
please!,3
faith,3
here.,3
attention,3
turning,3
stares,3
dj,3
stairs,3
language,3
eh,3
es,3
burst,3
frame,3
tears,3
familia!,3
musician's,3
dios,3
drag,3
doorway,3
sparkling,3
sending,3
cheek.,3
wooden,3
cousin,3
lands,3
silhouette,3
drop,3
amigo,3
none,3
scans,3
yo,3
h√©ctor--,3
continues,3
snaps,3
apologize,3
sound,3
s√≠.,3
candles,3
nose,3
without,3
uh...,3
you've,3
echoes,3
wish,3
pan,3
area,3
familia,3
slowly,3
winner,3
we've,3
larger,3
guy,3
remembers,3
frida!,3
performing,3
wasn't,3
rooftop,3
sound.,3
continue,3
pepita.,3
grandfather's,3
ernesto!,3
grows,3
unfolds,3
way.,3
attention.,3
ernesto.,3
skeleton.,3
visit!,3
light.,3
clear,3
soft,3
prima,3
it...,3
santo,3
soon.,3
son.,3
hole,3
spectacular,3
tape,3
sings,3
gathered,3
evening,3
return,3
trash,3
gracias!,3
present,3
coming,3
stage!,3
alone!,3
extends,3
wants,3
dances,3
ofrendas,3
ratty,3
favorite,3
wing.,3
pictures,3
finishes,3
finger,3
moment!,3
world...,3
performance,3
much.,3
abuelita's,3
shakes,3
cheers.,3
himself.,3
poster,3
pops,3
imelda),3
pose,3
apologize.,3
noches,3
is...,3
body,3
amo,3
canned,3
imelda--,3
acts,3
dulce,3
spirits,3
gently,3
poison!,3
grito,3
food.,3
boy's,3
can.,3
ask,3
xolo,3
name,3
distance,3
leader,3
waits,3
corridor.,3
both,3
important,3
memory.,3
wait.,3
album,3
her...,3
'cause,3
contact,3
fades,3
forgive,3
corridor,3
thanks,3
gears,3
okay...,3
large,3
play.,3
muertos.,3
alive,3
break,3
change,3
muertos!,3
office,3
high,3
different,3
parents,3
box,3
backs,3
raises,3
friend,3
stopped,3
manager,3
beloved,3
story,3
...if,3
by.,3
stone,3
amigos!,3
sighs,3
climbs,3
place,3
hector,3
hair,3
who's,3
reads,3
half,2
lick.,2
around.,2
canten,2
coro!,2
spends,2
surges.,2
padre,2
shouldn't,2
obvious,2
adrian,2
huddle,2
business.,2
laugh,2
grandchildren,2
walked,2
sidles,2
anticipating,2
arranged,2
shrinks,2
love.,2
roof,2
other.,2
...family,2
camera.,2
distant,2
adjusts,2
glint,2
spots,2
save,2
matter,2
pino,2
listens,2
noise,2
own.,2
to--,2
glows.,2
upon,2
crawl,2
biggest,2
hated,2
friend...,2
archway,2
shining,2
times,2
says,2
leg,2
concern,2
worker,2
ceci...,2
where...,2
sweeping,2
show!,2
erupts,2
kitchen,2
on...,2
unable,2
blows,2
care.,2
qu√©,2
before.,2
start,2
pair,2
hall.,2
vignette,2
immediately.,2
remembered,2
h√©ctor),2
golden,2
piled,2
glasses,2
means,2
clip.,2
cruzcito,2
shows,2
deflates.,2
raising,2
tent,2
startled.,2
confused.,2
daughter.,2
mija,2
stack,2
picado.,2
pale.,2
shoe.,2
touched,2
bodies,2
behind.,2
outta,2
#2,2
solid.,2
concerned.,2
blessing...,2
brings,2
midst,2
possibly,2
finally,2
hideout,2
cruzmam√Å,2
greets,2
aldrich,2
sways,2
up!,2
showing,2
v√°monos.,2
silence.,2
revealed,2
proudly,2
ceci.,2
mention,2
stream,2
begun!,2
list.,2
darts,2
shop.,2
use,2
feel,2
funicular.,2
handsome,2
breath,2
walls.,2
enters,2
hiding,2
stick,2
sunrise!,2
pap√°.,2
frozen,2
flood,2
sunrise.,2
mic,2
slams,2
gazes,2
topples,2
alebrijes.,2
paces,2
wood,2
sidewalk,2
felt,2
crushed,2
forces,2
tonight!,2
7.,2
eso!,2
path.,2
boot!,2
loco!!,2
about...,2
ear,2
eat,2
ver,2
relief.,2
estate.,2
platform,2
walking,2
strums,2
tch-tch!,2
grave,2
spent,2
sorry!,2
(huffing),2
yeah,2
moving,2
version,2
mam√°!,2
note.,2
least,2
good-natured,2
conditions.,2
doorway.,2
sprint,2
crawling,2
delighted.,2
ride,2
sleeping,2
plummets,2
happens,2
slightly,2
chamaco.,2
singer,2
holiday,2
asked,2
kid...,2
c√°llate!,2
grandmother,2
too!,2
honor,2
dream.,2
catching,2
s√°quenlo,2
migue...,2
elderly,2
running,2
neon,2
la--,2
drawer,2
where's,2
structure.,2
yes.,2
se√ëores,2
jaw.,2
hug.,2
rips,2
gray,2
bones.,2
cabeza,2
forgetting,2
voice.,2
huge,2
might,2
thought.,2
blares,2
cousins,2
nearly,2
quickly,2
lowers,2
plan,2
song!,2
ladies,2
look!,2
gain,2
hammock,2
movies.,2
chorizo,2
amigo...,2
few,2
born.,2
you'd,2
hangs,2
sugar,2
died,2
swings,2
alone,2
win,2
station.,2
uses,2
oiga,2
hush,2
listen...,2
here...,2
al,2
hurt,2
drops.,2
muchas,2
gasp,2
found.,2
arching,2
patterns,2
tumbles,2
girl.,2
trouble,2
gracias...,2
i.,2
gate,2
whips,2
photo!,2
literally,2
banners,2
weren't,2
tardes,2
cheeks,2
softens.,2
turned,2
m√≠o!,2
funny.,2
revolving,2
pants,2
flyer,2
stairs.,2
keys,2
pool.,2
pretty,2
families,2
bell.,2
shhh!,2
on.,2
crawls,2
seen,2
souls,2
started,2
damas,2
ta,2
ofrenda...,2
known...,2
tv,2
willing,2
ooo,2
lie.,2
lick,2
shimmering,2
sneaking,2
support,2
cobblestones,2
apron,2
exits,2
dog's,2
chorizo!,2
held,2
beyond,2
ambles,2
wild.,2
daughter...,2
leather,2
instrumental,2
indoor,2
treat.,2
power,2
elbows,2
dress,2
gasp.,2
heart.,2
creatures,2
hero,2
stories,2
win.,2
smoke,2
edges,2
flicker,2
shoes!,2
dante...,2
sister,2
he'll,2
wriggles,2
recognizes,2
wind,2
patrolman.,2
are!,2
follows.,2
reunions,2
rosita's,2
harmony,2
unfurl,2
forgotten.,2
murder,2
darkened,2
child,2
applause!,2
brightens.,2
perform,2
wags,2
flashes,2
approach,2
blessing!,2
ever,2
tamales.,2
heading,2
violins,2
members,2
matthew,2
us...,2
lap.,2
rising,2
busy,2
burning,2
advertising,2
warehouse,2
happy.,2
wait...,2
nods.,2
marta,2
peeking,2
please--,2
slides,2
petals.,2
booing.,2
things,2
skeletons!,2
guide!,2
drinks.,2
asking,2
ends,2
good!,2
them!,2
scent.,2
surprised.,2
she'd,2
mustn't,2
layer,2
again...,2
chicharr√≥n's,2
re-entry.,2
there...,2
ceiling,2
clean,2
mam√°...,2
mean,2
pedestrian,2
understand.,2
him...,2
come!,2
gracias.,2
tears.,2
one's,2
tail,2
transition,2
tells,2
fantasy!,2
sometimes,2
promise,2
hola,2
trail,2
underwear,2
train,2
count,2
carrying,2
heads.,2
achoo!,2
notice,2
huh,2
shaking.,2
taps,2
femur!,2
hope,2
accompanies,2
bell,2
sparkly,2
slinks,2
file,2
table.,2
gathers,2
shanty,2
smack,2
seats,2
radio,2
but...,2
wanders,2
softly,2
mesh,2
sing!,2
cemetery.,2
fist,2
pieces,2
free,2
leave.,2
through.,2
wings.,2
actually,2
invite,2
leaves,2
(winded),2
gone.,2
it's--,2
family--,2
thumb,2
steep,2
hoped,2
church,2
cannot,2
sculptures,2
once.,2
tight,2
space,2
chest.,2
permission.,2
sister.,2
laughs,2
paper,2
rush,2
fans,2
hurries,2
setting,2
ran,2
underpass,2
pool,2
howling.,2
shaking,2
warms,2
is.,2
living!,2
altar.,2
yanks,2
cruz...,2
ti-ti-to,2
its,2
idly.,2
guys,2
nervously.,2
shoulders,2
ago,2
scuffle,2
melody,2
mighty,2
sleeves,2
knows.,2
city,2
glows,2
speak,2
sleeve.,2
atop,2
removes,2
`cause,2
grandson.,2
already,2
touch,2
breathes,2
dusty,2
row,2
center.,2
sorry...,2
ascends,2
altar,2
man's,2
devil,2
records.,2
notices,2
um...,2
sheepishly,2
view,2
out!,2
leaving,2
shop,2
disappear,2
ay!,2
bone,2
photo...,2
true.,2
stairway,2
gente!,2
loosen,2
bottle.,2
cast,2
conductor,2
songs!,2
whimpers.,2
lost.,2
...i,2
crate.,2
glimpse,2
bustling,2
dante's,2
also,2
life...,2
switches,2
deal,2
be.,2
memories.,2
joined,2
compares,2
shut.,2
bed,2
searches,2
montage,2
aren't,2
jogs,2
getting,2
faceless,2
related,2
never...,2
clears,2
molina,2
help.,2
avoid,2
tunnel,2
beside,2
join,2
abuelita.,2
straightens,2
brought,2
plate,2
dissolve,2
comfort,2
guys!,2
way...,2
snatches,2
descends,2
withering,2
attached,2
shuts,2
bunch,2
backstage.,2
unibrow,2
total,2
bolts,2
speakers.,2
morning,2
stops,2
mijo!,2
artists,2
cactus,2
declare,2
offerings.,2
films,2
adults,2
walkie-talkie.,2
frida...,2
be...,2
ones,2
bench.,2
streets,2
road,2
children,2
teeth,2
nobody,2
scared,2
happily.,2
mariachi!,2
unibrow.,2
h√âctor!!,2
roof.,2
towards,2
wipes,2
poqui-ti-ti-ti-ti-ti-ti-ti-,2
player,2
fault,2
fantasies!,1
smacks,1
gonzales-ramos,1
pick,1
stance.,1
clamps,1
legs,1
rattled,1
muffled.,1
ten,1
angling,1
tubaviolin,1
meanwhile,1
barbershop.,1
poems,1
size,1
frantic,1
forever!,1
pi√±ata,1
accessible,1
inspect.,1
hosting,1
nodding,1
relieved.,1
100.,1
grumpy,1
licks,1
things.,1
balances,1
spanning,1
julio--,1
quiet,1
hacienda.,1
dismounts,1
sub√ç,1
esp√©rame,1
yes-ing,1
pistons,1
101.,1
popular.,1
square.,1
throw,1
sunset,1
x,1
information,1
forever.,1
(calling,1
wheels,1
violent,1
abuela,1
102.,1
don't.,1
nesto!,1
rooo-rooo-roooooooo!,1
serious,1
tip,1
others,1
slink-walks,1
clouds!,1
hol√°,1
check,1
arranges,1
foyer,1
disguised,1
103.,1
encircles,1
right...,1
aside,1
son's,1
clouds.,1
roar.,1
forgotten...,1
absent-minded,1
104.,1
living...,1
ticket,1
cheek,1
multiple,1
other!,1
105.,1
creeps,1
hardens.,1
106.,1
terrifying,1
cocked.,1
murmurs.,1
m√©xico,1
illuminates,1
flashing,1
block,1
alegr√ça!,1
wall.,1
protecting,1
107.,1
convalescing,1
fretboard.,1
traveling,1
macintosh,1
see¬≠-,1
bungalow.,1
walk.,1
108.,1
ooooooh,1
toe,1
cameras,1
scrap,1
restored.,1
haul,1
energetic,1
109.,1
school!,1
loves,1
trots,1
defeated.,1
tense.,1
hates,1
match!,1
reminded,1
market.,1
nightclub.,1
spotlight.,1
coo,1
con,1
symphonic,1
things...,1
bullfight,1
heard.,1
raise,1
quite,1
traffic,1
sneaks,1
chicharr√≥n!,1
introducing,1
pardon,1
corrects,1
20.,1
eras,1
condition,1
spotlights,1
try,1
chicken,1
toddler.,1
piercing,1
obeys,1
protectively,1
21.,1
teaches,1
frustration.,1
direction,1
platform!,1
realizing,1
opening,1
22.,1
caught.,1
splits,1
strangers.,1
gotten,1
party-goers,1
led,1
lee,1
23.,1
horrified,1
worked,1
p.a.,1
snatching,1
statue.,1
pace,1
opposite,1
swells,1
24.,1
footprints,1
creating,1
fly!,1
1942...,1
mijos.,1
perfecto!,1
collapsed,1
dog!,1
left...,1
25.,1
lloraba.,1
show-,1
photo's,1
dittle-,1
flashlight,1
26.,1
team,1
hooting,1
filling,1
pads,1
footprint.,1
detained,1
footprint!,1
polish,1
fashion,1
stay.,1
swipes,1
importantly,1
cheerful.,1
27.,1
headstone,1
important!,1
(flipping,1
feathers,1
lit,1
shoot,1
shoos,1
28.,1
doubt,1
footprints.,1
amphitheater.,1
(reminiscing),1
cards,1
memory,1
place!,1
29.,1
house,1
before!,1
widens,1
pain,1
garnering,1
plate.,1
licking,1
imitates,1
disney,1
illuminated,1
alight,1
marigolds.,1
downward,1
crumples,1
grandkids,1
overwhelmed...,1
climb,1
elena,1
silver-masked,1
whoever,1
plump.,1
grasps,1
breeze.,1
deliberating.,1
enter,1
bien,1
unnoticed,1
mean.,1
destroy,1
party...,1
offering!,1
hostage,1
plaza...,1
lecture.,1
creative,1
wonderful!,1
awe.,1
myself.,1
shocked.,1
provide,1
eyebrows,1
dog...,1
dittle-ittle,1
resonant.,1
holiday!,1
scoots,1
cumbia,1
relic.,1
computer,1
visitors...,1
low,1
angels,1
holiday.,1
seven...,1
pane,1
interlude.,1
performers,1
performed,1
suitor,1
figures.,1
fellow,1
barely,1
hanging,1
members.,1
concessions.,1
flames,1
pointing,1
keeps,1
island,1
minutes,1
sacrifice,1
particular,1
illegal,1
water,1
papaya!,1
gordito!,1
scattering,1
ample,1
half.,1
upward...,1
half-,1
confused;,1
melodies,1
elsewhere,1
photos...,1
conversations,1
brimming,1
photo--,1
wheelchair.,1
scoops,1
creatures...,1
great-great-grandfather.,1
papaya.,1
introduction,1
built,1
shift's,1
third,1
earn,1
nines.,1
squirms,1
startles,1
beneath.,1
110.,1
haaaaaaai-yaaaaaaaaaaai-yaaaaaaaai!,1
sketches,1
record,1
scanner,1
cityscape,1
julio.,1
stacks,1
shock,1
111.,1
chorizo...,1
easy,1
beginnings,1
cubicle.,1
titters.,1
112.,1
choosing,1
waited,1
(distressed),1
foot.,1
unlike,1
hotel,1
find.,1
business,1
reverence,1
posters,1
fine!,1
113.,1
#1,1
stealing,1
#3,1
mattered.,1
touches,1
returning,1
fine.,1
inch,1
onscreen,1
winners!,1
die,1
added,1
paper.,1
emergency,1
114.,1
cues,1
embrace.,1
shoemaker's,1
lookout,1
exits.,1
eventually.,1
llorar,1
bangs,1
regarding,1
115.,1
concern.,1
into...,1
final,1
grossed-,1
paws,1
gondolas,1
gratefully,1
narrowing,1
nude,1
impulsively,1
synthesizes,1
overwhelmed,1
worthy,1
tierno,1
title,1
area.,1
mist,1
116.,1
torso.,1
frenzied,1
blinded,1
applaud,1
117.,1
know!,1
spelling,1
mad.,1
touched.,1
mira,1
content.,1
alebrije...,1
118.,1
lunch,1
...knuckles,1
helping,1
band),1
threat!,1
chatty,1
band.,1
laughs.,1
supplies,1
lock,1
119.,1
sinkhole!,1
reconstitutes,1
loud!,1
sense,1
rosita...,1
about!,1
truckbed.,1
instruments...,1
curse,1
number!,1
us!,1
like!,1
flowers.,1
stifles,1
skip,1
overhears,1
bands,1
scattered,1
wide-eyed.,1
known,1
like.,1
banda,1
performance.,1
may,1
brow.,1
whoa...ernesto,1
30.,1
distraught.,1
obscured,1
mini-fridge,1
scopes,1
ceci!,1
space.,1
v√°monos!,1
ability.,1
opera,1
m√≠o...,1
trombone,1
sadness,1
terribly,1
main,1
31.,1
esteemed,1
achoo!!,1
winning!,1
(disgust),1
absorb.,1
watch.,1
fans.,1
friendship!...,1
includes,1
poisoned,1
deposits,1
32.,1
background,1
squealing.,1
wrangle,1
tinkering,1
33.,1
nonsense,1
ball,1
differently.,1
wicker,1
surges,1
albums.,1
34.,1
rapidly,1
direction.,1
curious.,1
idea!,1
bam!,1
nuns,1
woke,1
lola,1
35.,1
whining,1
tightening,1
brow,1
meaning,1
intertwines,1
coin.,1
murmuring,1
mama,1
1.,1
12,1
selfie.,1
sleeps,1
distance.,1
myself,1
wonderful,1
36.,1
booth,1
pillar,1
man!,1
animal,1
wisdom.,1
receives,1
2.,1
friendship.,1
37.,1
gonzales-ramos.,1
defensively,1
friendship!,1
cempas√∫chil.,1
3.,1
workers,1
mix,1
30,1
expression,1
alebrijes!,1
lasso,1
talk!,1
38.,1
never!,1
dread.,1
releases,1
appear,1
gyrate,1
definitely,1
ernesto...,1
4.,1
hole.,1
forced,1
drank.,1
39.,1
locks,1
films.,1
5.,1
suspicious.,1
guitar),1
seeds,1
beat.,1
dense,1
se√±ora.,1
thingie...,1
flying,1
6.,1
se√±ora!,1
allow,1
goofily,1
rehearsals.,1
path!,1
boos.,1
tree.,1
mmm,1
twig,1
themselves,1
twin,1
realization.,1
lodges,1
negrete!,1
bedroom,1
8.,1
attic,1
loco!,1
songbook,1
mark,1
carriages),1
repeats,1
hola!,1
thoroughfare,1
quiet.,1
movies,1
9.,1
sky.,1
songbooks,1
van,1
nests,1
ceiling.,1
packs,1
face-to-face,1
(giggling),1
se√±or!,1
word,1
ac√°!,1
yourself!,1
tongue,1
hovering,1
punch,1
buildings.,1
throwing,1
peace.,1
explosions,1
loud,1
vcr,1
mount.,1
cutting,1
sarcophagus,1
se√±ora,1
aback.,1
ticket.,1
craft,1
yelps.,1
seen.,1
ven,1
parlor,1
(leaning,1
look...,1
weaves,1
squeezes,1
specific.,1
strung,1
congratulations,1
120.,1
muy,1
knuckles,1
makeshift,1
songbook.,1
plaintively.,1
eh!,1
121.,1
embolden,1
oye!,1
efforts.,1
cursed...,1
sorry.,1
authorities.,1
resonates.,1
desperate,1
leading,1
saxophone,1
(which,1
122.,1
laptop,1
branch,1
later--,1
permiso,1
leaves.,1
accident!,1
silence,1
near,1
ragged,1
ensues,1
hero--,1
colors.,1
musicians...,1
inspired,1
123.,1
cempas√∫chil,1
horse.,1
aboard,1
folded,1
rhythms,1
exhale,1
ll√©velo!,1
g--,1
frock.,1
124.,1
subsequently,1
um...uh...,1
fiercely.,1
banishing,1
needs!,1
darkens,1
descend,1
palms.,1
nonsensically.,1
ago.,1
125.,1
slam,1
were.,1
hand!,1
phonebooth,1
howl.,1
rhythm.,1
to...,1
cringes,1
glasses.,1
126.,1
napkins,1
collapses.,1
taking...,1
computer.,1
line.,1
ahhhhhh!,1
shade,1
gather,1
127.,1
dimple!,1
volume,1
casts,1
lies!,1
dances.,1
128.,1
outfits.,1
soaking,1
cenote;,1
finely,1
flutters,1
cheering,1
snoring,1
lines,1
packed,1
adorning,1
forty,1
chased,1
129.,1
roooooo-roo-roo-rooo!,1
tradition!,1
rich,1
tradition.,1
horizon,1
kicks,1
t√≠a...,1
cenote.,1
own...,1
riff,1
wanting,1
128k,1
right!,1
stashes,1
weak.,1
rolled,1
tried,1
taped,1
(disappointed),1
scours,1
credit.,1
tackles,1
darkness,1
forth,1
crossing,1
(gasp),1
40.,1
drives,1
etc.,1
music!!,1
graves,1
memories...,1
brawl,1
(uncertain),1
drink...,1
screams.,1
(misty),1
yours.,1
tone,1
screams!,1
gobsmacked,1
yours!,1
more.,1
remind,1
top.,1
41.,1
tormenting,1
era,1
microphone.,1
victoria.,1
busts,1
tomb,1
would've,1
somehow.,1
42.,1
she's...,1
might...,1
huaraches,1
mexican,1
homesick,1
43.,1
background...,1
new,1
below,1
estate,1
shall,1
emptied,1
44.,1
tons,1
scales,1
pillows,1
outnumbered,1
doonk-doonk-,1
shame,1
reaching,1
a-one-a-two-a-one--,1
shakes.,1
45.,1
frantically,1
items.,1
s-s√≠,1
spoken.,1
chose,1
lang--,1
white.,1
peppers,1
position.,1
46.,1
mash-up,1
alongside.,1
dancers.,1
ends.,1
chord,1
broken.,1
maintain,1
winded.,1
echo,1
down!,1
47.,1
angrily,1
m√∫sico!,1
skills,1
decided,1
ayyyyy,1
amigos,1
hers.,1
flat.,1
dance,1
waves,1
music's,1
ensuing,1
dining,1
voices,1
48.,1
splash!,1
punctuates.,1
slow,1
eyes!,1
done...,1
heart...,1
shine!,1
ta-tch!,1
know...,1
(doggy-praise),1
times.,1
49.,1
knees.,1
t-shirts!,1
guy's,1
squints,1
agitated.,1
swelling.,1
scaling,1
tow.,1
black,1
aha!,1
lashing.,1
wrestles,1
yet.,1
remains,1
white,1
shimmers,1
whomp!,1
let's,1
full.,1
shoemaking.,1
se√ëoras,1
whoops.,1
huff,1
whadda,1
drops,1
pronated.,1
let--,1
lived,1
berto.,1
supporting,1
generous.,1
mischievous,1
breaks,1
greet,1
grew,1
wave.,1
leafs,1
dancing.,1
swoons,1
grandfather...,1
further...!,1
delivers,1
rise,1
cruz),1
prized,1
issues,1
ahh!,1
guitar-holding,1
who-knows-where.,1
fan,1
difference!,1
...then,1
paws.,1
catch,1
depends,1
walkway.,1
myself--,1
side!,1
side.,1
completely,1
vida--,1
portion,1
storage.,1
visibly,1
rosita.,1
memories,1
true...,1
cheers--,1
pulleys,1
dial,1
veranda,1
grip,1
--on,1
dishes,1
eyelids,1
sides,1
board,1
stuff,1
hood.,1
pursuing,1
...who,1
petal's,1
trrrrrai-hay-hay-hay-haaay!,1
letting,1
marked,1
cecilia.,1
breath.,1
matter!,1
haphazardly,1
opened,1
did!,1
(97),1
use.,1
(looking,1
marker,1
hung,1
130.,1
produces,1
skeleton's,1
yarn.,1
choked,1
sousaphone,1
drinks,1
wrangled.,1
words.,1
unkrich,1
inspired!,1
wig,1
looms,1
sloppy,1
fondness,1
while.,1
contorts,1
over...,1
fidgety.,1
re-entry,1
hopeless...,1
lever.,1
(icy),1
words!,1
scratchy,1
grunts,1
darkness...,1
cover.,1
fix,1
gents,1
jittery,1
toot!,1
ernesto's,1
will.,1
sure,1
dress--,1
amphitheater,1
panic,1
firework,1
cheech,1
aw,1
peace,1
those...,1
pages),1
prove,1
folks!,1
death!,1
search,1
fool,1
shoes...,1
death.,1
keeping,1
rounding,1
shirts.,1
blech.,1
fly,1
nothing.,1
scrawled,1
making...,1
interview,1
maestro,1
full-throated,1
dim.,1
showtime,1
nuestra,1
(70s),1
come--,1
unbeknownst,1
rat!,1
hector's,1
sousaphone.,1
wants.,1
marble,1
piece,1
chucks,1
ta-da!,1
limbs,1
stuck.,1
huffing,1
watching,1
random,1
perhaps,1
too...,1
emerges.,1
chewing,1
rhythm,1
fingers.,1
50.,1
kid--,1
ver...,1
drifts,1
nose.,1
presents,1
twanging.,1
unlocking.,1
trashcan,1
flourish.,1
wide.,1
me--,1
painter...,1
diguise.,1
flourish,1
(12),1
51.,1
coward!,1
else,1
four,1
like...,1
preparation.,1
guessing,1
gawk,1
metal,1
standby!,1
aimed,1
somebody,1
radiating,1
52.,1
¬°qu√â,1
mausoleum.,1
present.,1
of.,1
become,1
llorona...,1
zips,1
(upbeat),1
whirl,1
galloping,1
53.,1
grito!,1
funny!,1
seemed,1
fumbles,1
water.,1
wandering,1
(16),1
54.,1
slung,1
clap.,1
oh.,1
overlapping,1
complete,1
fun,1
mattered,1
synchronized,1
gritos,1
lo,1
55.,1
second,1
briar,1
...it's,1
orchestra,1
s√°quenlo!,1
listen--,1
locked,1
flying.,1
contest,1
kiss.,1
56.,1
coat,1
noble,1
rushing,1
shuffles,1
rays,1
tamales,1
passionate,1
brightly,1
(19),1
57.,1
dress.,1
everything.,1
ok.,1
kidding,1
dreamed,1
follow.,1
incensed.,1
fight,1
follow;,1
brief,1
keyboard,1
with--,1
58.,1
shimmy.,1
krrrr-lank!,1
...musician!,1
picture...,1
iglesia,1
59.,1
see.,1
heck,1
suspenders,1
fight.,1
...ever,1
grabbed,1
drip,1
blending,1
hundreds,1
aaahh!--,1
gu√°cala,1
choke,1
have.,1
vibrant,1
cheech's,1
divisaba.,1
song...,1
laughter.,1
re,1
form.,1
unloads,1
conference,1
bells,1
grandson...,1
seem,1
iguana,1
poisoning,1
heel,1
si,1
closes,1
flower,1
connected,1
te,1
awkwardly.,1
assist,1
rules,1
amazing,1
hides,1
mistakes.,1
partway,1
emotions,1
shrieks.,1
with!,1
upright,1
woman's,1
lid.,1
architecture.,1
grashiash!,1
se√±ores...,1
doors.,1
(darkening),1
finished.,1
promise!,1
orchestra!,1
consoling,1
vehicles,1
mustached,1
yell!,1
pap√°'s,1
linens...,1
sings.,1
shoemaker.,1
fiesta,1
brighten,1
manches!,1
stomach;,1
brighter,1
felipe.,1
hesitates.,1
emotion.,1
hey...,1
lied,1
orchestra.,1
stomach.,1
deeper,1
ya,1
bienvenidos,1
story.,1
everything...,1
years;,1
she'll,1
exit.,1
connection,1
instrumentation,1
abandoned,1
como,1
casa.,1
wife,1
guy...,1
limbs.,1
sab√≠a!,1
treats.,1
they'll,1
reattaches,1
exact,1
ow!,1
lift,1
vase.,1
surrounded,1
nervously,1
husband's,1
inescapable,1
dark,1
course,1
(the,1
case.,1
dumbly.,1
-¬≠,1
jorge,1
sell,1
cool,1
transformation,1
s√≠!,1
building.,1
smudge,1
massive,1
fists.,1
vitamins,1
prop.,1
chorus,1
magic,1
nothing!,1
murdering,1
miguelito!,1
sinkhole,1
barrier,1
her!,1
frantically.,1
heart!,1
edge.,1
group.,1
dog...!,1
oh...,1
serenade,1
note,1
regret,1
clutching,1
engaging,1
servers,1
celebrities...,1
lunges,1
considers,1
took.,1
skids,1
confidence,1
hill.,1
polishes.,1
ittle-dittle-ittle-dittle-ittle-,1
falsifying,1
introduces,1
sight.,1
teeming,1
speak.,1
hiccup,1
so...,1
framed,1
(jolting,1
reverie,1
bump.,1
sighs.,1
costumer,1
bobble-heads!,1
ghostly,1
heard...,1
reunion.,1
now!,1
set.,1
dawn,1
proud!,1
humble,1
dead...,1
go.,1
querido,1
accordions...,1
opened.,1
negrete,1
begin!,1
sets,1
resolve.,1
bumps,1
h√≠jole!,1
lips,1
overwhelm,1
blue,1
speaks,1
faces,1
wrap,1
yours,1
posing,1
illuminating,1
chelo!,1
outfit.,1
chill,1
considers.,1
toddler,1
engage;,1
murmurs,1
flicker.,1
vendors,1
dismount,1
chime,1
grossed,1
miguel--,1
singers,1
hey.,1
list,1
strange,1
journey...,1
hideout.,1
60.,1
face;,1
success,1
scenes,1
hidalgo's,1
divided,1
good...,1
bum!,1
gazebo.,1
61.,1
applause.,1
pyrotechnic,1
shining.,1
santo!,1
we'll,1
soundtrack.,1
todos!,1
(giddy),1
portrait,1
halfway,1
62.,1
doonk-doonk...,1
china,1
dimple,1
t-shirt,1
desk.,1
invisible,1
officer's,1
wrist,1
braces,1
confident.,1
63.,1
whoop.,1
unibrow...,1
roars.,1
(playful),1
write,1
bridge...,1
musical,1
understand,1
jangling,1
alright,1
64.,1
can't...,1
baton.,1
name.,1
shadows,1
vacancy,1
at--,1
folds,1
65.,1
throat.,1
tias,1
smothered,1
coolest,1
felipet√ço,1
redoubles,1
angry.,1
letters...,1
66.,1
matter...,1
restroom.,1
threshold.,1
vitamins.,1
--she,1
approaching.,1
restrooms,1
67.,1
frida.,1
earlier,1
whether,1
pit,1
sneak,1
counting,1
spectacular...!,1
surge,1
suddenly...,1
sway,1
68.,1
wanna...,1
ushers,1
upsy-daisy...,1
have...,1
twist,1
blinky,1
fruit,1
69.,1
archway.,1
accidentally,1
pursue,1
tier,1
pedro,1
extra,1
advances.,1
bust,1
ahhhh--,1
congregated,1
liberties,1
followed,1
despite,1
apologies,1
velvet,1
music!!!,1
m√∫sica,1
kids...,1
wall,1
extending,1
illegal.,1
dogs!,1
ribcage,1
botches,1
witnessing,1
arre,1
crowds,1
color.,1
smothers,1
camaraderie,1
thinks,1
tuning,1
reality,1
chicharr√ìn.,1
decades-,1
matters.,1
huddled,1
goofy,1
scanning,1
giving,1
hitting,1
chase,1
colors,1
anyway,1
pestering,1
son-in-law.,1
graves.,1
nice!,1
funny,1
chicos!,1
fainting,1
entirely,1
emcee!,1
clenches,1
was!,1
formidable.,1
shoves,1
others.,1
mira!,1
juan,1
tilt,1
mariachi's,1
screenplay,1
anymore,1
guided,1
giddy.,1
guides,1
guider,1
offers,1
hay,1
(muffled),1
--and,1
secrets,1
huddle.,1
rattle,1
workspaces.,1
sinks,1
video,1
good.,1
ghost.,1
freak,1
feeling...,1
guide.,1
thing.,1
begins.,1
early,1
yet,1
windows,1
only...,1
bedroom.,1
blessings...,1
pets,1
hem,1
painting.,1
panicked,1
trap,1
more...,1
stories...,1
then.,1
having,1
m√Ås,1
different...,1
brightens,1
paging,1
slope,1
thing!,1
doubles,1
tiny,1
running.,1
papier-m√¢ch√©,1
raised.,1
flinging,1
onda!,1
smart,1
shame.,1
confusing,1
impropriety,1
nose...,1
chain,1
jerks!,1
suffers,1
terrified,1
murmur,1
cursed.,1
my...,1
repair.,1
organized,1
ahem.,1
vacant.,1
polish.,1
garden,1
ay√∫denme!,1
lays,1
brighter.,1
gimme,1
nightstand,1
families.,1
windows.,1
pelts,1
w-what,1
interrupt,1
grandfather,1
windows;,1
again!,1
spectacular!;,1
excitedly.,1
tree,1
stoop.,1
c√°lmese.,1
square,1
skeleton!,1
wrist.,1
stuck--,1
reveals,1
point,1
sounds,1
dream...,1
powerful...,1
jaguar's,1
polisher,1
interviewer,1
sprout,1
famous.,1
soda,1
unibrowed,1
famous!,1
(40s),1
whistle.,1
notebook.,1
guests.,1
mirror.,1
cielito,1
furrows,1
just--,1
¬≠-,1
moment...,1
wrestlers!,1
emblazoned,1
come.,1
scolding,1
trio,1
softening.,1
casually,1
laugh.,1
jump,1
caballeros,1
happen,1
opening.,1
amble,1
stupid.,1
rehearsal.,1
brushes,1
it--,1
weirdly,1
furless,1
caballeros!,1
pixar,1
bottle,1
lightly.,1
hot,1
solidify,1
(warning),1
doorknob.,1
spare,1
lurches,1
scaffolding.,1
h√©--,1
chin,1
bungalow,1
maria!,1
step.,1
dragged,1
march,1
gentlemen...,1
blast,1
island.,1
meet,1
answer,1
70.,1
calls,1
junk,1
sniffing,1
escorted,1
alright!,1
enjoying,1
71.,1
ortodoncia,1
cruz--,1
heart's,1
treasures...,1
scared.,1
non-corporeal,1
whatever.,1
accompany,1
72.,1
horseback,1
mannequin.,1
...seize,1
safe.,1
marimba,1
waiting,1
73.,1
atop.,1
soften,1
passed,1
outward,1
winged,1
been!,1
holy,1
remembering,1
reappears,1
tracks,1
74.,1
encouragement,1
marching,1
iron,1
decades,1
returned.,1
dropped,1
answers,1
shedding,1
died!,1
75.,1
kitten,1
(seeing,1
belt,1
gone...,1
loose-bone,1
hood,1
76.,1
gleefully,1
like--,1
scraping,1
accompanied,1
asks,1
hearing.,1
jaguar,1
trailed,1
gloria,1
answer.,1
77.,1
eight,1
(limousines,1
tickets!,1
friend.,1
78.,1
agents,1
he-he-hey!,1
trolley.,1
captain.,1
fire.,1
scruff,1
able,1
great.,1
swallows,1
hops,1
familia...,1
feet.,1
79.,1
(walking,1
bystanders,1
backward,1
singular.,1
upward,1
progressed,1
illustrate,1
next.,1
breeze,1
fill,1
under!,1
friends,1
skill.,1
under.,1
departures.,1
since,1
belong,1
shoot.,1
soul,1
transform,1
magazines,1
troubled,1
heard,1
canister,1
impressive,1
musicians.,1
snuck,1
splashes,1
narrator,1
pulling,1
sing.,1
cover,1
firm,1
coughing,1
outfit,1
starred,1
Ôª?,1
emotions.,1
up!...,1
breathless.,1
dissolves,1
fiddles,1
holiday...,1
fact,1
grandparents,1
waves.,1
unless,1
songwriter,1
looks.,1
wears,1
pobrecito!,1
--but,1
trips,1
fish,1
yaaaaayyyyay...,1
turning.,1
announcer,1
aahh!,1
goes.,1
dante),1
reputation,1
(softening),1
picture.,1
insistent.,1
stunts.,1
stiff.,1
glimmer,1
dlc.,1
five,1
alone.,1
d'ya,1
roots.,1
growl.,1
finding,1
hesitates,1
spine.,1
rehearsing,1
inspect,1
staring,1
cheech.,1
gone!,1
kills,1
poqui-ti-ti-to,1
honor.,1
goofily.,1
below.,1
growls,1
dramatic,1
play--,1
dance.,1
jason,1
imparts,1
bit--,1
w-wait!,1
dimple--,1
fair,1
miffed,1
mamita,1
dresses,1
socorro,1
crest,1
zip,1
honor!,1
hhuuh!,1
itself,1
victoria...,1
chesty,1
camera-mounted,1
allergic.,1
steed,1
scrappy,1
requests,1
ding!,1
fan.,1
mysterious,1
scatter,1
explains,1
flurry,1
them--,1
dawns,1
first.,1
youth.,1
forgot,1
intercepts,1
door!,1
shimmy,1
takes.,1
runs.,1
in!,1
baskets.,1
spits,1
in),1
getting!,1
disheartened,1
finished,1
fading,1
travelers,1
wha-whaat...,1
spinning,1
disculpen,1
rumble,1
tossed,1
cruzcito!,1
mother.,1
cruzcito.,1
validated,1
he-hey!,1
spectacular!,1
listening,1
trrrrrraaaaai-haaai-haaaaay!,1
rusted-shut,1
stifle,1
tricks,1
trade,1
round,1
polo,1
creeping,1
cavern.,1
fleeing,1
do√±a,1
weave,1
guy!,1
nailed,1
building,1
from.,1
poor,1
rag,1
navigate,1
glimpses,1
everywhere.,1
hairless,1
circuits.,1
charges,1
80.,1
is!,1
himself),1
pop;,1
loosens,1
ringing,1
plopped,1
throat,1
stairway.,1
move.,1
81.,1
polishing,1
instructions.,1
we'd,1
churros...,1
swims,1
steadies,1
slink,1
wingtips,1
guy.,1
82.,1
fwooomp!,1
reassemble,1
tourists,1
my--,1
jerk,1
pap√°...,1
red,1
83.,1
stomps,1
window's,1
swift,1
gifts,1
add,1
imelda!,1
glazed.,1
mariachi.,1
84.,1
hard-core,1
raucously.,1
happened.,1
crooked,1
exchange,1
shots.,1
think...,1
magically,1
crypt,1
tracks.,1
searching,1
treachery,1
(blurting),1
85.,1
undo,1
versions.,1
unites,1
this...,1
bright.,1
strikes,1
sign-up,1
holds.,1
lyrics,1
plaza!,1
(sigh),1
86.,1
(laughing),1
giggle.,1
enjoyed,1
age,1
copal,1
rid,1
vibrates,1
87.,1
experiencing,1
rim,1
cornered,1
julio...,1
hugging,1
months),1
guitar--,1
imelda...,1
percussive,1
whistle,1
workstation.,1
fly...,1
tough,1
oscar's,1
88.,1
months.,1
animation,1
happily,1
full-blown,1
spot,1
snafus.,1
tight.,1
nope.,1
hometown.,1
i'm...,1
nada,1
hard.,1
contemplation.,1
89.,1
up--,1
dazed,1
still.,1
darkness.,1
stranger.,1
pumps,1
filled,1
hair.,1
smashes,1
am!,1
powerful,1
future,1
movement,1
respond.,1
wanted.,1
glow.,1
warning.,1
fault!,1
reasonable.,1
finale,1
amplified,1
barrels,1
breather,1
hilltop,1
woman.,1
slips,1
mock,1
guitar's,1
...ay,1
gazebo,1
beleaguered,1
(early,1
angelito,1
sheepishly.,1
everywhere!,1
think--,1
saying,1
tunes,1
mortified.,1
epa!,1
minute,1
ladder,1
swirl,1
organizers,1
(disoriented),1
blaring,1
reason,1
cough.,1
ship,1
stumbles.,1
barking,1
se√ëoritas,1
might've,1
goodness,1
jaw,1
candy!,1
kid!,1
walkway,1
demand,1
because...,1
agent's,1
truer,1
poisons,1
s√≠,1
worth,1
trolley,1
fluttering,1
arc,1
locked.,1
pockets,1
fruits,1
caquitas,1
popular,1
broken,1
choice.,1
calm,1
kick,1
complete.,1
lyrically,1
announcement.,1
scatter.,1
all.,1
becoming,1
musters,1
strength,1
dusk,1
spotlit,1
ate...,1
alebrijes,1
rivera!,1
mamita.,1
pocket.,1
blech,1
rivera.,1
yourself,1
dust,1
flaming,1
barges,1
mole,1
lifted,1
kitty...,1
uh-uh,1
overlooking,1
out),1
boo!,1
longer,1
signals,1
everywhere,1
selling,1
worst,1
alebrije.,1
mood,1
migueli-ti-ti-ti-ti-to!,1
truck,1
sentiment...,1
approaching,1
book,1
grip;,1
hoodie.,1
shot,1
negative,1
crack.,1
forward;,1
anyway.,1
lavish,1
learned,1
momentum,1
veranda.,1
bony,1
nervous,1
yank,1
awake),1
whistling,1
rope.,1
awake.,1
toast...,1
wide-eyed,1
readjusting,1
it'll,1
images,1
canvas,1
hollow,1
hug...,1
cars,1
phone,1
(louder),1
bles--,1
guard's,1
uh--,1
gustavo!,1
rebuffed.,1
cramped,1
candy...,1
cry!,1
tch!,1
mean...,1
anywhere.,1
back...,1
walkaway,1
mexico,1
copies.,1
unsuspecting,1
songs.,1
anywhere!,1
shut,1
plaque,1
contestants.,1
shouts.,1
luck,1
the...,1
skull-headed,1
guapo,1
ah-ah-ah.,1
together...,1
sides!,1
over!,1
kind,1
...a,1
timing,1
ah-ah-ah!,1
billboard,1
...sign,1
parting,1
strums.,1
ropes,1
roped,1
alto,1
shake.,1
cecilia's,1
leotarded,1
causing,1
miracle,1
said!,1
gapes,1
amount,1
original,1
said.,1
prowls,1
saw,1
box.,1
spread,1
footwork,1
wait!,1
90.,1
horrified.,1
wedge,1
bag,1
awake,1
flickering,1
kiss,1
ruining,1
mouth.,1
91.,1
soaked,1
confirmation.,1
angry,1
underestimate,1
cares...,1
flashlight.,1
92.,1
defiantly,1
papers.,1
height.,1
commandeers,1
plan!,1
(verklempt),1
migueli-ti-ti-ti-to,1
(10,1
facing,1
sea,1
coldly,1
93.,1
ex-wife's,1
car...,1
pursues.,1
contain,1
ehck,1
sneezes,1
battle,1
94.,1
horrified!,1
somewhat,1
firing.,1
scrubbing,1
aaahhhh!,1
miracle.,1
tunes.,1
beg,1
soundboard,1
stroll,1
there--,1
panicking,1
passionately.,1
95.,1
(noticing,1
view.,1
slingshot,1
faded,1
infante!,1
franco,1
infante),1
disappear...,1
boy...,1
abel's,1
96.,1
luck.,1
then...,1
20s),1
visiting,1
sparklers,1
peels,1
collector,1
97.,1
'cuz,1
abuelita;,1
cobbled,1
nerves!,1
mist.,1
dentist's,1
nerves.,1
disappears.,1
eyebrow,1
self-,1
bound,1
help!,1
chuckles,1
goodness!,1
dinner,1
98.,1
scuffles,1
faster!,1
fade.,1
setup,1
cycling,1
sick,1
bit,1
depicts,1
99.,1
striking,1
cradles,1
impatiently.,1
hallway,1
surface,1
skirt.,1
someday,1
drink,1
abuelita!,1
choricito!,1
sentiment.,1
tackling,1
guys.,1
fireworks!,1
wait--,1
thinking,1
perform!,1
black.,1
van.,1
congregate,1
upgrade!,1
bread,1
quererte...,1
composes,1
exciting!,1
mariachis!,1
workshop!,1
hide,1
candle,1
report,1
hell.,1
...fills,1
chachalacos!,1
several,1
anger,1
panting,1
pauses,1
c√°lmese,1
son,1
proceeds,1
...disturbing,1
directly,1
level,1
gear.,1
dios!,1
belongs,1
chats,1
vamp,1
graffiti,1
seconds!,1
consumed,1
flair.,1
suspicion.,1
decent,1
favor...,1
adrenaline,1
artist!,1
chance,1
there!,1
control,1
10.,1
recoils,1
freak!,1
stumble,1
stool,1
dancing,1
dust.,1
upper,1
buried,1
11.,1
ascends.,1
drawn,1
yanked,1
luchadora,1
deny,1
bow-legged,1
kept...,1
12.,1
accept,1
intro.,1
lords,1
hustle,1
conditions,1
motor,1
murderer.,1
overcome,1
curse.,1
13.,1
...or,1
bits!,1
neighboring,1
sun,1
pride.,1
murderer!,1
appraises,1
noise.,1
juanita,1
curse!,1
...the,1
surprised,1
est√°s,1
either...,1
slipping,1
we're...,1
laying,1
14.,1
tickled,1
katz,1
raisin,1
surprises,1
watches.,1
hill,1
footing.,1
skeletal.,1
transformation.,1
stones,1
(o.s),1
intervene,1
padre!,1
laughing,1
ignite,1
worry!,1
oscart√ço,1
available,1
15.,1
stunned,1
great-great-grandson,1
buzzing,1
weakens,1
unloading,1
manage.,1
surprise.,1
butterflies.,1
studios,1
night!,1
sink,1
whaaa!,1
16.,1
reunions.,1
reins,1
history!,1
ripple,1
formations,1
desk,1
idea,1
17.,1
skeptical.,1
saunter,1
clapping,1
backing,1
verme,1
world's,1
missing,1
flapping,1
skulls,1
lovely,1
normal,1
figure,1
applauds,1
stop.,1
18.,1
spirits...!,1
joy.,1
swimmers,1
loco...,1
saddened,1
normal.,1
condition.,1
famed,1
spits.,1
passing,1
joy!,1
saddened.,1
perd√≥n,1
tonight...,1
19.,1
bosom.,1
sparkle.,1
sincere.,1
worried!,1
'em,1
marimba.,1
seconds,1
grandpa...!,1
hardened.,1
all-time,1
sight,1
tugs,1
serenading,1
sit.,1
drank,1
sad.,1
aaahhh!,1
abuzz,1
darkens.,1
following,1
slices,1
cringes.,1
distressed,1
body.,1
lovingly,1
chuckle.,1
screens,1
flat,1
frustrated.,1
spills,1
street.,1
sickening,1
footsteps.,1
well...,1
who--,1
chance!,1
plaza's,1
lead,1
hits,1
tangled,1
heavy.,1
sunlight,1
amigos.,1
away),1
breathtaking.,1
are--,1
gentlemen,1
away!,1
resembles,1
sausage,1
crashes,1
lilting,1
dozen,1
c'mon.,1
sags,1
screen.,1
deciding,1
plain,1
forms...,1
raucous,1
well.,1
(continuing),1
tap,1
well-,1
ugly,1
ha-ha,1
joyful.,1
slicks,1
argument.,1
camino,1
else!,1
t√≠o!,1
tune,1
killed...,1
rehearsing!,1
leg.,1
encroaches.,1
else.,1
cat,1
idly,1
hey!--,1
charge!,1
cleaning,1
technically,1
hurrying,1
crypt.,1
head-butts,1
c'mon!,1
beckon,1
hoots!,1
