chris,639
rose,299
dean,152
rod,123
missy,120
cont'd,94
out,89
int,85
jeremy,85
up,80
i'm,76
back,74
room,70
andre,70
yeah,61
ting,57
jim,56
through,55
know,55
don't,51
car,51
chris',49
one,48
walter,43
day,42
now,42
ext,41
oh,41
good,40
georgina,40
door,40
phone,39
front,38
here,38
house,37
looks,37
down,36
night,35
turns,35
right,34
see,32
again,31
shit,31
armitage,31
away,30
time,29
you're,28
around,27
window,26
go,26
okay,25
over,25
hand,24
two,24
man,24
something,24
more,24
head,24
sits,24
andre/logan,23
eyes,23
going,22
face,22
latoya,22
black,22
doesn't,22
well,21
walks,21
kitchen,21
open,21
sid,21
later,20
continuous,20
hands,20
driver,20
takes,20
stands,20
come,20
goes,20
fuck,19
picture,19
gets,19
bed,19
living,19
phil,19
behind,19
think,18
before,18
people,18
family,18
didn't,18
detective,18
towards,18
really,18
lawn,17
mean,17
smile,17
hallway,17
old,17
hey,16
need,16
dining,16
looking,16
raises,16
stops,16
help,16
begins,15
thing,15
comes,15
find,15
officer,15
backyard,15
same,14
slowly,14
wait,14
guy,14
gonna,14
want,14
small,14
inside,14
thunk,14
first,14
body,14
guests,14
party,14
different,14
hear,14
friend,14
dark,14
brooklyn,13
even,13
chair,13
cigarette,13
long,13
gordon,13
mom,13
still,13
work,13
screen,13
eye,13
yard,13
little,13
makes,13
much,12
we're,12
can't,12
though,12
look,12
love,12
darkness,12
grabs,12
another,12
white,12
i'll,12
bring,12
very,12
side,12
tea,11
lisa,11
last,11
yes,11
take,11
home,11
walter/grandpa,11
years,11
isn't,11
shaw,11
points,11
wrong,11
few,11
deer,11
watching,11
crowe,11
falls,11
seat,11
sees,11
brain,11
blood,10
tutorial,10
watch,10
light,10
tell,10
smiles,10
being,10
dog,10
make,10
bedroom,10
walking,10
logan,10
leave,10
sorry,10
nothing,10
hudson,10
call,10
street,10
way,10
mouth,10
give,10
sure,10
crowd,10
world,10
table,10
office,10
morning,10
road,10
sound,10
you've,9
police,9
god,9
american,9
top,9
everyone,9
walk,9
cup,9
gives,9
put,9
passenger,9
dad,9
group,9
apartment,9
richard,9
opens,9
hears,9
remember,9
holds,9
games,9
runs,9
fast,9
couple,9
television,9
himself,9
watches,9
next,9
african,9
grandpa,9
alone,9
enough,9
bathroom,9
hello,9
upstairs,9
nods,9
missing,9
they're,9
continues,9
course,9
puts,9
response,9
crazy,8
beautiful,8
moment,8
things,8
starts,8
glass,8
three,8
done,8
part,8
someone,8
under,8
baby,8
loft,8
coming,8
actually,8
pictures,8
year,8
guys,8
new,8
show,8
outside,8
bag,8
i've,8
never,8
hi,8
thanks,8
everything,8
camera,8
knew,8
shuts,8
tv,8
damn,8
left,7
mickey,7
wasn't,7
found,7
school,7
vous,7
lot,7
suburban,7
hit,7
finds,7
meet,7
talk,7
song,7
together,7
feel,7
friends,7
above,7
please,7
voice,7
perfect,7
moments,7
red,7
told,7
woods,7
waves,7
maybe,7
distance,7
play,7
approaches,7
wow,7
pulls,7
bit,7
large,7
plus,7
keys,7
boy,7
silent,7
um,7
desk,7
life,7
place,7
blue,6
thank,6
laugh,6
making,6
gone,6
better,6
went,6
we've,6
gun,6
ain't,6
arms,6
try,6
floor,6
late,6
lays,6
hot,6
bird,6
reaches,6
bags,6
joshua,6
stand,6
knows,6
fine,6
wakes,6
enters,6
fire,6
26,6
hasn't,6
fist,6
leaves,6
whole,6
nice,6
seems,6
laughs,6
tries,6
ago,6
drives,6
real,6
arm,6
dusk,6
girl,6
signals,6
parker,6
drops,6
suddenly,6
great,6
hangs,6
both,6
saw,6
afternoon,6
brother,6
dead,6
whoa,6
image,6
screams,6
deep,6
peers,6
drink,6
la,6
second,6
feeling,6
parents,6
pretty,6
sports,6
backs,6
seen,6
snaps,6
hits,6
purpose,6
fuckin',6
ready,6
without,5
legs,5
talking,5
days,5
wish,5
hard,5
we'll,5
coffee,5
question,5
spoon,5
quite,5
lake,5
tsa,5
caught,5
meeting,5
each,5
reflection,5
uncomfortable,5
full,5
ears,5
brings,5
miss,5
hypnosis,5
huh,5
made,5
feet,5
confused,5
cries,5
steps,5
present,5
handsome,5
10,5
11,5
wears,5
many,5
dresser,5
toward,5
ear,5
forgot,5
you'll,5
greene,5
near,5
stop,5
guess,5
scratches,5
swing,5
end,5
pouvez,5
message,5
fucked,5
wanna,5
system,5
city,5
against,5
share,5
`cause,5
already,5
running,5
thought,5
flash,5
taken,5
run,5
those,5
quickly,5
far,5
heads,5
shut,5
used,5
you'd,5
swings,5
along,5
stares,5
words,5
stairs,5
ha,5
big,5
doorway,5
careful,5
control,5
scene,5
ro,5
smiling,5
sink,5
nelson,5
once,5
doing,5
kid,5
gay,5
hell,5
scans,5
cool,5
line,5
emily,5
security,5
dawn,4
wine,4
shouldn't,4
creaks,4
conversation,4
check,4
onto,4
young,4
williams,4
hate,4
terror,4
skull,4
direction,4
realizing,4
followed,4
picks,4
anyway,4
pov,4
standing,4
quit,4
caucasian,4
chest,4
wave,4
anything,4
pain,4
start,4
stumbles,4
shows,4
beat,4
keeps,4
hiroki,4
water,4
sounds,4
hospital,4
soft,4
deets,4
answer,4
hold,4
finally,4
bangs,4
bloody,4
pitch,4
pours,4
gathers,4
heart,4
best,4
racket,4
met,4
lakeside,4
29,4
slams,4
operating,4
middle,4
stay,4
keeper,4
revealing,4
lost,4
slave,4
fall,4
finishes,4
flashback,4
music,4
silence,4
close,4
pops,4
calling,4
dude,4
shoulders,4
cell,4
moan,4
took,4
couples,4
breathes,4
driving,4
gazebo,4
saying,4
rings,4
mother,4
view,4
name,4
color,4
shot,4
race,4
nervous,4
iced,4
hypnotized,4
trunk,4
cars,4
kind,4
game,4
died,4
move,4
attention,4
bad,4
bar,4
ah,4
drive,4
facing,4
food,4
nearest,4
contact,4
downstairs,4
tears,4
sparklers,4
getting,4
sit,4
nancy,4
boyfriend,4
abyss,4
break,4
emerges,4
cotton,4
high,4
son,4
months,4
plays,4
batteries,4
intercut,4
hayworth,4
seem,4
ma'am,4
stopped,4
badminton,4
exits,4
wide,4
wife,4
following,4
scared,4
ground,4
cat,4
nose,4
hall,3
drunk,3
framed,3
prison,3
roll,3
bumps,3
speaks,3
selfie,3
area,3
derrick,3
transplantation,3
realizes,3
pocket,3
taking,3
focus,3
approach,3
bump,3
alright,3
woman,3
clinking,3
footsteps,3
walls,3
lap,3
less,3
times,3
opening,3
wall,3
worked,3
state,3
thinks,3
stuffed,3
medical,3
hat,3
playing,3
basement,3
tipsy,3
ends,3
early,3
windows,3
enter,3
having,3
teacup,3
sacrifice,3
point,3
clean,3
couldn't,3
startled,3
past,3
trying,3
mirror,3
bottle,3
mind,3
stage,3
calls,3
die,3
whispering,3
notice,3
hope,3
soon,3
hood,3
skin,3
concerned,3
true,3
mess,3
breath,3
hour,3
smoking,3
heard,3
scream,3
trees,3
12,3
except,3
seizure,3
believe,3
free,3
30,3
expression,3
sunken,3
afraid,3
40,3
50,3
57,3
earbuds,3
grounds,3
60,3
father,3
fingers,3
packs,3
proche,3
patio,3
clearly,3
squeezes,3
floods,3
airport,3
forest,3
wouldn't,3
neck,3
weird,3
flips,3
rural,3
ride,3
moves,3
nah,3
air,3
powerful,3
estate,3
tony,3
sucks,3
rolls,3
silently,3
reason,3
taste,3
shoots,3
clinks,3
slow,3
came,3
tour,3
notices,3
ass,3
huge,3
screaming,3
embarrassing,3
everywhere,3
leads,3
leaving,3
blind,3
urban,3
grandma,3
images,3
comfortable,3
completely,3
care,3
fireplace,3
simple,3
totally,3
strait,3
rest,3
kiss,3
911,3
hurt,3
deal,3
search,3
set,3
sex,3
procedure,3
lacrosse,3
gary,3
japanese,3
surgical,3
pastries,3
piece,3
fades,3
intently,3
four,3
vessel,3
join,3
lower,3
metal,3
odd,3
connor,3
weekend,3
change,3
places,3
le,3
fun,3
several,3
anger,3
hypnotised,3
mr,3
throws,3
license,3
kisses,3
gotta,3
sun,3
closet,3
uh,3
luggage,3
smokes,3
lick,3
normal,3
bye,3
april,3
sight,3
teeth,3
seeing,3
power,3
apology,3
officers,3
limp,3
hair,3
station,3
unconscious,3
motion,3
functions,2
flicker,2
subtly,2
sister,2
lion,2
backwards,2
walkie,2
wind,2
object,2
telling,2
ahead,2
turn,2
lights,2
heightened,2
tho,2
faces,2
yours,2
acceptable,2
illuminating,2
talkin',2
serious,2
others,2
pounces,2
supposed,2
remove,2
society,2
nowhere,2
portrait,2
service,2
creeps,2
invisible,2
passengers,2
distant,2
understand,2
presses,2
shadows,2
should've,2
listens,2
thwat,2
loves,2
names,2
upon,2
nightmares,2
sneaks,2
girlfriend,2
working,2
quietly,2
gotten,2
cares,2
discarded,2
pot,2
chris;,2
situation,2
antlers,2
yay,2
prayer,2
startling,2
cabinet,2
won't,2
smell,2
homey,2
basically,2
advantageous,2
pry,2
thumbs,2
asking,2
sinks,2
thicket,2
yep,2
center,2
plugs,2
parking,2
shadow,2
karate,2
judo,2
baptism,2
apparently,2
worship,2
smart,2
computer,2
helmet,2
grown,2
manners,2
motionless,2
means,2
reverse,2
barely,2
hanging,2
quick,2
defeated,2
bear,2
armitages,2
drinking,2
tree,2
detectives,2
psycho,2
dated,2
clear,2
chauffeur,2
glad,2
further,2
mostly,2
crack,2
reflects,2
pass,2
shock,2
eats,2
`the,2
owens,2
hotel,2
annoyed,2
dots,2
ahhhh,2
emotional,2
medieval,2
maximum,2
sometimes,2
trickles,2
promise,2
mower,2
brainwashing,2
blank,2
embraces,2
passes,2
passed,2
human,2
lifts,2
clicks,2
winks,2
hug,2
brothers,2
`em,2
thick,2
tablet,2
text,2
fear,2
creak,2
ahhhhhhhh,2
field,2
wilderness,2
embarrassed,2
glances,2
suggestibility,2
summer,2
smirk,2
forward,2
smack,2
darts,2
use,2
fredrich,2
serve,2
dre,2
host,2
pleasant,2
dry,2
forget,2
position,2
soul,2
exactly,2
outdoor,2
s'il,2
ignorant,2
13,2
14,2
15,2
frozen,2
wonderful,2
tiger,2
20,2
25,2
fact,2
28,2
cute,2
frightening,2
33,2
35,2
37,2
knitting,2
frostie,2
43,2
numbers,2
seven,2
awkward,2
wood,2
54,2
56,2
59,2
finding,2
dials,2
bursts,2
scar,2
65,2
67,2
68,2
recording,2
bruh,2
auction,2
hitler,2
floorboard,2
money,2
82,2
jessika,2
mon,2
90,2
celia,2
tongue,2
forehead,2
eat,2
loud,2
juice,2
mrs,2
space,2
rushes,2
garcia,2
paranoid,2
covered,2
death,2
methodical,2
makeshift,2
instead,2
rush,2
expensive,2
prepares,2
veronica,2
shakes,2
science,2
guest,2
happening,2
weeks,2
shrugs,2
photo,2
emerge,2
sweet,2
rounds,2
notes,2
moved,2
pushes,2
finish,2
faint,2
evergreen,2
washington,2
rises,2
rifle,2
production,2
engine,2
photographer,2
age,2
movie,2
marcia,2
tough,2
asked,2
honestly,2
blurs,2
est,2
intense,2
always,2
avoids,2
touch,2
aiight,2
slips,2
crickets,2
harder,2
louder,2
specific,2
minute,2
couch,2
professional,2
english,2
amused,2
trophy,2
genetic,2
horror,2
calm,2
such,2
kick,2
ask,2
grab,2
out;,2
yourself,2
parked,2
lifted,2
flutter,2
watched,2
button,2
crying,2
dotted,2
green,2
introduce,2
crucible,2
ronald,2
crush,2
cackles,2
it'll,2
damage,2
hums,2
guard,2
direct,2
housekeeper,2
grip,2
display,2
born,2
eyelids,2
happened,2
dick,2
unplugged,2
connections,2
rain,2
king,2
chokes,2
keep,2
nerve,2
wig,2
david,2
amount,2
original,2
sat,2
terminal,2
bae,2
stripped,2
bam,2
shoebox,2
upstate,2
applause,2
strong,2
sudden,2
breathe,2
mounted,2
fly,2
windshield,2
de,2
needs,2
knife,2
room;,2
aren't,2
helps,2
trained,2
ding,2
aunt,2
trouble,2
class,2
wearing,2
chuckles,2
kept,2
dinner,2
sick,2
ipod,2
beside,2
french,2
iv,2
gave,2
works,2
alive,2
banging,2
misses,2
restaurant,2
dray,2
joke,2
hide,2
appelez,2
edge,2
wincott,2
follows,2
thrown,2
eerie,2
total,2
kidding,2
fight,2
chance,2
ou,2
raised,2
cross,2
pontaco,2
taxidermy,2
fucking,2
somewhere,2
haven't,2
extremely,2
consciousness,2
jitsu,2
shuttlecock,2
motor,2
george,2
started,2
connected,2
witches,2
they've,2
stunned,2
written,2
voicemail,2
drop,2
wheelchair,2
idea,2
cold,2
intercom,2
figure,2
types,2
react,2
yo,2
sighs,2
asleep,2
tubular,2
between,2
mingling,2
they'll,2
leather,2
emotionless,2
james,2
nervously,2
noon,2
disrespectful,2
owe,2
cranium,2
plait,2
parks,2
taylor,2
bitch,2
herself,2
cab,2
candles,2
sparrow,2
lunges,2
cleaning,2
stories,2
smoke,2
fault,2
distracted,2
follow,2
clothes,2
carries,2
york,2
racist,2
wild,2
inspects,1
prepare,1
crusade,1
conformed,1
surgeon,1
preciously,1
slower,1
smacks,1
guards,1
carcass,1
slows,1
culturally,1
compartment,1
ten,1
ter,1
whatsoever,1
audience,1
scratch,1
circular,1
exhales,1
size,1
cellular,1
wriggles,1
unhinged,1
downed,1
wing,1
arrives,1
entitled,1
cliff,1
daze,1
anybody,1
achieve,1
pleasantness,1
licks,1
tosses,1
example,1
arrived,1
golf,1
crunching,1
quiet,1
connect,1
hushed,1
methodically,1
strapped,1
twiddle,1
eating,1
faced,1
ruined,1
echoes,1
wipe,1
halt,1
freshman,1
subtle,1
photograph,1
lips,1
throw,1
sunset,1
obvious,1
inserts,1
posing,1
undone,1
porsche,1
standard,1
empty,1
deadly,1
tie,1
firewater,1
savage;,1
manifestation,1
pas,1
paw,1
eatin',1
foyer,1
wit;,1
neglected,1
beacon,1
success,1
hungrily,1
manicured,1
lens,1
flickers,1
romantic,1
paintings,1
interrogation,1
live,1
roof,1
avoi,1
cheek,1
andre/,1
approval,1
blocks,1
realized,1
bocce,1
wags,1
harnesses,1
named,1
bleeding,1
considered,1
pile,1
birdlike,1
flashes,1
tripping,1
loved,1
flashing,1
write,1
pet,1
therapist,1
a&e,1
period,1
proceed,1
pressed,1
timid,1
birth,1
masks,1
kind;,1
captivating,1
spots,1
balding,1
hundred,1
pink,1
obama,1
save,1
tanaka,1
irony,1
matter,1
chill;,1
shaved,1
alerting,1
native,1
inaudible,1
shaven,1
remembers,1
wail,1
shaves,1
violence,1
laid,1
particularly,1
bought,1
lover,1
intellectual,1
chores,1
sarcastic,1
reminded,1
bougie,1
curiously,1
thanksgiving,1
stressful,1
witch,1
thousand,1
tonight,1
rooting,1
cop,1
manner,1
identical,1
scrolls,1
jessie,1
creeks,1
wake,1
pin,1
whipping,1
raise,1
time;,1
pitcher,1
swat,1
20%,1
pitched,1
pardon,1
thirsty,1
snow,1
shining,1
became,1
`sup,1
hazy,1
cause,1
protectively,1
accidentally,1
basically;,1
sacrificed,1
agitated,1
ahhhhh,1
friday,1
psychotically,1
sucking,1
burn,1
lamp,1
cry,1
fantastic,1
abducted,1
tidy,1
incident,1
teresa,1
absorb,1
leg,1
caught;,1
drift,1
whines,1
appointments,1
began,1
opposite,1
thickly,1
recognize,1
pack,1
lap;,1
abnormal,1
padded,1
parents',1
directs,1
offend,1
circle,1
reminiscent,1
actions,1
butt,1
monitors,1
bathe,1
dahmer,1
hulking,1
neatly,1
dollars,1
fixes,1
twirling,1
tear,1
desired,1
calmly,1
teas,1
defense,1
attack,1
knight,1
parents;,1
coffees,1
anxiously,1
services,1
team,1
clenches,1
diagram,1
filling,1
charm,1
speech,1
clap,1
purple,1
fashion,1
slides,1
till,1
anymore,1
wasp,1
glare,1
disappointed,1
pronounces,1
documentin',1
blows,1
preserved,1
continue,1
lit,1
brutally,1
shoot,1
they'd,1
realize,1
brush,1
given,1
crois,1
trapped,1
harassment,1
shoved,1
warn,1
warm,1
exposing,1
checks,1
memory,1
impossible,1
video,1
surroundings,1
ceremonial,1
tint,1
yesterday,1
weapon,1
ecology,1
chilling,1
shindig,1
retired,1
vote,1
disease,1
manage,1
borderline,1
later/night,1
disney,1
`black,1
illuminated,1
buzz,1
bluntness,1
tray,1
pets,1
downward,1
freckles,1
palm,1
happy,1
circles,1
heh,1
wrists,1
washes,1
crumpled,1
unload,1
golden,1
way;,1
gallery,1
struggle,1
grows,1
happening;,1
slaves,1
dangling,1
slope,1
creative,1
bedrooms,1
lapse,1
eyebrows,1
bids,1
thith,1
circling,1
athletic,1
pans,1
bright,1
cackle,1
planned,1
riveted,1
nicks,1
ways,1
low,1
merely,1
tire,1
predatory,1
barrel,1
touching,1
initial,1
excitedly,1
travel,1
sliding,1
pierces,1
sanctu,1
ramblings,1
whistles,1
niggas',1
experience,1
listen,1
dodges,1
jordan,1
uch,1
potential,1
created,1
resist,1
tact,1
history,1
square,1
gargles,1
soar,1
hypnotherapist,1
it'd,1
stacked,1
devolves,1
diriger,1
conversations,1
beaming,1
restraints,1
relief,1
park,1
heaving,1
ceiling,1
chef,1
noticing,1
zoom,1
entertained,1
empathetic,1
meal,1
gushing,1
ufc,1
third,1
meat,1
baptize,1
hurry,1
stack,1
squirms,1
areas,1
conducting,1
path,1
bind,1
record,1
hunting,1
beer,1
rally,1
swarmed,1
accepting,1
knowledge,1
sofa,1
mild,1
court,1
whose,1
meddle,1
mill,1
discern,1
gaunt,1
beds,1
snowbell,1
sweetly,1
touched,1
hauntingly,1
bodies,1
creme,1
`a',1
liquor,1
vanity,1
interior,1
refills,1
impish,1
grasp,1
dudes,1
grass,1
hearing,1
cheeked,1
blare,1
spreads,1
business,1
flirtacious,1
chin,1
flanked,1
tail,1
posters,1
outta,1
deafening,1
laguardia,1
kitchens,1
purrs,1
tells,1
advantages,1
bloodcurdling,1
tryin',1
d'oeuvres,1
misplaced,1
scrutinizes,1
dialect,1
`c',1
questions,1
emergency,1
massages,1
designated,1
passport,1
club,1
tall,1
train,1
static,1
test,1
fastened,1
zones,1
straw,1
brown,1
upwards,1
vision,1
sirens,1
final,1
eerily,1
transfixed,1
beginning,1
puttin',1
importance,1
title,1
2009,1
sheets,1
yup,1
exposes,1
exposed,1
company,1
pardonnez,1
applaud,1
blinded,1
deaky,1
quitting,1
hallow,1
sole,1
holy,1
energetically,1
remembering,1
upstairs`,1
solo,1
grand,1
2014,1
2013,1
blanket,1
showing,1
explain,1
band',1
repulsed,1
helping,1
answers,1
exhausted,1
8th;,1
action,1
usually,1
glazed,1
rhythmically,1
bookshelf,1
belt,1
cream,1
sense,1
loading,1
vacant,1
heavy,1
printed,1
juliet,1
jaguar,1
sings,1
longest,1
drones,1
waldens,1
serves,1
slinks,1
vaguely;,1
dives,1
nerves,1
mad,1
silencer,1
pained,1
file,1
creek,1
stream,1
brunette,1
nurse,1
pristine,1
crime,1
us;,1
mas,1
frankenstein,1
within,1
gathered,1
trigger,1
playfully,1
joking,1
hannigan,1
walden,1
chri,1
marvellous,1
weirded,1
authorizing,1
sweets,1
30;,1
unseen,1
return,1
unstraps,1
possessively,1
subject,1
girls'll,1
splintering,1
bain,1
teenage,1
main,1
legit,1
slicked,1
ascot,1
credit,1
waste,1
accepts,1
bearing,1
difficult,1
seriously,1
fill,1
experiences,1
wanders,1
becomes,1
coded,1
horn,1
hors,1
awww,1
glow,1
softly,1
belong,1
rooftops,1
stalking,1
necks,1
med,1
ball,1
napkin,1
repeat,1
sitcom,1
nigga,1
bald,1
rooted,1
palms,1
transformed,1
physical,1
included,1
signalling,1
wicked,1
rubs,1
falling,1
homebodies,1
beginning;,1
impressive,1
stern,1
snuck,1
structure,1
fright,1
extraordinary,1
duh,1
helplessly,1
suburb,1
sniffs,1
34;,1
properties,1
abducting,1
boredom,1
messing,1
`lil,1
trims,1
bullshit,1
garfield,1
crash,1
theatre,1
outfit,1
scurry,1
coven,1
doorbell,1
bang,1
drawing,1
stick,1
band,1
sayin',1
runner,1
obsessive,1
sticking,1
sleeps,1
mets,1
singing,1
16,1
17,1
18,1
myself,1
19,1
howl,1
flood,1
psychologically,1
highest,1
i`m,1
schmoozes,1
animal,1
stairwell,1
`ol,1
21,1
22,1
binds,1
23,1
shower,1
24,1
superiority,1
27,1
mid,1
examines,1
vomit,1
grumbles,1
pieces,1
1st,1
greece,1
unless,1
cockiness,1
perspective,1
mickey;,1
holes,1
31,1
ought,1
32,1
cuts,1
dirty,1
34,1
reaction,1
36,1
childhood,1
renewal,1
38,1
39,1
propelled,1
appeal,1
abandon,1
texts,1
worldly,1
41,1
operation,1
42,1
44,1
45,1
agent,1
46,1
treat,1
fruck,1
47,1
48,1
49,1
throwin',1
whenever,1
51,1
52,1
53,1
sidewalk,1
55,1
58,1
beard,1
felt,1
wont,1
y'all,1
snickers,1
flying,1
staring,1
61,1
62,1
63,1
64,1
internet,1
mma,1
66,1
romans,1
69,1
6;,1
needed,1
lord,1
knocks,1
rule,1
beast,1
speed,1
common,1
interest,1
70,1
71,1
72,1
73,1
74,1
mansion,1
entertains,1
75,1
mask,1
76,1
77,1
78,1
79,1
madness,1
glares,1
recently,1
overlook,1
indeed,1
guitar,1
scrapes,1
stocky,1
eagerly,1
80,1
spins,1
81,1
step,1
83,1
84,1
85,1
86,1
moan;,1
87,1
volunteered,1
88,1
89,1
moi,1
masked,1
during,1
fair,1
stepping,1
humor,1
disadvantages,1
91,1
92,1
93,1
94,1
95,1
96,1
97,1
98,1
99,1
sprinter,1
linking,1
dressed,1
resistance,1
underneath,1
books,1
knowing,1
anyone,1
tinted,1
moans,1
annie,1
word,1
favorite,1
boarding,1
bloodcurdlingly,1
hoped,1
vampires,1
classical,1
secret,1
ourselves,1
foreign,1
naturally,1
qualifying,1
911;,1
pretends,1
alongside,1
pleads,1
aged,1
exhaustion,1
fascinating,1
departures,1
sends,1
lots,1
wings,1
cubes,1
damaged,1
cutting,1
gaggle,1
traumatised,1
ages,1
fake,1
stir,1
hyenas,1
escort,1
seductively,1
actually;,1
existence,1
abigail,1
tight,1
`you,1
overlooks,1
expecting,1
demonstrates,1
vet,1
oddly;,1
bottom,1
capture,1
sounding,1
fading,1
collision,1
darkly,1
focal,1
creepin',1
speaker,1
arrival,1
according,1
winter,1
error,1
egare,1
episcopalian,1
holding,1
trace,1
winds,1
terrorism,1
briskly,1
talks,1
colored,1
sweetest,1
haunting,1
assistant,1
charging,1
tricky,1
grimace,1
round,1
dessert,1
boxter,1
slightest,1
winces,1
carrot,1
sweetheart,1
awful,1
person;,1
laptop,1
building,1
anguish,1
dutch,1
smattering,1
poor,1
hypnotize,1
felony,1
moving,1
ran,1
`garage,1
dealing,1
rat,1
younger,1
grazes,1
shaving,1
google,1
ray,1
community,1
insects,1
lighting,1
80%,1
persons,1
charges,1
inspires,1
cigarettes,1
unused,1
detail,1
assholes,1
feign,1
ahhhhhh,1
throat,1
resignation,1
dollar,1
posted,1
observatory,1
hungry,1
aggressive,1
we'd,1
agreed,1
toes,1
themed,1
learn,1
pulled,1
golfing,1
maddened,1
it;,1
ridiculous,1
scratched,1
spin,1
galleries,1
evidence,1
straps,1
annoyance,1
melancholic,1
stays;,1
spring,1
post,1
fireflies,1
interesting;,1
stomps,1
yanks,1
sprints,1
badass,1
vibrations,1
inhaling,1
sleeepy,1
poised,1
originally,1
gather,1
article,1
shelf,1
faux,1
shits,1
loose,1
cocks,1
therefore,1
mercies,1
crawling,1
grampa,1
trust,1
defied,1
punches,1
private,1
animatedly,1
peaceful,1
sleeping,1
precisely,1
glitch,1
mixture,1
strikes,1
responsible,1
dating,1
ahhhhhhh,1
bullet,1
mistake,1
niggas,1
pour,1
rich,1
warm;,1
jumpsuit,1
crap,1
airplane,1
kicks,1
pushed,1
happens,1
slightly,1
smaller,1
caption,1
vibrates,1
trouver,1
number,1
disappointment,1
backseat,1
property,1
rip,1
aryan,1
cornered,1
sockets,1
nap,1
right;,1
nat,1
impales,1
trances,1
shape,1
testing,1
olympics,1
thousands,1
forth,1
patronizing,1
spot,1
presenting,1
aid,1
partial,1
torturous;,1
fairer,1
aback,1
rethinks,1
pouring,1
done;,1
hadn't,1
courage,1
local,1
hard;,1
promptly,1
speak,1
thoroughly,1
nothin',1
plops,1
slip,1
future,1
bushes,1
weapon/,1
removes,1
melts,1
movement,1
cheeseburger,1
flies,1
honor,1
glove,1
junior;,1
catches,1
decorated,1
rear,1
hooves,1
jenny,1
shaky,1
antlered,1
neurosurgeon;,1
isolated;,1
intimately,1
shall,1
strangers,1
prouche,1
weirdest,1
supervisor,1
shame,1
dreams,1
strangest,1
frantically,1
joyous,1
object;,1
floors,1
talented,1
whispers,1
obediently,1
tunes,1
logan/andre,1
babygirl,1
engage,1
needle,1
remainder,1
collapse,1
territory,1
acts,1
nip,1
cake,1
hired,1
shoulder,1
jaw,1
remain,1
phoning,1
whitest,1
envelope,1
wanted,1
favor',1
gently,1
grade,1
deserved,1
mound,1
photography,1
shines,1
feels,1
remain;,1
cocked,1
uncharted,1
pockets,1
wrappers,1
patience,1
times;,1
kids,1
art,1
heals,1
noticed,1
curls,1
beige,1
describe,1
sweaty,1
suck,1
stuffing,1
wealthy,1
strength,1
sweats,1
jazz,1
swung,1
hugs,1
remains,1
bomb,1
countryside;,1
challenging,1
operator,1
ate,1
houses,1
solves,1
course;,1
cracks,1
pendulum,1
golfer,1
hooking,1
seeming,1
worry,1
wounds,1
town,1
mold,1
bold,1
whatever,1
camp,1
tinny,1
longer,1
servants,1
colleagues,1
detecting,1
crow,1
neighborhood,1
cane,1
swinging,1
cousins,1
experimented,1
hidden,1
occupy,1
mood,1
boom,1
affluent,1
approaching,1
car;,1
central,1
arrive,1
statement,1
lived,1
memorial,1
shoe,1
goddamn,1
breaks,1
effectively,1
macbeth,1
giddily,1
spraying,1
grew,1
bond,1
awe,1
doggone,1
grey,1
assuming,1
battles,1
delicate,1
heartbeat,1
whistling,1
foyer/living,1
jig,1
decide,1
issues,1
nearby,1
hijack,1
fan,1
frost,1
jiu,1
catch,1
truly,1
cash,1
case,1
buzzer,1
waits,1
chested,1
survived,1
upholstered,1
sunday,1
sticks,1
moon,1
bounds,1
flesh,1
crowsie,1
card,1
study,1
martini,1
gardening,1
passeport,1
settle,1
bottles,1
babies,1
slanted,1
admirer,1
modern,1
older,1
look;,1
rummages,1
warping,1
berlin,1
incredulousness,1
castles,1
masking,1
runner;,1
orioles,1
wet,1
i'hopital,1
kill,1
morn,1
gnaw,1
wrangling,1
enunciating,1
sides,1
shit;,1
board,1
stuff,1
bout,1
fed,1
minded,1
deodorant,1
condescending,1
orlando,1
wrapped,1
cellar,1
addiction,1
important,1
glimpse,1
transfer,1
personally,1
daughter,1
sugar,1
centimeter,1
pretending,1
drinks,1
bowl,1
uber,1
mows,1
relaxed,1
causing,1
looms,1
hottest,1
muffled,1
miracle,1
compliment,1
dies,1
craggy,1
leans,1
spread,1
fizzle,1
shiny,1
scratchy,1
uses,1
depression,1
headache,1
stupid,1
momentary,1
projects,1
grunts,1
trembles,1
drags,1
awake,1
fella,1
fix,1
honest,1
georgina`s,1
bay,1
soaked,1
grow,1
panic,1
creeped,1
submitted,1
peace,1
prove,1
looney,1
proved,1
offered,1
ignition,1
foot,1
richardson,1
keeping,1
medicine,1
familiar,1
chimes,1
skeptical,1
fighter,1
screeches,1
breaths,1
essential,1
beauty,1
fiddling,1
gasp,1
language,1
resumes,1
dr,1
'cause,1
bet,1
accounted,1
won,1
smirks;,1
chairs,1
croquet;,1
expansive,1
eh,1
walter/,1
lunging,1
unpredictable,1
garbage,1
celebration,1
gare,1
frame,1
lucky,1
visiting,1
enveloped,1
content,1
ft,1
peels,1
peele,1
personality,1
rate,1
rats,1
sip,1
burgers,1
starbucks,1
digital,1
breathing,1
counter,1
football,1
endearing,1
form,1
drifts,1
earplugs,1
cashews,1
sedate,1
bid,1
montrer,1
decade,1
triggered,1
husky,1
99%,1
whips,1
vers,1
compulsive,1
`understand',1
intricate,1
diving,1
striking,1
chillin',1
agony,1
unaware,1
drag,1
guessing,1
thongue,1
burns,1
violently,1
issue,1
accents,1
tomorrow,1
jeffery,1
guttural,1
bathrooms,1
weren't,1
talked,1
operate,1
acted,1
cheeks,1
vintage,1
defy,1
flipping,1
je,1
place',1
become,1
brought,1
turned,1
widen,1
drama/comedy,1
eventually,1
shirtless,1
ju,1
thinking,1
freaky,1
library,1
mangled,1
flails,1
angle,1
hopefully,1
tradition,1
delight,1
plugged,1
preppy,1
wilts,1
mesmerized,1
wooded,1
motions,1
report,1
postures,1
chauffer,1
earshot,1
knees,1
toothbrush,1
work;,1
bmw,1
thinkin',1
swagger,1
picked,1
locked,1
cabinets,1
ms,1
possessed,1
hateful,1
nieghborhood,1
grabbing,1
dream,1
attached,1
comprised,1
bunch,1
tense,1
immortality,1
box,1
storage,1
lamely,1
karaoke,1
hedges,1
heap,1
social,1
nature,1
interesting,1
families,1
cousin,1
drew,1
100,1
acknowledge,1
lands,1
spiritual,1
cock,1
10;,1
sitting,1
lineage,1
honks,1
elbow,1
baltimore,1
buried,1
overflown,1
stood,1
redefined,1
speaking,1
punctures,1
scent,1
what'd,1
draws,1
11;,1
drawn,1
societies,1
bro,1
him;,1
choke,1
inevitable,1
family;,1
pleasure,1
frustration,1
dent,1
achem,1
kinky,1
kinks,1
glory,1
horse,1
re,1
autumn,1
starting,1
discovered,1
hind,1
crawls,1
serenely,1
sup,1
key,1
compulsively,1
knights,1
sill,1
laying,1
righteous,1
necessary,1
decision,1
fights,1
lighter,1
sanitary,1
craziest,1
closes,1
closer,1
monster,1
bud,1
pull,1
paralyzed,1
shhhh,1
tickles,1
dealer,1
closed,1
vast,1
laughing,1
story,1
country,1
headlock,1
loader,1
buy,1
express,1
sincerity,1
smoker,1
instantly,1
sawing,1
seizures,1
trophies,1
fills,1
smoked,1
usual,1
especially,1
carpet,1
valiant,1
sing,1
x5,1
changed,1
higher,1
whattup,1
`36,1
rose',1
figures,1
privacy,1
changer,1
pure,1
expects,1
mingles,1
gap,1
gar,1
lies,1
overweight,1
mortal,1
lovely,1
brighten,1
strokes,1
brutal,1
applauds,1
effeminate,1
argue,1
sips,1
nevermind,1
stone,1
functioning,1
hips,1
bludgeons,1
ones,1
veers,1
deeper,1
passing,1
surrounds,1
streets,1
rosie,1
ya,1
none,1
type,1
beyond,1
seconds,1
jeffries,1
problem,1
children,1
tighter,1
geriatric,1
abandoned,1
presence,1
guide,1
method,1
ominous,1
goat,1
push,1
exist,1
improvised,1
bicep,1
intact,1
bahge,1
`atta,1
lift,1
indoor,1
force,1
wildness,1
slices,1
cops,1
nope,1
i'd,1
street;,1
`understanding',1
weak,1
geo,1
dart,1
impress,1
blocked,1
salle,1
rearview,1
flat,1
rectangular,1
pleasantly,1
twisted,1
suspect,1
shrilly,1
somewhere;,1
sliced,1
drying,1
mingle,1
robe,1
located,1
gasping,1
lastly,1
jogger,1
connecting,1
minimum,1
ï»¿Get,1
flipped,1
addresses,1
easel,1
draped,1
owl,1
undivided,1
drum,1
cork,1
knocking,1
armchair,1
surprisingly,1
drake,1
blow,1
comforts,1
clothed,1
dabble,1
centuries,1
6'3,1
patients,1
accepted,1
ugly,1
wraps,1
9/11,1
excitement,1
sent,1
convulses,1
ending,1
wipes,1
quickens,1
epileptic,1
person,1
send,1
week,1
moonlight,1
smirks,1
weakly,1
aware,1
m'aider,1
scalp,1
awful;,1
stove,1
lipped,1
fester,1
carried,1
douche,1
unprovoked,1
impermanence,1
limited,1
reads,1
groups,1
accent,1
lyons,1
passive,1
nauseous,1
tends,1
