logan,881
laura,300
charles,248
up,184
out,182
cont'd,162
back,155
pierce,150
looks,136
shooting,127
final,125
8/23/2016,124
caliban,111
int,96
eyes,95
one,84
now,82
gabriela,77
ext,68
rice,67
door,64
down,64
truck,64
see,64
day,63
man,63
limo,58
over,57
turns,56
hand,55
through,55
night,53
rictor,49
know,48
more,48
toward,47
dr,46
stop,44
go,44
reavers,44
don't,43
side,43
takes,42
pulls,42
two,41
here,41
you're,41
children,40
look,38
plant,38
away,37
another,37
bad,37
kathryn,36
old,36
smelting,36
starts,35
looking,35
sees,35
i'm,35
behind,35
road,35
room,34
smiles,34
men,34
jackson,34
need,34
girl,34
claws,34
reaver,34
something,34
face,34
grabs,34
nate,34
boy,34
still,33
new,33
stares,33
watches,32
car,32
way,31
window,31
come,31
suddenly,31
gets,31
around,30
take,30
moving,29
inside,29
red,29
farmhouse,29
24,28
long,28
steps,28
city,28
open,27
watching,27
head,27
himself,26
people,26
can't,25
pick,24
highway,24
/ext,24
find,24
please,24
oklahoma,24
blood,23
right,23
crosses,23
dead,23
good,22
floor,22
continuous,22
hands,22
nods,22
want,22
again,22
those,22
phone,22
same,21
hard,21
woman,21
moment,21
keep,21
spanish,21
yes,21
close,21
run,21
wheel,21
opens,20
eden,20
ground,20
last,20
before,20
federales,20
comic,20
body,20
arm,20
fuck,19
top,19
haired,19
hear,19
alkali,19
gun,19
we're,19
time,19
light,19
reaches,19
morning,19
sits,19
pills,18
turn,18
holds,18
puts,18
move,18
big,18
place,18
cliff,17
past,17
van,17
black,17
charles',17
mutant,17
help,17
friends,17
doors,17
shit,17
bed,17
beside,17
stands,17
onto,16
well,16
ball,16
backpack,16
screen,16
el,16
dirt,16
comes,16
passes,16
coming,16
moves,16
air,16
notices,16
shot,16
high,16
box,16
hits,16
goes,16
walks,15
lot,15
federale,15
nurse,15
feet,15
x24,15
tries,15
lies,15
sound,15
ahead,15
god,15
child,15
standing,15
chair,15
train,15
tank,15
guns,15
kids,15
mother,15
little,15
three,14
someone,14
going,14
told,14
rain,14
outside,14
vehicles,14
life,14
abandoned,14
dawn,14
mutants,14
gonna,14
bottle,14
bloody,14
bobby,14
first,14
holding,14
munson,14
front,14
control,14
doing,14
kitchen,13
stumbles,13
paso,13
trooper,13
mexican,13
oh,13
station,13
tosses,13
motel,13
things,13
father,13
falls,13
stops,13
commander,12
finds,12
make,12
walking,12
bullet,12
family,12
weapons,12
fucking,12
dark,12
hey,12
meet,12
jeep,12
horses,12
i'll,12
casino/hotel,12
table,12
several,12
makes,12
direction,11
cut,11
think,11
house,11
pain,11
tell,11
made,11
casino,11
structure,11
bedroom,11
money,11
work,11
leaps,11
ride,11
woods,11
shoulder,11
give,11
few,11
breathe,11
never,11
screams,11
seen,11
country,11
they're,11
lights,11
lady,11
video,11
meets,11
hit,11
trying,11
hears,11
fire,11
staring,11
spins,11
building,11
farm,11
ringing,11
border,11
call,11
name,11
kill,11
bag,11
everything,11
throws,11
delilah,11
safe,11
thank,10
better,10
snikt,10
doctor,10
each,10
thing,10
chest,10
start,10
water,10
under,10
glances,10
forward,10
stay,10
driver,10
against,10
maybe,10
huge,10
drops,10
doesn't,10
four,10
young,10
wave,10
okay,10
cyborg,10
beat,10
wagon,10
hold,10
trailer,10
pulling,10
runs,10
soldiers,10
nothing,10
until,10
vial,10
distance,10
trunk,10
enough,10
sign,10
cross,10
clerk,10
once,10
jonah,10
wolverine,9
making,9
gone,9
taking,9
picks,9
rebecca,9
stand,9
trees,9
music,9
neck,9
leave,9
didn't,9
struggling,9
rage,9
heads,9
bring,9
sure,9
gate,9
follows,9
seat,9
pull,9
wide,9
north,9
days,9
beneath,9
everyone,9
small,9
meds,9
talk,9
fires,9
fast,9
read,9
approaching,9
cash,9
care,9
peers,9
manager,9
kid,9
james,9
left,8
quiet,8
killing,8
staff,8
later,8
knows,8
breath,8
frozen,8
slams,8
yeah,8
sleep,8
sleeping,8
lizard,8
drives,8
running,8
wanted,8
wounds,8
next,8
swings,8
along,8
hurt,8
food,8
ella,8
stairs,8
camera,8
closes,8
convoy,8
healing,8
pay,8
live,8
alright,8
liberty,8
late,8
hat,8
hospital,8
mirror,8
waiting,8
hood,8
finishes,8
nice,8
mouth,8
both,8
getting,8
drink,8
world,8
adamantium,8
son,8
horse,8
sighs,8
climbs,8
weak,8
really,8
wheels,7
empty,7
try,7
won't,7
medical,7
trucks,7
keeps,7
being,7
syringe,7
cuts,7
many,7
step,7
books,7
command,7
pushing,7
stretch,7
dakota,7
called,7
driving,7
button,7
play,7
plan,7
older,7
happened,7
approaches,7
foot,7
very,7
keys,7
gotta,7
asleep,7
considers,7
much,7
suite,7
area,7
understand,7
blinks,7
found,7
hispanic,7
put,7
mean,7
pistol,7
maria,7
smile,7
fact,7
throat,7
couple,7
rifle,7
dazed,7
boat,7
donald,7
today,7
louder,7
gently,7
crying,7
vehicle,7
daughter,7
saw,7
drive,7
hallway,7
thinking,7
angle,7
raises,7
friend,7
remaining,7
sun,7
paralyzed,7
files,7
hall,6
address,6
others,6
fuel,6
upon,6
lab,6
hatch,6
mountain,6
claw,6
watch,6
glass,6
full,6
center,6
slashes,6
restraints,6
bodies,6
grass,6
mine,6
finally,6
lock,6
lying,6
skin,6
twenty,6
slicker,6
elevator,6
voice,6
grave,6
year,6
jeeps,6
end,6
kicks,6
jams,6
valet,6
took,6
envelope,6
battered,6
kneels,6
green,6
breaks,6
far,6
used,6
cereal,6
leans,6
metal,6
edge,6
fight,6
sitting,6
pump,6
tv,6
military,6
exits,6
honey,6
gas,6
continues,6
howlett,6
begins,6
creature,6
pocket,6
slowly,6
wait,6
gunfire,6
wasn't,6
slides,6
anymore,6
school,6
weapon,6
windows,6
asshole,6
major,6
tree,6
clean,6
fiat,6
carrying,6
killed,6
fine,6
upward,6
best,6
fence,6
limping,6
five,6
glares,6
fall,6
finger,6
struggles,6
bench,6
rumble,6
pushes,6
sorry,6
ago,6
years,6
exit,6
catches,6
points,6
rear,6
already,6
real,6
telescope,6
armed,6
parked,6
show,6
street,6
rest,6
bar,6
windshield,6
corner,6
large,6
pauses,6
passing,6
react,6
reads,6
drunk,5
legs,5
click,5
crazy,5
save,5
attack,5
page,5
pale,5
part,5
eats,5
business,5
touches,5
main,5
smoking,5
enters,5
hiding,5
above,5
23,5
middle,5
shotgun,5
ear,5
loud,5
seems,5
near,5
banger,5
canada,5
cocks,5
asked,5
entrance,5
rolls,5
squints,5
whatever,5
quickly,5
nearby,5
suit,5
wrong,5
board,5
stumbling,5
attention,5
giant,5
canyon,5
image,5
limbs,5
mountains,5
tears,5
bathroom,5
iv,5
gave,5
mr,5
gaze,5
shifts,5
brand,5
starting,5
seem,5
dealer,5
course,5
corn,5
security,5
lunges,5
flatbed,5
talking,5
you've,5
sets,5
dragging,5
bouncing,5
hundred,5
heading,5
names,5
arms,5
pov,5
shoves,5
hooked,5
stronger,5
listen,5
bangers,5
jumps,5
blast,5
answer,5
series,5
rubber,5
lifts,5
headed,5
radio,5
scream,5
free,5
bullets,5
ice,5
pinned,5
patrons,5
you'll,5
mutey,5
covered,5
moments,5
shakes,5
younger,5
guys,5
saying,5
thought,5
broken,5
screaming,5
everywhere,5
book,5
mexico,5
shut,5
awake,5
i've,5
words,5
glowing,5
eyed,5
tires,5
sit,5
dinner,5
change,5
snatches,5
somewhere,5
reacts,5
missing,5
streets,5
between,5
freight,5
seeing,5
lead,5
half,4
ten,4
sake,4
energy,4
serious,4
laugh,4
check,4
distant,4
presses,4
matter,4
pipe,4
less,4
booze,4
leg,4
pack,4
restraint,4
shots,4
filling,4
collapses,4
shoot,4
hours,4
teen,4
fallen,4
palm,4
bright,4
glasses,4
means,4
done,4
path,4
dose,4
hotel,4
mini,4
desert,4
quarter,4
die,4
brings,4
baby,4
supplies,4
text,4
jesus,4
field,4
feel,4
teenage,4
becomes,4
wakes,4
believe,4
boots,4
holes,4
45,4
50,4
wrinkled,4
lord,4
speed,4
riddled,4
love,4
soldier,4
sleeve,4
knuckles,4
guest,4
flips,4
emerge,4
loose,4
x23,4
drugged,4
engine,4
special,4
wanna,4
ravaged,4
needle,4
shoots,4
waves,4
research,4
leads,4
fields,4
nearly,4
double,4
badlands,4
wet,4
drinks,4
sunseeker,4
extend,4
lower,4
clearing,4
second,4
faster,4
locked,4
pretty,4
re,4
mohawk,4
closer,4
tu,4
reading,4
beyond,4
closing,4
exist,4
force,4
i'd,4
tools,4
brain,4
reveal,4
concrete,4
line,4
link,4
hero,4
daddy,4
wild,4
arrives,4
pad,4
pan,4
we'll,4
flashes,4
even,4
guy,4
bunk,4
machines,4
welcome,4
pop,4
gives,4
xmen,4
till,4
playing,4
anything,4
panicked,4
having,4
chain,4
lays,4
point,4
sounds,4
mostly,4
ignores,4
tracks,4
soon,4
sort,4
fill,4
cover,4
transigen,4
coordinates,4
price,4
anyone,4
steel,4
homework,4
fading,4
paper,4
colored,4
round,4
hurries,4
objects,4
photo,4
pops,4
flees,4
finish,4
always,4
came,4
ask,4
ass,4
strength,4
view,4
yourself,4
leaving,4
nervous,4
bounce,4
cart,4
images,4
cars,4
sticks,4
card,4
bottles,4
born,4
billboard,4
swerves,4
job,4
crowbar,4
battle,4
aren't,4
living,4
injects,4
alive,4
urgent,4
emerges,4
knees,4
office,4
different,4
upstairs,4
vape,4
chance,4
lobby,4
blades,4
bud,4
wheelchair,4
ones,4
natural,4
xavier,4
knocking,4
gideon,4
harpoon,4
cab,4
hair,4
ready,4
alarm,4
carries,4
equations,3
shrieking,3
meanwhile,3
telling,3
roll,3
staircase,3
eating,3
straight,3
police,3
supposed,3
clinging,3
pill,3
block,3
pressed,3
orders,3
toy,3
quilt,3
ain't,3
thousand,3
spoon,3
lap,3
traffic,3
wound,3
wounded,3
caught,3
beautiful,3
clack,3
team,3
cabinet,3
lie,3
glare,3
infirmary,3
irrigation,3
lit,3
blows,3
fixed,3
short,3
metallic,3
provide,3
prom,3
low,3
barely,3
dad,3
blasting,3
shows,3
elsewhere,3
noticing,3
mile,3
easy,3
sirens,3
needles,3
overwhelmed,3
human,3
helping,3
fascinated,3
statue,3
doc,3
bags,3
exodus,3
use,3
lunge,3
peering,3
cries,3
waving,3
drawing,3
10,3
myself,3
partition,3
supports,3
35,3
numbers,3
grounds,3
forces,3
knock,3
base,3
fingers,3
lost,3
lose,3
eat,3
surreptitiously,3
slaps,3
este,3
jack,3
saver,3
version,3
returns,3
happening,3
howls,3
beware,3
forest,3
immediately,3
wyoming,3
rises,3
punches,3
mistake,3
horizon,3
happens,3
crossing,3
remind,3
pissed,3
decorated,3
shaky,3
catching,3
below,3
tool,3
races,3
slot,3
flick,3
shane,3
freezing,3
ring,3
feels,3
amused,3
cemetery,3
structures,3
such,3
classic,3
shatters,3
grab,3
clothing,3
news,3
rise,3
fat,3
burned,3
shirt,3
pleased,3
sides,3
survival,3
opened,3
effects,3
effect,3
rocks,3
bartender,3
blowing,3
familiar,3
mounted,3
girls,3
doorway,3
plated,3
wider,3
knew,3
coat,3
grabbing,3
shuffles,3
consciousness,3
fights,3
monster,3
closed,3
joins,3
loaded,3
trophies,3
previous,3
yo,3
connection,3
south,3
rearview,3
bucking,3
bronco,3
self,3
mannequin,3
bloodied,3
spitting,3
tossing,3
limp,3
stories,3
aims,3
stylus,3
rides,3
buds,3
without,3
fumbling,3
sunglasses,3
anybody,3
yellow,3
booster,3
speaks,3
selfie,3
pal,3
service,3
american,3
pringles,3
earlier,3
lake,3
rising,3
land,3
skull,3
automatic,3
wall,3
meeting,3
recognize,3
circle,3
hulking,3
anyway,3
por,3
escape,3
funny,3
emerging,3
headlights,3
wash,3
warm,3
checks,3
ends,3
program,3
doubles,3
passenger,3
enraged,3
barrel,3
reverse,3
appreciate,3
bees,3
mega,3
spare,3
tail,3
putting,3
trail,3
restraining,3
monitor,3
mercenaries,3
home,3
america,3
action,3
belt,3
loading,3
heavy,3
clients,3
painted,3
member,3
machine,3
horn,3
position,3
laughter,3
dangerous,3
hour,3
coughing,3
except,3
actually,3
leaves,3
finding,3
bursts,3
que,3
lopez,3
brakes,3
dressed,3
spits,3
thugs,3
seemingly,3
guts,3
texas,3
retracts,3
poor,3
curled,3
escaped,3
miles,3
clone,3
fucked,3
movie,3
property,3
cornered,3
system,3
cage,3
breathes,3
gambling,3
hypno,3
cracks,3
worry,3
longer,3
winding,3
grins,3
boom,3
cracked,3
kicking,3
gloves,3
penny,3
buzzes,3
pressing,3
display,3
simple,3
cloud,3
kind,3
mommy,3
awakes,3
juarez,3
stupid,3
boys,3
fluid,3
gaining,3
tequila,3
plastic,3
facing,3
bee,3
joey,3
lucky,3
packing,3
sir,3
six,3
wearing,3
corridor,3
bit,3
animals,3
sky,3
zander,3
hello,3
break,3
powers,3
anger,3
spearing,3
shades,3
console,3
plays,3
raised,3
ma'am,3
store,3
buy,3
gleaming,3
sink,3
kit,3
bounces,3
figure,3
types,3
racing,3
sunlight,3
hypodermic,3
tag,3
wipes,3
week,3
unconscious,3
clothes,3
prepare,2
smacks,2
guards,2
comprende,2
yourselves,2
hang,2
flip,2
resume,2
gunshots,2
sunset,2
hacks,2
headlight,2
nowhere,2
roof,2
umbrella,2
blocks,2
realizes,2
flashing,2
went,2
adjusts,2
bringing,2
spots,2
pink,2
pins,2
solemnly,2
listens,2
noise,2
haul,2
question,2
con,2
yelling,2
cot,2
lets,2
crawl,2
tower,2
pitched,2
became,2
chicken,2
lcd,2
times,2
muscle,2
opening,2
tub,2
steers,2
worked,2
state,2
dock,2
opposite,2
cue,2
cup,2
monitors,2
probably,2
battery,2
shout,2
stuffed,2
pads,2
thigh,2
source,2
unable,2
dying,2
dogs,2
jacket,2
doubt,2
sabretooth,2
converted,2
stare,2
parking,2
crossbow,2
ninety,2
whoever,2
enter,2
pans,2
paperwork,2
doll,2
bedside,2
blown,2
crushing,2
quick,2
friendly,2
husband,2
dodges,2
created,2
tactical,2
pause,2
stays,2
tent,2
guarded,2
cursing,2
ears,2
third,2
apartment,2
pass,2
hable,2
impact,2
treatment,2
handing,2
bing,2
emergency,2
lookout,2
test,2
brown,2
armor,2
chuck,2
states,2
load,2
company,2
custom,2
clicks,2
blanket,2
showing,2
lunch,2
thick,2
fear,2
dog,2
mite,2
towing,2
pours,2
laundry,2
map,2
pavement,2
tented,2
strip,2
poisoned,2
interrupted,2
feed,2
bald,2
wakey,2
sniffs,2
bullshit,2
bank,2
11,2
boxes,2
12,2
14,2
15,2
beaten,2
wires,2
animal,2
swale,2
20,2
22,2
seizure,2
mid,2
dirty,2
stiff,2
expression,2
releases,2
controlled,2
disoriented,2
40,2
44,2
agent,2
forced,2
seven,2
paces,2
kennel,2
wood,2
54,2
beard,2
dropping,2
trimmer,2
flying,2
60,2
unlocks,2
knocks,2
recording,2
70,2
mart,2
waistband,2
he'd,2
eagerly,2
85,2
attempts,2
swats,2
tinted,2
ourselves,2
punch,2
throwing,2
writing,2
gored,2
escort,2
scarred,2
talks,2
makeshift,2
instead,2
stolen,2
swarm,2
prepares,2
leading,2
aflame,2
guess,2
stump,2
wouldn't,2
learn,2
sunroof,2
sweet,2
rounds,2
sprints,2
female,2
mellifera,2
visor,2
hardly,2
gift,2
skinned,2
tried,2
darkness,2
seventy,2
thousands,2
quarry,2
crossed,2
cell,2
albino,2
surreptitious,2
throbbing,2
vibrating,2
firing,2
`bout,2
shake,2
pages,2
etc,2
brass,2
bodycam,2
yell,2
apis,2
pennysaver,2
converging,2
floors,2
raincoat,2
whisper,2
clipping,2
angrily,2
fully,2
eye,2
slow,2
thresher,2
torx,2
helicopter,2
wrappers,2
beverage,2
unzips,2
espera,2
boring,2
suck,2
remains,2
arriving,2
white,2
elisha,2
blind,2
hidden,2
blink,2
rack,2
toys,2
african,2
musak,2
stuck,2
catch,2
study,2
gain,2
cuando,2
great,2
cornfield,2
grim,2
section,2
whip,2
hunt,2
weigh,2
alone,2
looms,2
parallel,2
losing,2
jittery,2
jitters,2
gang,2
uncanny,2
panic,2
bg,2
rapt,2
sudden,2
panel,2
fly,2
scrawled,2
de,2
ditch,2
painfully,2
needs,2
em,2
tumbles,2
squeal,2
burst,2
carry,2
frame,2
whiff,2
twilight,2
perhaps,2
patents,2
kept,2
form,2
wedged,2
guessing,2
plates,2
iq,2
peaks,2
jr,2
ability,2
sadly,2
la,2
photos,2
locker,2
feeling,2
wrench,2
halts,2
hobbles,2
rushing,2
heal,2
heap,2
blah,2
os,2
ow,2
lands,2
easier,2
communicating,2
convenience,2
haven't,2
slashing,2
grabbed,2
device,2
checking,2
poisoning,2
si,2
closet,2
connected,2
they've,2
lugar,2
uh,2
details,2
hides,2
smiling,2
usual,2
upright,2
support,2
yells,2
changed,2
similarity,2
hauled,2
sprayed,2
deeper,2
none,2
type,2
hell,2
surrounding,2
lift,2
surrounded,2
semi,2
power,2
snaps,2
cook,2
forcing,2
gasping,2
drug,2
ending,2
dash,2
note,2
riding,2
clutching,2
hearts,2
nose,2
limb,2
follow,2
swollen,2
flicker,2
psionic,2
basta,2
slows,2
sights,2
blur,2
strapped,2
photograph,2
tucks,2
yours,2
wish,2
sexy,2
halfway,2
pocked,2
coffee,2
bleeding,2
focus,2
wrist,2
mutante,2
heaves,2
sightings,2
we've,2
gut,2
injured,2
bought,2
equally,2
associate,2
pig,2
stricken,2
wake,2
serenata,2
terror,2
bellhops,2
bygones,2
ties,2
design,2
working,2
friday,2
lane,2
tied,2
despite,2
walk,2
quietly,2
drift,2
chaos,2
mute,2
butt,2
ward,2
hitting,2
defense,2
beating,2
mutters,2
unicorn,2
shovel,2
westchester,2
canopy,2
realize,2
brush,2
pre,2
weight,2
outskirts,2
crevasse,2
asking,2
yesterday,2
pipes,2
tray,2
tips,2
riveted,2
ways,2
smash,2
terrified,2
torso,2
travel,2
hip,2
bear,2
group,2
bruised,2
shouting,2
hurts,2
reveals,2
viewfinder,2
clear,2
meal,2
hurry,2
liquids,2
trip,2
killer,2
soft,2
fleshy,2
duffel,2
hop,2
liquor,2
lurches,2
emotional,2
dragged,2
3300,2
sometimes,2
tall,2
exposed,2
passed,2
holy,2
tubes,2
huh,2
buckshot,2
dropped,2
`em,2
goring,2
tablet,2
barks,2
cream,2
choo,2
bell,2
products,2
heave,2
strike,2
swallows,2
blade,2
backward,2
difficult,2
seriously,2
film,2
heart,2
trash,2
forget,2
valley,2
belong,2
quivering,2
caravan,2
canewood,2
tiger,2
comics,2
fist,2
plows,2
weary,2
blisters,2
bleary,2
collection,2
extends,2
wonder,2
imaginary,2
mutancy,2
dresses,2
zig,2
speciation,2
pride,2
breakfast,2
tracked,2
pictures,2
tracker,2
pictured,2
gutted,2
perfect,2
pole,2
space,2
healed,2
catwalk,2
spinning,2
tossed,2
pries,2
laughs,2
ocular,2
listening,2
fleeing,2
aiming,2
fare,2
rag,2
terrain,2
ram,2
charger,2
assholes,2
rolling,2
dutched,2
pulled,2
ish,2
rural,2
stomps,2
shell,2
crooked,2
united,2
label,2
age,2
impaled,2
disappointment,2
slits,2
silver,2
crew,2
electronic,2
vacation,2
speak,2
mangold,2
future,2
glove,2
brains,2
fictional,2
gear,2
rob,2
guilt,2
sucks,2
looked,2
minute,2
severed,2
anywhere,2
munsons,2
cake,2
english,2
containing,2
marquez,2
chopper,2
dust,2
worse,2
bolt,2
learned,2
tissue,2
glancing,2
case,2
173c,2
moon,2
feral,2
choking,2
wrapped,2
clings,2
glimpse,2
bowl,2
delirious,2
puppet,2
favor,2
guests,2
clinic,2
projects,2
lugs,2
drags,2
bat,2
angry,2
deal,2
containment,2
set,2
escalator,2
leaping,2
rooms,2
nearest,2
dummies,2
bet,2
shouts,2
faded,2
camera/phone,2
helps,2
western,2
fades,2
deep,2
trained,2
signs,2
clears,2
rippling,2
avoid,2
fresh,2
crowd,2
sick,2
advances,2
model,2
bikes,2
chasing,2
begin,2
valleys,2
gripped,2
sigh,2
proceeds,2
thrown,2
littered,2
attached,2
graffiti,2
shuts,2
bunch,2
oregon,2
birthday,2
nature,2
drill,2
100,2
mould,2
stumble,2
scene,2
draws,2
drawn,2
120,2
laying,2
manages,2
story,2
seizures,2
written,2
fills,2
dealers,2
enhanced,2
ocean,2
especially,2
hint,2
speeding,2
figures,2
idea,2
lovely,2
brutal,2
bye,2
screech,2
reach,2
inches,2
sight,2
tugs,2
collar,2
overhead,2
following,2
drivers,2
range,2
rock,2
observation,2
growing,2
assets,2
tar,2
regards,2
herself,2
covering,2
hedge,2
aware,2
guarding,2
terminated,2
smooth,2
carried,2
oblivious,2
frowning,1
nicely,1
spilling,1
fifty,1
nowadays,1
crisply,1
tea,1
imperfect,1
cranking,1
tek,1
blasts,1
meats,1
ibuprofen,1
scratch,1
backwards,1
latino,1
eleven,1
sideways,1
frantic,1
talisman,1
newspaper,1
flit,1
throb,1
sunglass,1
balanced,1
result,1
stirring,1
shouldn't,1
connect,1
hushed,1
blistered,1
overtaking,1
collisions,1
paneling,1
halt,1
sale,1
throw,1
tropics,1
obvious,1
regain,1
information,1
intersecting,1
how'd,1
violent,1
gouging,1
pummeled,1
slurring,1
tenses,1
pigs,1
tie,1
skeleton,1
besides,1
fantasy,1
resists,1
encircles,1
sang,1
beacon,1
cowardice,1
entangling,1
prodded,1
nonagenarian,1
freddy,1
lens,1
ensuring,1
clattering,1
ticket,1
multiple,1
realized,1
cheer,1
tween,1
cancer,1
splash,1
pupils,1
bereaved,1
pile,1
swiping,1
belongings,1
loved,1
reservation,1
straddling,1
cooperation,1
order,1
reminds,1
angiogenesis,1
considering,1
intel,1
castrated,1
women,1
pellet,1
pine,1
dumps,1
coated,1
cameras,1
ton,1
orderly,1
jagged,1
reminder,1
drugs,1
willie,1
loves,1
cheap,1
goth,1
homesteaders,1
picture,1
roars,1
cop,1
exhibiting,1
gown,1
abilities,1
biggest,1
towel,1
nightmares,1
defective,1
microscopes,1
raise,1
pitches,1
quite,1
law,1
cpr,1
sneaks,1
plenty,1
condition,1
cloned,1
idyllic,1
shining,1
gouges,1
obeys,1
exterior,1
effective,1
haze,1
overbed,1
reaver/alkali,1
sucking,1
crescent,1
roping,1
pillow,1
flicks,1
flops,1
sketch,1
incident,1
prey,1
lee,1
supply,1
doorjamb,1
horrified,1
leo,1
teasers,1
press,1
worker,1
cares,1
pace,1
aftermath,1
quesalupa,1
padded,1
offering,1
restrained,1
groceries,1
thirty,1
perfectly,1
warrior,1
dollars,1
fixes,1
shattering,1
tear,1
calmly,1
distribute,1
empathy,1
entombing,1
perplexed,1
reporter,1
marvin,1
torture,1
quit,1
wadded,1
shapely,1
margins,1
swipes,1
lib,1
clips,1
smell,1
slugger,1
lip,1
paying,1
vitality,1
registers,1
weakened,1
twists,1
tech,1
reflection,1
surprising,1
qu√©,1
mellow,1
resistant,1
blinding,1
starry,1
1950,1
windbreaker,1
painful,1
wreckage,1
chews,1
harvest,1
purchase,1
titles,1
stars,1
pair,1
gravity,1
downward,1
tentatively,1
climb,1
remembered,1
cryogenic,1
season,1
vomiting,1
pollination,1
destroy,1
hostage,1
pummeling,1
louisville,1
dolls,1
cuffed,1
log,1
dome,1
overstates,1
easement,1
crutch,1
propped,1
sentinel,1
survive,1
fury,1
eternal,1
mirarme,1
advancing,1
hesitantly,1
recognizing,1
squarely,1
disconnected,1
shown,1
zone,1
forcibly,1
slashed,1
tuxes,1
ambush,1
drinking,1
sparks,1
lacerations,1
minutes,1
insultas,1
shrapnel,1
illegal,1
instructor,1
interlocked,1
stacked,1
bike,1
tend,1
east,1
shredding,1
therapy,1
chauffeur,1
tongs,1
heavily,1
colleague,1
further,1
demands,1
restocks,1
siren,1
fiery,1
couldn't,1
den,1
crack,1
startled,1
pate,1
clyde,1
record,1
examining,1
`til,1
letterhead,1
carefully,1
shock,1
paralysis,1
bill,1
flakes,1
domain,1
chugs,1
adult,1
denim,1
walgreens,1
bounding,1
gesticulating,1
unlike,1
chaotic,1
mind,1
waitress,1
dots,1
posters,1
shoes,1
stealing,1
taught,1
returning,1
stiffens,1
inch,1
onscreen,1
dig,1
rigor,1
stocking,1
backpacks,1
hemostasis,1
mimes,1
livestock,1
dispensing,1
radius,1
fortitude,1
signal,1
bangs,1
strap,1
imbibe,1
month,1
tackle,1
cholos,1
freezes,1
cued,1
pornographers,1
needn't,1
bred,1
importance,1
endless,1
training,1
title,1
resisting,1
miss,1
frenzied,1
stirs,1
inset,1
grand,1
serve',1
stabs,1
articles,1
chatty,1
division,1
balance,1
dna,1
cigar,1
revealed,1
slamming,1
laughs;,1
researchers,1
appreciation,1
signed,1
electrical,1
stall,1
sense,1
blacked,1
removing,1
wetters,1
hoping,1
physically,1
calmer,1
baseball,1
chipped,1
don,1
drones,1
goodbye,1
stamped,1
scattered,1
mag,1
government,1
pristine,1
pesadillas,1
surround,1
overheard,1
mat,1
joking,1
virtuoso,1
ministering,1
unseen,1
sprung,1
recognition,1
rockets,1
bail,1
aisle,1
curdling,1
baja,1
maid,1
terrible,1
waste,1
cheerfully,1
concentrates,1
bearing,1
broom,1
equipment,1
pressure,1
picking,1
numb,1
directions,1
senor,1
colorful,1
thriving,1
handsome,1
cocaine,1
nonsense,1
guerilla,1
manic,1
tufts,1
met,1
tiled,1
submerged,1
absorbs,1
conspiratorial,1
exactly,1
rapidly,1
orange,1
navigates,1
mercy,1
prancing,1
sized,1
sorrow,1
patch,1
bang,1
brow,1
stick,1
released,1
disappearing,1
13,1
august,1
singing,1
16,1
17,1
18,1
19,1
gunned,1
cracking,1
skeptically,1
spattered,1
certificates,1
inebriated,1
vaminos,1
male,1
21,1
25,1
26,1
hasn't,1
27,1
28,1
29,1
flexes,1
wiping,1
examines,1
remember,1
listings,1
flicking,1
30,1
destruction,1
31,1
32,1
33,1
34,1
bloodstream,1
36,1
bother,1
37,1
though,1
associates,1
topples,1
38,1
yanking,1
39,1
bans,1
toppled,1
polio,1
capper,1
mane,1
progress,1
eyeglasses,1
41,1
42,1
43,1
seller,1
46,1
heartier,1
47,1
48,1
49,1
suffering,1
rapid,1
project,1
lope,1
arena,1
locks,1
lurching,1
darker,1
goofing,1
swiftly,1
loop,1
bark,1
51,1
bare,1
52,1
53,1
55,1
crane,1
56,1
57,1
suitcase,1
58,1
59,1
seeds,1
felt,1
creeaaak,1
bears,1
gardener,1
exasperated,1
dense,1
goggles,1
nuts,1
driverless,1
61,1
62,1
63,1
64,1
65,1
66,1
67,1
68,1
69,1
needed,1
mass,1
chummy,1
beast,1
muzzle,1
enclosures,1
gesture,1
5g,1
71,1
72,1
73,1
74,1
organic,1
75,1
76,1
77,1
78,1
79,1
recently,1
hostages,1
separated,1
bars,1
landing,1
mare,1
separates,1
80,1
81,1
82,1
83,1
84,1
forever,1
86,1
87,1
88,1
89,1
repeats,1
ratchets,1
howletts,1
mom,1
loss,1
90,1
91,1
92,1
93,1
94,1
95,1
96,1
controlling,1
97,1
98,1
mats,1
99,1
eyeing,1
mph,1
resemblance,1
dizzy,1
beams,1
tattoo,1
registration,1
math,1
lingers,1
word,1
swath,1
theory,1
bawdy,1
contractor,1
continental,1
flock,1
gender,1
healthier,1
enjoy,1
fireworks,1
believes,1
pretends,1
explosions,1
playful,1
gores,1
juice,1
nurture,1
buckle,1
lots,1
ages,1
prepared,1
tailer,1
existence,1
maze,1
perfecting,1
femoral,1
tomar,1
goddam,1
alley,1
hunter,1
mays,1
lippizaners,1
expecting,1
discover,1
rushes,1
failed,1
sounding,1
toting,1
squeezed,1
appointed,1
preparing,1
squeezes,1
mud,1
mug,1
gauging,1
turnout,1
elder,1
extinct,1
spent,1
whispered,1
grimace,1
jabs,1
winces,1
landscape,1
flavors,1
blanching,1
threshers/harvesters,1
saved,1
cruises,1
urge,1
via,1
resetting,1
inviting,1
leapt,1
dealership,1
contains,1
folder,1
marches,1
whirring,1
spattering,1
vista,1
interstate,1
subsequently,1
grasses,1
variations,1
darkens,1
wikipedia,1
naughty,1
sweep,1
descend,1
stung,1
cruising,1
thrashed,1
loopy,1
upside,1
tearing,1
lease,1
ekg,1
evidence,1
eager,1
straps,1
whirlwind,1
shred,1
faint,1
labrador,1
poised,1
waitress',1
exquisite,1
shade,1
gather,1
sobbing,1
tests,1
crawling,1
plating,1
private,1
soaking,1
flutters,1
desperately,1
responsible,1
dumped,1
knuckle,1
packed,1
lines,1
forty,1
chased,1
females,1
attacker,1
scissors,1
fronting,1
ribs,1
slightly,1
career,1
electrician,1
tucking,1
newly,1
similar,1
mapping,1
tenderly,1
shape,1
unblinking,1
gravel,1
clocks,1
converge,1
temperamental,1
subtitle,1
driven,1
lumbers,1
authors,1
tone,1
isn't,1
spilled,1
rights,1
climbed,1
shard,1
bridesmaids,1
honestly,1
television,1
techno,1
overpass,1
choreographed,1
birthing,1
flies,1
windshields,1
honor,1
chops,1
tucked,1
moist,1
cable,1
shootout,1
soundly,1
positions,1
ravenously,1
mercilessly,1
shame,1
torn,1
unexpectedly,1
barrage,1
crickets,1
soulful,1
whispers,1
'i'm,1
neon,1
endeavor,1
klunk,1
adjacent,1
fatherhood,1
pounding,1
donning,1
rated,1
super,1
motioning,1
forms,1
trademarked,1
cheese,1
skills,1
cordova,1
dance,1
exchanges,1
voices,1
jitter,1
continent,1
mattress,1
hymnal,1
rips,1
hooks,1
genetic,1
siding,1
scaling,1
horror,1
heals,1
poison,1
looping,1
splashing,1
llevo,1
sweaty,1
gaby,1
lesions,1
documents,1
windowless,1
breakaway,1
wham,1
betrays,1
features,1
slug,1
chameleon,1
town,1
destroying,1
yards,1
tinny,1
limps,1
blares,1
reopen,1
swinging,1
manacles,1
simplicity,1
cockeyed,1
hurriedly,1
semillas,1
glorified,1
sickened,1
goddamn,1
war,1
summons,1
fortified,1
risk,1
container,1
recalls,1
lowers,1
abruptly,1
electron,1
petting,1
endures,1
lives,1
bewildered,1
survived,1
stainless,1
hunched,1
capensis,1
scared/confused,1
farms,1
completely,1
hunches,1
direct,1
modern,1
livid,1
acknowledging,1
memories,1
feeds,1
relieved,1
commandeered,1
sided,1
factly,1
dishes,1
cordoned,1
pharmaceutical,1
dick,1
pursuing,1
widow,1
gamblers,1
halloween,1
snacks,1
otherwise,1
you'd,1
visible,1
tangle,1
hangs,1
rail,1
lifeless,1
explaining,1
silos,1
buttoning,1
game,1
died,1
rocky,1
muffled,1
gen√©tica,1
designed,1
lawyer,1
sloppy,1
soccer,1
handful,1
munitions,1
uses,1
pharmaceutically,1
grunts,1
trembles,1
corrugated,1
fit,1
trailing,1
fix,1
digs,1
rams,1
promoting,1
ad,1
excited,1
ah,1
folk,1
formed,1
frank,1
raps,1
goddamnit,1
viability,1
multinational,1
bellies,1
cardboard,1
alzheimer,1
charge,1
cg,1
keeping,1
puppeteer,1
hybrids,1
pullout,1
plunge,1
screeches,1
lookin',1
fueled,1
breaths,1
admits,1
¬øpor,1
gasp,1
language,1
scars,1
accomplished,1
showtime,1
warning,1
corpses,1
wow,1
helpfully,1
vials,1
topography,1
ribbon,1
es,1
downstairs,1
ex,1
nosed,1
fob,1
grappling,1
mistaken,1
ft,1
burden,1
random,1
overgrown,1
skill,1
trouble,1
covers,1
digital,1
syrup,1
chewing,1
fork,1
drifts,1
cinderblock,1
ho,1
delayed,1
lunatic,1
dispatches,1
agony,1
easily,1
id,1
drag,1
burnt,1
french,1
burns,1
fro,1
dispatched,1
issue,1
aimed,1
vintage,1
flipping,1
ody,1
shirtless,1
banging,1
nutrients,1
tipping,1
mangled,1
sending,1
plugged,1
proliferation,1
fumbles,1
wooded,1
knee,1
wooden,1
le,1
complete,1
obliterated,1
traipsing,1
hallelujahs,1
scrawls,1
salve,1
skirt,1
calming,1
chronic,1
months,1
mp,1
talkin,1
plus,1
flowing,1
slugs,1
sedans,1
license,1
plug,1
code,1
immobilized,1
brightly,1
careful,1
kidding,1
pausing,1
berserker,1
somehow,1
ok,1
allows,1
brief,1
bourbon,1
motherfuck,1
ol',1
regretful,1
phoenix,1
manipulating,1
harangued,1
cock,1
valves,1
trinkets,1
splendid,1
freeze,1
ripping,1
drip,1
hissing,1
breaking,1
bundled,1
furnishings,1
settled,1
lagging,1
charlotte,1
seas,1
esoldo,1
bundles,1
twelve,1
bridge,1
belly,1
bells,1
activity,1
distracts,1
lifelong,1
seep,1
crawls,1
torque,1
cabin,1
defying,1
variety,1
tanks,1
$60k,1
paved,1
toaster,1
armful,1
dickhead,1
souls,1
whirling,1
shudder,1
started,1
boomerang,1
single,1
assist,1
willing,1
phillips,1
`19,1
rules,1
'you,1
amazing,1
misadventure,1
`24,1
carnage,1
brake,1
ops,1
buses,1
explodes,1
silhouette,1
frightened,1
coin,1
drop,1
thwack,1
shaped,1
changes,1
destination,1
pure,1
wh,1
swirling,1
settles,1
gap,1
examination,1
mamacita,1
slight,1
mauling,1
argue,1
amigo,1
damn,1
bladder,1
smock,1
stains,1
troops,1
yelapa,1
problem,1
deeply,1
presence,1
wife,1
misfortune,1
push,1
they'll,1
atr√°s,1
exact,1
indoor,1
slitting,1
alligator,1
cops,1
emanating,1
gasps,1
wasteland,1
ghost,1
thrusts,1
nagging,1
sell,1
confers,1
massive,1
kaleidoscope,1
ended,1
dress,1
addresses,1
succeeds,1
grinning,1
rustling,1
seductive,1
barrier,1
corral,1
blow,1
climbing,1
comforts,1
curious,1
proud,1
creatures,1
scribbles,1
efforts,1
drapes,1
quasi,1
shrimp,1
moonlight,1
smirks,1
purpose,1
fuckin',1
skewers,1
impermanence,1
smoke,1
allowing,1
york,1
chips,1
seismic,1
goddammit,1
assassin,1
wins,1
he'll,1
thus,1
munching,1
snarls,1
exposure,1
baked,1
morphs,1
wing,1
wind,1
erases,1
12th,1
mens',1
daze,1
arcs,1
mundane,1
grenades,1
listing,1
shoving,1
methodically,1
stings,1
wipe,1
blue,1
morgue,1
echoed,1
faces,1
wrap,1
reports,1
correct,1
thwacks,1
talkin',1
pastel,1
creaks,1
chainlink,1
hostiles,1
european,1
list,1
strange,1
ventures,1
slots,1
darkened,1
claims,1
folks,1
hurls,1
shocking,1
nosferatu,1
instrument,1
remove,1
flickers,1
normalcy,1
avocados,1
fishy,1
tattered,1
freeway,1
considered,1
throats,1
implant,1
changing,1
approach,1
pee,1
heroes,1
railing,1
zagging,1
passengers,1
birth,1
spears,1
edvard,1
tee/skirt,1
shadows,1
bull,1
assumed,1
larger,1
riders,1
instant,1
engages,1
disgusted,1
native,1
peer,1
kinda,1
smelling,1
violence,1
thwap,1
laid,1
compadre,1
peel,1
charred,1
hacked,1
technicolor,1
barbiturates,1
tonight,1
manner,1
pin,1
pit,1
clatters,1
jammed,1
ritual,1
liability,1
affected,1
clinical,1
stumped,1
bisected,1
snow,1
trashed,1
fruit,1
bearded,1
extacine,1
combat,1
croupiers,1
accidentally,1
agitated,1
genetics,1
hurling,1
twentieth,1
extra,1
busy,1
redeem,1
pastor,1
burn,1
buttons,1
chief,1
kicked,1
burning,1
merchandise,1
darting,1
fantastic,1
burt,1
interested,1
extending,1
joints,1
painkiller,1
dazzled,1
tensely,1
retreats,1
camaraderie,1
mankind,1
peeled,1
steaks,1
rifles,1
parents',1
rooftop,1
scanning,1
giving,1
chase,1
limousine,1
excuse,1
clenched,1
christ,1
clairvoyant,1
religion,1
unspeakable,1
automated,1
peeking,1
defiant,1
handlers,1
exploding,1
tilt,1
placing,1
guides,1
continue,1
locomotive,1
basically,1
tile,1
raury,1
subsides,1
offers,1
haz,1
given,1
perish,1
trapped,1
yellowed,1
cheerful,1
freed,1
unstoppable,1
studded,1
disappears,1
shoved,1
sprinting,1
measure,1
ciudad,1
chalk,1
employees,1
impossible,1
whoops,1
effort,1
surroundings,1
mirrored,1
cocktail,1
sorting,1
`damned,1
freaked,1
disease,1
assembles,1
technician,1
volatile,1
shitty,1
jerked,1
observing,1
buzz,1
vortex,1
happy,1
circles,1
wrists,1
pus,1
struggle,1
dervish,1
mutantes,1
magnesium,1
brightens,1
dangling,1
implants,1
tiny,1
espiranza,1
circled,1
fists,1
mustn't,1
clicking,1
organs,1
touching,1
chat,1
garden,1
choice,1
facility,1
sliding,1
trey,1
whistles,1
trek,1
companions,1
terrifyingly,1
sobs,1
bumpy,1
worldwide,1
dusted,1
exiting,1
lounge,1
flooding,1
history,1
instinctively,1
taco,1
bruises,1
twice,1
absolutely,1
gilled,1
belonged,1
rocking,1
shutters,1
okie,1
general,1
induced,1
nostalgia,1
process,1
deserve,1
crowded,1
beep,1
motherf,1
videos,1
harvested,1
advance,1
snipped,1
stabbing,1
trio,1
hazmat,1
noticeably,1
jump,1
happen,1
opportunity,1
combo,1
population,1
tags,1
atlantic,1
route,1
harpooning,1
corpse,1
creme,1
refills,1
drains,1
chin,1
deafening,1
tells,1
june,1
legged,1
weaponized,1
restored,1
serum,1
questions,1
hustles,1
reckoning,1
underwear,1
injecting,1
galveston,1
richard,1
count,1
creep,1
puedes,1
hsa,1
blame,1
eerily,1
confusion,1
blank,1
beginning,1
blanks,1
billboards,1
sawed,1
woozy,1
trickle,1
krueger,1
rambling,1
owner,1
junkie,1
hatchway,1
screwdriver,1
michael,1
hole,1
shields,1
print,1
2016,1
although,1
owned,1
iron,1
bedtime,1
injection,1
envy,1
taps,1
memo,1
glued,1
tables,1
2026,1
classifies,1
wiffs,1
bounty,1
creak,1
classified,1
operative,1
vacant,1
scraping,1
underground,1
dutifully,1
discreetly,1
careening,1
trailed,1
explores,1
mummified,1
dives,1
barbecue,1
file,1
butts,1
dejarme,1
nestled,1
faucet,1
bent,1
health,1
attackers,1
soot,1
/int,1
girlie,1
looming,1
evening,1
return,1
concerned,1
confused,1
farnsworth,1
expertly,1
host,1
downs,1
exhortations,1
dimly,1
breeze,1
leaning,1
adolescent,1
problems,1
scrubs,1
technicians,1
soul,1
blinking,1
appears,1
mess,1
trackin',1
transform,1
troubled,1
heard,1
mesh,1
gulping,1
falling,1
grinds,1
compound,1
shocked,1
sidearm,1
master,1
lions,1
rictus,1
helplessly,1
firm,1
outfit,1
conveyance,1
thumping,1
Ôª?,1
covey,1
sticking,1
based,1
zag,1
taxi,1
howl,1
pointed,1
i`m,1
captor,1
shower,1
religious,1
fuckathon,1
knocked,1
bridesmaid,1
pieces,1
overdue,1
plants,1
operating,1
ought,1
reaction,1
wears,1
bewilderment,1
afraid,1
fish,1
reactions,1
y'know,1
shrub,1
graveyard,1
dilating,1
restrain,1
awkward,1
electrocuting,1
loathing,1
mercifully,1
gauze,1
mutton,1
mourners,1
thrashing,1
hesitates,1
exhorts,1
kills,1
loudly,1
reasons,1
rodeo,1
multiplied,1
gulf,1
hurting,1
transom,1
floorboard,1
accented,1
indifferently,1
refuge,1
dramatic,1
indeed,1
folding,1
duffle,1
escorting,1
beets,1
safety,1
draining,1
leggings,1
competing,1
stapler,1
grimly,1
chastises,1
agree,1
eminent,1
underneath,1
itself,1
valve,1
favorite,1
hoped,1
damages,1
mutes,1
birds,1
uniform,1
stockroom,1
ridges,1
event,1
explains,1
muted,1
exhaustion,1
downstream,1
hiking,1
liquid,1
wings,1
spar,1
fisherman,1
pagaron,1
prefer,1
clearly,1
mortally,1
`you,1
spite,1
chamber,1
theater,1
cowgirl,1
centering,1
depart,1
bottom,1
sideswiping,1
finished,1
halter,1
praising,1
delicately,1
clawing,1
repair,1
steak,1
arthritic,1
death,1
according,1
factories,1
error,1
bends,1
dinosaurs,1
trace,1
track,1
stromal,1
charging,1
thoracic,1
accuracy,1
shaken,1
hoses,1
glimpses,1
throbs,1
motorcycles,1
ray,1
topiary,1
shaking,1
giggles,1
courtyard,1
dementia,1
southern,1
fate,1
posted,1
ripples,1
nightly,1
unrelenting,1
aggressive,1
scott,1
grieving,1
copyrights,1
disdain,1
oppression,1
screwing,1
calling,1
spin,1
pellets,1
accelerates,1
crashing,1
fucktards,1
blonde,1
dreamily,1
jackpot,1
repeating,1
swift,1
gifts,1
moustache,1
gesturing,1
helpless,1
respect,1
greenbacks,1
faux,1
mutual,1
threesome,1
port,1
panther,1
exchange,1
jawed,1
groans,1
trust,1
production,1
primal,1
peaceful,1
strikes,1
cigars,1
pour,1
drenched,1
recorded,1
clipped,1
ride/lead,1
referenced,1
vultures,1
pushed,1
dude,1
degenerative,1
leeching,1
truffle,1
vibrates,1
number,1
connects,1
slack,1
rip,1
rio,1
handle,1
happily,1
hairs,1
spot,1
aid,1
depleted,1
shucking,1
fathers,1
expressionless,1
nada,1
aim,1
decimated,1
local,1
defeat,1
spear,1
oppressor,1
glows,1
tender,1
cryptic,1
grainy,1
filled,1
satisfaction,1
smashes,1
aka,1
altercation,1
`cause,1
smashed,1
fledgling,1
scissor,1
sealing,1
mister,1
outclass,1
stocked,1
tying,1
avoids,1
vending,1
barrels,1
als,1
touch,1
mouthes,1
hybrid,1
wipers,1
jumping,1
canned,1
diminished,1
unstuck,1
dump,1
blunt,1
perched,1
reverses,1
appendages,1
swirl,1
collapse,1
propane,1
taste,1
jam,1
gentle,1
manipulated,1
shopping,1
jaw,1
using,1
deeds,1
nail,1
noting,1
stuffs,1
chassis,1
mount,1
thinning,1
rings,1
pathetic,1
completes,1
awkwardness,1
doses,1
devil,1
handed,1
worth,1
increases,1
harvesters,1
notion,1
releasing,1
pockets,1
taken,1
grace,1
tarnished,1
captive,1
signage,1
collagen,1
suppress,1
trapping,1
curls,1
bowed,1
refill,1
calm,1
scrawl,1
kick,1
birthdays,1
stalks,1
slaughters,1
serene,1
grips,1
rug,1
officer,1
repeated,1
cans,1
`cross,1
octogenarian,1
knives,1
cams,1
overlooking,1
clippings,1
camp,1
signals,1
gunshot,1
worst,1
mourn,1
thematic,1
bolo,1
mood,1
reflections,1
absence,1
leatherette,1
cautious,1
coughs,1
caps,1
crouch,1
outs,1
plains,1
hence,1
haloed,1
boot,1
boos,1
sensing,1
newborn,1
spraying,1
anomalies,1
target,1
acrobatic,1
elevators,1
blazing,1
leader,1
commotion,1
transmitted,1
humiliated,1
it'll,1
subduing,1
waits,1
gene,1
violet,1
doubletakes,1
guillotine,1
saving,1
hulls,1
failing,1
style,1
flesh,1
milkbones,1
jungle,1
armada,1
grill,1
cherry,1
trespassing,1
tratar,1
evades,1
guard,1
babies,1
splintered,1
transfers,1
protect,1
rummages,1
ducks,1
sallow,1
nears,1
rapping,1
hunters,1
disemboweled,1
hyper,1
described,1
hypes,1
speculation,1
crisis,1
papered,1
pixels,1
sheds,1
unfazed,1
cloth,1
decorations,1
footing,1
understands,1
causing,1
joy,1
corridors,1
sad,1
reincarnation,1
adds,1
comply,1
alarms,1
convertible,1
increase,1
spread,1
ovens,1
depression,1
simply,1
assemblage,1
kiss,1
bam,1
fixated,1
draft,1
llevarme,1
soaked,1
accurately,1
straightening,1
palance,1
90s,1
strong,1
deaf,1
drain,1
inward,1
gauntlet,1
cleans,1
tremor,1
slicing,1
sixty,1
frazzled,1
contain,1
medicine,1
kits,1
tending,1
fighter,1
capturar,1
digits,1
somewhat,1
crevice,1
beg,1
deck,1
pinged,1
blacktop,1
munch,1
plaster,1
chrome,1
`bitch,1
adjust,1
debt,1
party,1
confined,1
missy,1
peels,1
epithelialization,1
smoldering,1
bound,1
shackle,1
chuckles,1
tugging,1
mowing,1
merges,1
frustrated,1
juxtaposed,1
blacks,1
there'd,1
sputters,1
thanks,1
convinced,1
join,1
shudders,1
fellas,1
muerta,1
gymnasium,1
hauling,1
satisfied,1
tomorrow,1
guttural,1
someday,1
squirreled,1
decapitates,1
straightens,1
brought,1
works,1
boyfriend,1
pursuit,1
lure,1
handicapped,1
embarked,1
unbearable,1
mesmerized,1
cupboard,1
joke,1
century,1
hide,1
motions,1
shuffle,1
married,1
vans,1
traction,1
posts,1
panting,1
plaza,1
directly,1
glassy,1
grenade,1
pokes,1
level,1
wiggles,1
clerks,1
sipping,1
belongs,1
curses,1
boo,1
fanning,1
decent,1
tents,1
hispanics,1
enjoys,1
pursued,1
loses,1
savage,1
tearful,1
prosthetic,1
bolts,1
medication,1
demanding,1
101,1
102,1
103,1
104,1
105,1
recoils,1
106,1
earth,1
amen,1
107,1
108,1
109,1
facades,1
backs,1
dancing,1
elbow,1
counts,1
ledge,1
paint,1
fighting,1
110,1
111,1
112,1
113,1
114,1
115,1
116,1
117,1
118,1
119,1
dent,1
dewsbury,1
hike,1
121,1
122,1
123,1
124,1
125,1
plunged,1
underwater,1
anoljeet,1
regains,1
sub,1
access,1
wiped,1
overcome,1
teens,1
flares,1
recite,1
extended,1
caregivers,1
managed,1
crippled,1
engulfed,1
plainly,1
audio,1
key,1
surreal,1
stopped,1
silent,1
loads,1
amid,1
threatened,1
silt,1
pinlight,1
gagging,1
condemned,1
surprises,1
hill,1
chatters,1
fuzzier,1
rucksacks,1
shanghai,1
vast,1
intervene,1
laughing,1
rushmore,1
available,1
responders,1
brushing,1
stunned,1
recognizable,1
instantly,1
richter,1
buzzing,1
booted,1
unusual,1
generate,1
disheveled,1
borscht,1
bending,1
brazilian,1
desk,1
sing,1
fanfare,1
higher,1
brazil,1
oversees,1
hire,1
records,1
backing,1
basements,1
normal,1
strokes,1
meatloaf,1
ammo,1
slumped,1
guadalupe,1
docked,1
hesitant,1
tighter,1
nobody,1
gurgling,1
spectacle,1
goal,1
magneto,1
monsters,1
hive,1
slices,1
unison,1
wear,1
derive,1
leak,1
blocked,1
lean,1
flat,1
leap,1
regular,1
bigger,1
twisted,1
tired,1
rugged,1
sliced,1
tangled,1
emotion,1
robe,1
responses,1
passage,1
staining,1
tremendous,1
dozen,1
disbelieving,1
snipping,1
alarmed,1
towards,1
starters,1
leotard,1
matar,1
chemically,1
weep,1
cam,1
topped,1
studies,1
bafflement,1
mortis,1
fearful,1
carrier,1
clutches,1
response,1
granite,1
responsive,1
