thor,841
loki,259
hela,210
hulk,197
banner,156
up,150
cont'd,141
valkyrie,130
out,129
blue,129
05/20/16,127
draft,127
grandmaster,121
asgard,97
back,93
down,89
odin,89
i'm,85
ship,82
skurge,79
heimdall,74
see,71
one,70
looks,69
val,67
ext,66
you're,65
int,65
through,64
here,63
surtur,60
korg,58
continuous,56
now,56
know,50
don't,49
omitted,49
over,46
go,45
strange,43
turns,42
around,41
right,40
bridge,40
fire,40
face,40
away,36
day,36
time,36
look,35
need,35
two,34
butchers,34
going,33
actor,33
scrapper,33
sees,33
palace,33
hand,32
commodore,32
ark,32
more,32
same,30
sword,30
people,30
behind,30
throne,30
come,29
help,29
towards,29
ground,28
suddenly,26
mjolnir,26
yeah,25
eyes,25
place,25
way,24
hey,24
i've,24
stands,24
against,23
side,23
really,23
feet,22
still,22
asgardian,22
trying,22
city,22
well,21
s142,21
stop,21
bi,21
thunder,21
reveal,21
we're,21
wall,21
okay,21
beat,21
takes,21
frost,21
crowd,21
doing,21
above,20
topaz,20
head,20
oh,20
before,20
again,20
sakaarian,20
good,19
quinjet,19
hands,19
another,19
black,19
space,19
sakaar,19
i'll,19
fenris,19
big,19
man,18
arena,18
giant,18
looking,18
hammer,18
fight,18
even,18
father,18
hard,17
mountain,17
think,17
forward,17
himself,17
brother,17
take,17
find,17
something,17
refugees,17
sorry,17
little,17
onto,16
room,16
thing,16
being,16
stay,16
open,16
#142,16
below,16
never,16
massive,16
god,16
death,16
boom,16
bad,16
door,15
rainbow,15
holds,15
didn't,15
great,15
power,15
begins,15
want,15
home,15
can't,15
together,15
nothing,15
lightning,15
grabs,15
tell,14
end,14
steps,14
first,14
wormhole,14
notices,14
both,14
asgardians,14
guards,13
gone,13
miek,13
observatory,13
warsong,13
fob,13
lands,13
dragon,13
gonna,13
yes,13
obedience,13
thought,13
friend,13
hits,13
walks,12
floor,12
picks,12
make,12
voice,12
family,12
weapons,12
far,12
ships,12
approaches,12
portal,12
gives,12
alien,12
best,12
coming,12
runs,12
holding,12
always,12
gets,12
dead,12
begin,12
alive,12
everything,12
stops,12
once,12
goes,12
ragnarok,11
moment,11
starts,11
done,11
made,11
whole,11
huge,11
green,11
doesn't,11
very,11
hear,11
life,11
skull,11
last,11
listen,11
planet,11
those,11
battle,11
getting,11
sky,11
earth,11
sun,11
thank,10
taking,10
women,10
each,10
eternal,10
water,10
pause,10
love,10
weird,10
flame,10
few,10
attention,10
disk,10
gladiator,10
champion,10
street,10
front,10
crown,10
draws,10
realms,10
hair,10
turn,9
die,9
later,9
finally,9
armor,9
long,9
many,9
knocks,9
landing,9
moving,9
wanna,9
drops,9
window,9
sure,9
old,9
joins,9
hell,9
thud,9
wait,9
beneath,9
arms,9
standing,9
chair,9
mean,9
hold,9
soothing,9
fast,9
gestures,9
air,9
call,9
guard,9
cockpit,9
powers,9
son,9
throws,9
fighting,9
access,9
ocean,9
top,8
noise,8
night,8
won't,8
feel,8
lord,8
lost,8
music,8
leaps,8
next,8
give,8
electricity,8
scrappers,8
stuff,8
used,8
carlo,8
demons,8
they're,8
wide,8
without,8
much,8
talking,8
you've,8
entire,8
guy,8
put,8
having,8
small,8
bottle,8
vault,8
heart,8
friends,8
falling,8
inside,8
please,8
doors,8
hogun,8
stronghold,8
nine,8
already,8
real,8
kill,8
headdress,8
king,8
stupid,8
angry,8
pulls,8
large,8
brought,8
high,8
sits,8
ready,8
gong,7
umbrella,7
quite,7
cut,7
chest,7
pain,7
start,7
golden,7
anus,7
opens,7
slams,7
middle,7
though,7
beast,7
throwing,7
rushes,7
leave,7
tries,7
called,7
shoulder,7
leads,7
breaks,7
bring,7
turning,7
dr,7
second,7
seen,7
garage,7
chains,7
dark,7
continues,7
puts,7
line,7
follow,7
sister,7
speaks,7
heroes,7
everyone,7
army,7
whoosh,7
casually,7
comes,7
calls,7
reaches,7
fires,7
fine,7
clunk,7
balcony,7
moments,7
building,7
charges,7
crashing,7
avenger,7
moves,7
ago,7
years,7
points,7
ass,7
show,7
arrive,7
kind,7
strong,7
aren't,7
falls,7
different,7
console,7
figure,7
rock,7
meanwhile,6
straight,6
better,6
hate,6
woman,6
beautiful,6
attack,6
team,6
full,6
enter,6
blasting,6
statesman,6
couldn't,6
finds,6
impact,6
doug,6
under,6
stand,6
main,6
background,6
revolution,6
work,6
fireworks,6
sends,6
told,6
isn't,6
cell,6
firing,6
shall,6
tony,6
maybe,6
white,6
button,6
play,6
board,6
keep,6
died,6
rocks,6
uses,6
stares,6
frame,6
metal,6
sending,6
follows,6
illusion,6
cousin,6
sitting,6
device,6
explodes,6
course,6
dragonfang,6
slowly,6
alright,6
chaos,6
found,6
helmet,6
smash,6
answer,6
talk,6
lifts,6
killed,6
belt,6
smile,6
free,6
revealing,6
anyone,6
fall,6
you'll,6
close,6
pops,6
body,6
yourself,6
longer,6
shot,6
images,6
causing,6
move,6
set,6
bed,6
beside,6
thinking,6
world,6
knees,6
control,6
makes,6
142,6
stone,6
streets,6
sight,6
clothes,6
left,5
blood,5
skeleton,5
pile,5
presses,5
walls,5
upon,5
times,5
opening,5
probably,5
dying,5
stars,5
lot,5
low,5
keeps,5
further,5
smiles,5
path,5
past,5
shock,5
mine,5
final,5
breath,5
ball,5
hiding,5
myself,5
believe,5
wolf,5
flying,5
speed,5
patrol,5
toward,5
word,5
vip,5
neck,5
tried,5
flies,5
screen,5
new,5
running,5
rolls,5
eye,5
rips,5
girl,5
whatever,5
ladies,5
happened,5
heads,5
outside,5
alone,5
win,5
denied,5
peace,5
clash,5
hi,5
turned,5
ka,5
camera,5
places,5
seat,5
closer,5
carnage,5
exits,5
nope,5
cool,5
magic,5
security,5
arrives,5
flight,5
tosses,5
suite,5
hurls,5
young,5
focus,5
instant,5
circle,5
late,5
things,5
light,5
chain,5
hit,5
sounds,5
hot,5
sons,5
shield,5
within,5
confused,5
forget,5
spins,5
dressed,5
nice,5
round,5
controls,5
exit,5
smashes,5
powerful,5
wielding,5
until,5
warhammer,5
devil,5
calm,5
watches,5
goddess,5
name,5
leaving,5
axe,5
card,5
sad,5
saw,5
realm,5
angle,5
break,5
blades,5
scene,5
horns,5
prisoners,5
missing,5
lead,5
knocking,5
tea,4
size,4
empty,4
aside,4
supposed,4
pilot,4
realizes,4
terrifying,4
went,4
crazy,4
roars,4
tower,4
doctor,4
destroys,4
natasha,4
watch,4
glass,4
stark,4
stare,4
short,4
three,4
specifically,4
apartment,4
universe,4
baby,4
thick,4
fear,4
statue,4
sense,4
knows,4
exactly,4
enters,4
danger,4
10,4
14,4
16,4
18,4
beard,4
60,4
gesture,4
cells,4
loud,4
stolen,4
leading,4
guess,4
returns,4
immediately,4
special,4
kicks,4
darkness,4
naked,4
entrance,4
exchanges,4
riot,4
war,4
fought,4
cosmos,4
section,4
drinks,4
along,4
matters,4
honest,4
panel,4
charge,4
food,4
fly,4
attacks,4
watching,4
become,4
contender,4
edge,4
locked,4
chambers,4
ow,4
ancient,4
apart,4
monster,4
pull,4
beyond,4
surrounded,4
i'd,4
zaps,4
brain,4
sound,4
blow,4
everybody,4
hero,4
smoke,4
audience,4
disguise,4
area,4
bruce,4
injured,4
evil,4
gunfire,4
rocketing,4
welcome,4
anyway,4
escape,4
asking,4
stronger,4
steady,4
grows,4
fists,4
throttle,4
group,4
point,4
ceiling,4
clean,4
jump,4
blast,4
putting,4
tall,4
waiting,4
melt,4
executioner,4
headed,4
blade,4
pilots,4
true,4
heard,4
knocked,4
actually,4
volstagg,4
guns,4
agree,4
einherjar,4
citizens,4
couple,4
ruins,4
college,4
cliffs,4
saying,4
arm,4
run,4
warriors,4
screaming,4
everywhere,4
distance,4
approaching,4
savior,4
care,4
damage,4
protect,4
beings,4
shut,4
spiked,4
job,4
alarms,4
applause,4
deal,4
fighter,4
windshield,4
deep,4
advances,4
drink,4
blaster,4
change,4
sokovia,4
dozens,4
box,4
boy,4
chance,4
idea,4
bye,4
ones,4
teeth,4
between,4
spaceship,4
daggers,4
crashes,4
safe,4
half,3
energy,3
hang,3
gold,3
how'd,3
making,3
projection,3
blocks,3
explosion,3
creepy,3
loved,3
bedrock,3
sanctum,3
booze,3
items,3
source,3
destiny,3
house,3
center,3
enlarged,3
stumbles,3
whoever,3
computer,3
quick,3
majesty,3
sparks,3
particular,3
disks,3
revenge,3
someone,3
build,3
pats,3
fiery,3
crack,3
annoyed,3
disgusting,3
slamming,3
upset,3
use,3
nursing,3
colorful,3
met,3
threat,3
11,3
12,3
13,3
15,3
17,3
19,3
frozen,3
execute,3
flood,3
20,3
21,3
22,3
23,3
24,3
25,3
26,3
27,3
28,3
29,3
mid,3
remember,3
30,3
31,3
32,3
33,3
34,3
35,3
36,3
37,3
disoriented,3
40,3
41,3
42,3
44,3
45,3
46,3
47,3
48,3
49,3
tesseract,3
50,3
51,3
sidewalk,3
57,3
dropping,3
conquest,3
61,3
62,3
63,3
64,3
65,3
66,3
67,3
69,3
themselves,3
72,3
73,3
74,3
75,3
76,3
77,3
79,3
winning,3
incredible,3
80,3
step,3
82,3
83,3
84,3
85,3
86,3
87,3
88,3
89,3
90,3
91,3
92,3
93,3
94,3
95,3
96,3
98,3
99,3
cutting,3
butcher,3
alley,3
preparing,3
seems,3
clouds,3
spent,3
attacking,3
awaiting,3
dealing,3
descent,3
flips,3
useful,3
punches,3
dumped,3
slightly,3
bravo,3
aliens,3
thousands,3
forth,3
revengers,3
drives,3
rift,3
manifests,3
strongest,3
fandral,3
raining,3
super,3
engage,3
shoots,3
wanted,3
slow,3
classic,3
sinister,3
wounds,3
news,3
realization,3
abruptly,3
wrong,3
hull,3
you'd,3
effect,3
digs,3
grow,3
hurt,3
ba,3
fool,3
stairs,3
won,3
wow,3
piece,3
screams,3
mountains,3
perhaps,3
prophecy,3
draw,3
contest,3
gaze,3
perimeter,3
battleaxe,3
slashing,3
engines,3
re,3
seem,3
scowls,3
fights,3
closes,3
changes,3
scans,3
push,3
thrusts,3
ghost,3
stranded,3
sent,3
nightmare,3
allowing,3
ahead,3
lights,3
strapped,3
cowl,3
veins,3
days,3
faces,3
adopted,3
manifestation,3
fatal,3
battlefield,3
gun,3
lair,3
terror,3
burn,3
odinson,3
zooms,3
followed,3
walk,3
ravine,3
pow,3
tilt,3
trapped,3
playing,3
wave,3
freaked,3
tiny,3
history,3
jumps,3
traitor,3
happen,3
wormholes,3
dragged,3
meet,3
vision,3
spectacular,3
hug,3
explain,3
hope,3
codes,3
trash,3
position,3
glow,3
appears,3
scream,3
cover,3
except,3
pieces,3
wears,3
spike,3
extends,3
rough,3
rule,3
madness,3
indeed,3
stepping,3
mysterious,3
finishes,3
tight,3
bottom,3
arrival,3
laughs,3
winds,3
guts,3
charging,3
rush,3
shakes,3
wastelands,3
triggers,3
throat,3
red,3
finish,3
guys,3
soldiers,3
sakaarians,3
smaller,3
rip,3
debris,3
handle,3
system,3
spear,3
smashed,3
mode,3
cage,3
today,3
minute,3
jaw,3
using,3
dune,3
kick,3
shit,3
armed,3
strength,3
towering,3
dust,3
flaming,3
bolt,3
cast,3
gungnir,3
truly,3
freedom,3
heels,3
display,3
colossal,3
totally,3
rest,3
enough,3
favor,3
facing,3
glowing,3
deck,3
champions,3
phds,3
party,3
frescos,3
sif,3
six,3
trajectory,3
avoid,3
tunnel,3
bit,3
thanks,3
hauling,3
surface,3
hallway,3
hello,3
freaks,3
missed,3
kneel,3
birthday,3
100,3
101,3
106,3
107,3
108,3
109,3
backs,3
paint,3
110,3
111,3
112,3
113,3
114,3
115,3
116,3
117,3
118,3
119,3
insanely,3
remaining,3
120,3
121,3
122,3
123,3
124,3
125,3
126,3
127,3
128,3
mainframe,3
surprised,3
beloved,3
cloak,3
story,3
passing,3
weak,3
seeing,3
begun,3
seething,3
furious,3
unconscious,3
carries,3
prepare,2
shooting,2
twinkling,2
pick,2
blasts,2
solid,2
backwards,2
object,2
telling,2
100+,2
quiet,2
hushed,2
eating,2
destroyed,2
sunset,2
infinity,2
information,2
violent,2
huddle,2
101a,2
warden,2
disturbed,2
raging,2
nowhere,2
roof,2
quarters,2
block,2
protecting,2
distant,2
spots,2
demonic,2
save,2
pins,2
footsteps,2
meadow,2
loves,2
picture,2
ain't,2
capital,2
towel,2
function,2
lay,2
pardon,2
less,2
109a,2
try,2
hastily,2
cowering,2
direction,2
tub,2
caught,2
led,2
lee,2
leg,2
concern,2
pack,2
creating,2
cup,2
warrior,2
collapses,2
smell,2
blows,2
tech,2
nurses,2
memory,2
be140,2
pair,2
downward,2
required,2
washes,2
threw,2
destroy,2
log,2
bright,2
formation,2
trails,2
blown,2
barely,2
hanging,2
projectile,2
doom,2
dad,2
flames,2
launched,2
commander,2
shows,2
drinking,2
minutes,2
slashes,2
launches,2
part,2
built,2
startled,2
easy,2
awkwardly,2
chaotic,2
staff,2
possible,2
bird,2
worthy,2
load,2
beach,2
stabs,2
brothers,2
exhausted,2
lock,2
pitch,2
lying,2
skin,2
known,2
exoskeleton,2
unseen,2
dimensional,2
recognition,2
liked,2
terrible,2
activates,2
smoking,2
transformed,2
waving,2
mercy,2
drawing,2
stick,2
wonderful,2
unique,2
boots,2
destruction,2
cuts,2
star,2
stardust,2
increasing,2
stan,2
progress,2
forced,2
bare,2
felt,2
bears,2
knock,2
bats,2
common,2
paced,2
forever,2
base,2
fingers,2
elevator,2
packs,2
c36a,2
humiliating,2
reward,2
failed,2
honored,2
e140,2
grave,2
instead,2
ultimately,2
swarm,2
saved,2
desperate,2
silence,2
sanctuary,2
aboard,2
sleek,2
darkens,2
devastated,2
badass,2
loose,2
private,2
desperately,2
strand,2
126b,2
126a,2
packed,2
happens,2
swear,2
indeterminate,2
crevices,2
gradually,2
narrow,2
splitting,2
nat,2
shape,2
foundations,2
clocks,2
share,2
pissed,2
40a,2
40b,2
etc,2
intense,2
took,2
activate,2
shame,2
regal,2
frantically,2
whispers,2
pinning,2
armored,2
forms,2
decided,2
tumbling,2
dance,2
waves,2
expected,2
flash,2
nets,2
jaws,2
shatters,2
absolute,2
arriving,2
aa46,2
menacing,2
seeming,2
flings,2
kneels,2
b142,2
effectively,2
b140,2
grew,2
aa57,2
whap,2
rise,2
quickly,2
nearby,2
lowers,2
struggling,2
plan,2
lives,2
completely,2
memories,2
grip,2
tornado,2
staggering,2
rage,2
behold,2
sides,2
strain,2
hunt,2
visible,2
plea,2
roving,2
staggers,2
game,2
dies,2
crackles,2
regiment,2
a2,2
a3,2
trembles,2
losing,2
robot,2
cosmic,2
panic,2
folk,2
claws,2
extinction,2
breathe,2
chaise,2
girls,2
warning,2
image,2
fearsome,2
fog,2
noculars,2
tears,2
covers,2
form,2
lunatic,2
four,2
vessel,2
doorway,2
somebody,2
knew,2
fun,2
swagger,2
picked,2
relentless,2
muspelheim,2
feeling,2
dream,2
dish,2
disc,2
heat,2
mixed,2
heap,2
pretty,2
pandemonium,2
sanctorum,2
haven't,2
speaking,2
shifts,2
bookcase,2
hundreds,2
gotta,2
activity,2
cabin,2
ab46,2
single,2
they've,2
orgies,2
smiling,2
shimmering,2
support,2
frightened,2
drop,2
cold,2
heir,2
damn,2
held,2
none,2
helm,2
she'll,2
bleecker,2
drenching,2
lift,2
wasteland,2
capacity,2
spaceships,2
barber,2
snaps,2
precious,2
located,2
dress,2
addresses,2
rightful,2
treasures,2
seductive,2
create,2
proud,2
earthquake,2
convulses,2
bb140,2
exile,2
snake,2
midgard,2
sets,2
yours,2
sworn,2
dragging,2
ambition,2
pan,2
pay,2
child,2
manning,2
fenris',2
live,2
lady,2
approach,2
dogfight,2
understand,2
we've,2
million,2
shadows,2
meetings,2
queen,2
heading,2
charred,2
surge,2
units,2
lances,2
busy,2
land,2
surging,2
interested,2
69a,2
69b,2
snorts,2
meeting,2
difference,2
ultron,2
huddled,2
a13,2
giving,2
chase,2
pop,2
excuse,2
defense,2
chasm,2
pov,2
a20,2
binoculars,2
clenches,2
a32,2
a35,2
exploding,2
a36,2
anymore,2
hag,2
continue,2
dislodges,2
a46,2
weight,2
warm,2
outskirts,2
a51,2
a57,2
anything,2
weapon,2
a73,2
a72,2
a77,2
skeletons,2
happy,2
slaves,2
a89,2
a97,2
a98,2
elite,2
terrified,2
choice,2
lounge,2
d140,2
reveals,2
tag1,2
process,2
fugitive,2
beer,2
spreads,2
transition,2
dissipates,2
junk,2
sometimes,2
winged,2
idiot,2
darling,2
iron,2
stadium,2
heavy,2
machinery,2
torch,2
hops,2
concerned,2
radio,2
sort,2
transforming,2
wanders,2
shocked,2
master,2
sensors,2
pulling,2
zap,2
processing,2
a140,2
resonates,2
a142,2
b36,2
fist,2
unless,2
a149,2
bodyguards,2
afraid,2
a133,2
heartsick,2
supercruiser,2
monumental,2
five,2
thrashing,2
staring,2
gangplank,2
moron,2
growls,2
b98,2
b97,2
grimaces,2
bd140,2
fake,2
prefer,2
clearly,2
spec,2
theater,2
struggles,2
dagger,2
finished,2
covered,2
rumble,2
powder,2
track,2
sisters,2
fans,2
texas,2
soars,2
setting,2
massacred,2
weeks,2
pulled,2
accelerates,2
82b,2
82c,2
retreat,2
exchange,2
rifle,2
trust,2
scrambling,2
choose,2
fresco,2
message,2
muscles,2
eggs,2
spot,2
dazed,2
promptly,2
future,2
royal,2
impressed,2
catches,2
amongst,2
junkyard,2
responds,2
freaking,2
c36,2
came,2
ask,2
becoming,2
dusk,2
mother,2
view,2
ours,2
results,2
worry,2
parked,2
knives,2
parties,2
worst,2
mourn,2
book,2
vanishes,2
defend,2
awe,2
mouth,2
duty,2
case,2
bc140,2
waits,2
epic,2
phone,2
flesh,2
settle,2
glorious,2
warping,2
born,2
luck,2
cloud,2
177a,2
projectiles,2
bones,2
captain,2
joy,2
original,2
guests,2
projects,2
drags,2
stripped,2
bam,2
bar,2
onslaught,2
gauntlet,2
words,2
f140,2
plaster,2
splat,2
disarms,2
helps,2
sparkles,2
parade,2
peels,2
sit,2
living,2
smoldering,2
wearing,2
steering,2
rotates,2
97b,2
97f,2
provoking,2
sick,2
corner,2
join,2
kronan,2
98a,2
works,2
pursuit,2
blasted,2
joke,2
emerges,2
sign,2
several,2
scramble,2
plaza,2
split,2
incoming,2
descends,2
level,2
gladiators,2
total,2
savage,2
plays,2
wheel,2
bolts,2
cross,2
upper,2
punctures,2
closely,2
morning,2
shlnk,2
129,2
130,2
131,2
132,2
133,2
134,2
135,2
136,2
137,2
138,2
139,2
stopped,2
silent,2
enemies,2
140,2
141,2
143,2
144,2
145,2
146,2
147,2
paralyzed,2
148,2
149,2
stones,2
zero,2
missile,2
noises,2
higher,2
throughout,2
bounces,2
reach,2
c140,2
react,2
seconds,2
children,2
spectacle,2
following,2
rode,2
flat,2
bigger,2
scowling,2
gentlemen,2
tag,2
reborn,2
covering,2
car,2
clutches,2
bifrost,2
nicely,1
impersonation,1
spoke,1
plumes,1
diverged,1
drunk,1
legs,1
avant,1
sake,1
contemplative,1
gateways,1
circular,1
persian,1
rejoice,1
sideways,1
frantic,1
cliff,1
infinite,1
slowing,1
bowing,1
shouldn't,1
staircase,1
elves,1
rebuild,1
address,1
posture,1
halt,1
sale,1
throw,1
norway,1
garde,1
wheels,1
grizzled,1
besides,1
cha,1
others,1
sans,1
walked,1
sidles,1
anticipating,1
downwards,1
disco,1
throngs,1
ascent,1
adrift,1
screeching,1
anticipation,1
patiently,1
clattering,1
ticket,1
plotting,1
swords,1
versus,1
cheer,1
puncture,1
splash,1
hilarious,1
signatures,1
gained,1
groggily,1
promotional,1
tightens,1
adjusts,1
gore,1
`savior',1
cords,1
faking,1
stagger,1
matter,1
trusty,1
sloppily,1
tot,1
shorts,1
tow,1
haul,1
question,1
witch,1
thousand,1
captives,1
arrows,1
lets,1
celestial,1
crawl,1
platforms,1
biggest,1
traffic,1
mindset,1
including,1
hatch,1
lest,1
adventure,1
defeats,1
ceremony,1
shining,1
violation,1
spotlights,1
became,1
piercing,1
immovable,1
protectively,1
intimidate,1
haze,1
awakens,1
jolted,1
wounded,1
shlink,1
realizing,1
cry,1
pillow,1
flicks,1
sport,1
janitor,1
splits,1
superheated,1
tug,1
steers,1
dock,1
opposite,1
piss,1
aftermath,1
offering,1
archers,1
restrained,1
directs,1
shots,1
sidetracked,1
thirty,1
complies,1
sweeping,1
bashes,1
killing,1
cuz,1
rapport,1
strains,1
erupts,1
tear,1
calmly,1
worried,1
graphic,1
dodge,1
participate,1
replaced,1
shove,1
claw,1
filling,1
purple,1
separation,1
shoot,1
ravenous,1
shrieks,1
they'd,1
tension,1
reflection,1
eric,1
jacket,1
hammering,1
halls,1
thumbs,1
scientist,1
disaster,1
chilling,1
painful,1
wreckage,1
hours,1
shore,1
pumping,1
marvel,1
fallen,1
gravity,1
paid,1
veering,1
stash,1
trains,1
climb,1
karate,1
groaning,1
players,1
suppressing,1
welccome,1
provide,1
pummeling,1
afar,1
vanaheim,1
requires,1
consume,1
lop,1
unknown,1
merely,1
manners,1
faceplants,1
meant,1
rusty,1
evading,1
advancing,1
randomly,1
crushing,1
humongous,1
friendly,1
possession,1
recognizing,1
experience,1
dodges,1
disappeared,1
newfound,1
speeds,1
ambush,1
moons,1
island,1
stays,1
countless,1
cataclysmic,1
creates,1
ease,1
overrun,1
grinding,1
banished,1
blaming,1
lauding,1
restraints,1
washed,1
crescendo,1
zoom,1
tides,1
gaping,1
des,1
record,1
blankly,1
examining,1
pass,1
scaring,1
whose,1
flocks,1
chugs,1
bodies,1
accelerating,1
grasp,1
handing,1
thrilled,1
term,1
rigid,1
mind,1
grateful,1
business,1
mini,1
battlion,1
sistine,1
touches,1
stage,1
taught,1
stiffens,1
complicated,1
parades,1
sinkholes,1
mimes,1
adamant,1
brings,1
lookout,1
criminally,1
molten,1
cuff,1
pulsing,1
possibly,1
xandar,1
static,1
bangs,1
upwards,1
hideous,1
acceptance,1
puzzled,1
varies,1
paws,1
occasions,1
acres,1
narrowing,1
whispering,1
yuck,1
deserving,1
growling,1
mace,1
title,1
miss,1
streamers,1
company,1
human,1
frenzied,1
applaud,1
arrogant,1
showing,1
armies,1
helping,1
bellows,1
balance,1
neighbors',1
proudly,1
fools,1
teleporting,1
kamikaze,1
appreciation,1
menace,1
field,1
plucks,1
dwarfing,1
murals,1
dog,1
onboard,1
dot,1
pours,1
scattered,1
mention,1
mad,1
stream,1
leisure,1
map,1
alcove,1
contraption,1
max,1
princes,1
darts,1
comparable,1
defending,1
terribly,1
arrangement,1
logo,1
twitching,1
summoning,1
waste,1
cheating,1
bzzz,1
thunderous,1
frigga,1
harvests,1
symbols,1
men,1
bald,1
threats,1
poetic,1
surges,1
tiered,1
suppresses,1
orange,1
fright,1
witness,1
wakes,1
sniffs,1
pumpkin,1
sweeps,1
wagers,1
powdered,1
woke,1
trees,1
crash,1
whining,1
curt,1
orbit,1
outer,1
spattered,1
silhouetted,1
animal,1
wiping,1
lone,1
crumbles,1
defensively,1
supports,1
relationship,1
dirty,1
trickster,1
38,1
39,1
mans,1
everyday,1
conjuring,1
melted,1
43,1
seeks,1
treat,1
salvation,1
numbers,1
seven,1
eclectic,1
neurons,1
locks,1
paces,1
52,1
53,1
54,1
55,1
hefts,1
formidable,1
56,1
surprise,1
58,1
59,1
murderer,1
crushed,1
paths,1
forces,1
trimmed,1
farewell,1
allow,1
68,1
consciously,1
mass,1
bitten,1
slain,1
70,1
71,1
evacuating,1
twin,1
78,1
patron,1
lodges,1
recently,1
beats,1
ethereal,1
lodged,1
disagree,1
81,1
avalanche,1
dents,1
mark,1
swabbing,1
mom,1
seeps,1
stealth,1
97,1
blends,1
attempts,1
slats,1
worn,1
eyeing,1
shotgun,1
books,1
math,1
internal,1
signature,1
hovering,1
secret,1
foundation,1
punch,1
patio,1
queasy,1
ear,1
ginormous,1
believed,1
swallow,1
alongside,1
gathering,1
destructive,1
ceilings,1
lots,1
flashback,1
roughhousing,1
sleeve,1
gaggle,1
pelted,1
escort,1
injuries,1
threshold,1
float,1
thinned,1
allfather,1
expecting,1
spell,1
parlor,1
capture,1
coward,1
invaded,1
bullying,1
mum,1
congratulations,1
winter,1
chunk,1
platform,1
walking,1
talks,1
craig,1
stephen,1
cloaked,1
jabs,1
valhalla,1
winces,1
landscape,1
deactivates,1
rioting,1
mayhem,1
year,1
staying,1
awful,1
urge,1
cruises,1
deactivated,1
empire,1
understanding,1
aflame,1
planning,1
science,1
glimmers,1
goliath,1
bzzzt,1
thrashes,1
stretches,1
gauntlets,1
symphony,1
stretched,1
rumbles,1
musician,1
asgard/stronghold,1
brands,1
loops,1
pushing,1
upside,1
tearing,1
pathway,1
leash,1
sweet,1
eager,1
straps,1
sprint,1
spring,1
sprints,1
surrender,1
gather,1
sobbing,1
volume,1
casts,1
buildings,1
hardly,1
rises,1
lasting,1
bored,1
plating,1
shady,1
perturbed,1
riffing,1
ride,1
sleeping,1
cheering,1
snarling,1
gates,1
plummets,1
engine,1
knuckle,1
mistake,1
rich,1
slippery,1
scissors,1
significance,1
horizon,1
environment,1
betray,1
calmness,1
deliberate,1
atmosphere,1
gift,1
springs,1
crosses,1
apex,1
humanoids,1
flanking,1
brave,1
jane,1
noooooo,1
forte,1
angrier,1
compose,1
carved,1
stashed,1
pouring,1
remind,1
withstand,1
asked,1
ravaged,1
holders,1
singed,1
coronation,1
thoroughly,1
linger,1
would've,1
clustered,1
plops,1
shake,1
honor,1
trial,1
ancestors,1
catching,1
breastplate,1
brass,1
tool,1
driving,1
torn,1
ferocity,1
dreams,1
minions,1
grunt,1
floors,1
eve,1
haven,1
stepped,1
decides,1
pounding,1
starship,1
rainforest,1
summon,1
maintain,1
rotted,1
echo,1
pounds,1
builds,1
fully,1
cheers,1
models,1
remain,1
disinterested,1
toss,1
glaring,1
feels,1
enemy,1
amused,1
insane,1
mechanism,1
scaling,1
patterned,1
silly,1
palpable,1
genuinely,1
remains,1
wham,1
openly,1
furniture,1
shimmers,1
slug,1
town,1
duplicate,1
destroying,1
embarrassing,1
affectionately,1
swoops,1
fields,1
blind,1
hidden,1
color,1
nearly,1
churning,1
impose,1
and/or,1
thrash,1
lived,1
thoughts,1
mischievous,1
rack,1
race,1
locking,1
summons,1
refer,1
sorcerer,1
discard,1
decide,1
fan,1
instruments,1
crush,1
stuck,1
catch,1
backlit,1
promising,1
double,1
bewildered,1
survived,1
comfortable,1
determined,1
suit,1
denial,1
portion,1
conquering,1
receiving,1
leaks,1
modern,1
older,1
melee,1
masking,1
sided,1
aisles,1
sharpens,1
incredulous,1
mourned,1
organizing,1
preside,1
levels,1
donna,1
pursuing,1
stressed,1
robots,1
rain,1
gruesome,1
survival,1
opened,1
market,1
starships,1
produces,1
rakes,1
option,1
hologram,1
swings,1
relaxed,1
designed,1
craggy,1
handful,1
contorts,1
gonging,1
leans,1
various,1
shiny,1
visit,1
hurtles,1
grunts,1
fond,1
deaths,1
vein,1
supremacy,1
former,1
hurtled,1
simultaneously,1
prove,1
admire,1
swatting,1
furnished,1
systems,1
foot,1
humanity,1
lurking,1
keeping,1
mythical,1
familiar,1
pearson,1
magno,1
screeches,1
brandishing,1
ditch,1
gasp,1
residual,1
scars,1
chairs,1
needs,1
revelers,1
patterns,1
confrontation,1
quizzical,1
celebration,1
knife,1
garb,1
burst,1
gard,1
vocal,1
mistakes,1
grappling,1
twilight,1
hover,1
random,1
rate,1
alert,1
trouble,1
armory,1
plastered,1
fork,1
drifts,1
cylinder,1
wrestling,1
placed,1
prospering,1
shushes,1
diving,1
agony,1
easily,1
burnt,1
issue,1
literally,1
lower,1
resulting,1
announce,1
legion,1
chalice,1
writhing,1
avengers,1
gave,1
flipping,1
pedestal,1
brooding,1
gypsy,1
wider,1
whirs,1
indefinitely,1
backflipping,1
eventually,1
banging,1
pissing,1
ability,1
modifications,1
sadly,1
seemed,1
encroaching,1
knee,1
clang,1
wooden,1
fur,1
pants,1
earshot,1
unchallenged,1
faster,1
wafting,1
calming,1
claim,1
communication,1
tailgaters,1
demoness,1
months,1
lance,1
plus,1
chosen,1
appetites,1
na,1
grabbing,1
rushing,1
rays,1
unwraps,1
gliding,1
keys,1
investigate,1
regrouping,1
brick,1
sympathy,1
occupied,1
brief,1
allows,1
wrecking,1
sports,1
families,1
pa,1
painting,1
fyi,1
luxury,1
easier,1
crumbling,1
rocket,1
mopes,1
determination,1
uncloaked,1
freeze,1
ripping,1
brand,1
mountainside,1
breaking,1
nods,1
jacuzzi,1
spectators,1
twelve,1
swarming,1
executed,1
offline,1
email,1
decision,1
whirling,1
shudder,1
started,1
shithole,1
crowned,1
levitating,1
storms,1
rosen,1
enclosed,1
goblets,1
revolted,1
reluctant,1
emotions,1
puny,1
suppose,1
thin,1
valiant,1
silhouette,1
sneaking,1
heft,1
yells,1
changed,1
thwack,1
shaped,1
vehicles,1
learning,1
wi,1
settles,1
screw,1
lies,1
shriek,1
meddled,1
lied,1
choir,1
deeper,1
surrounds,1
smoky,1
ye,1
troops,1
sours,1
problem,1
yo,1
connection,1
fabric,1
praying,1
force,1
maxes,1
protoplasm,1
robes,1
nervously,1
lounges,1
rectangular,1
blanches,1
wiht,1
transformation,1
amazed,1
perishes,1
forcing,1
self,1
gasping,1
connecting,1
vibrate,1
cork,1
consequences,1
climbing,1
curious,1
brace,1
plummeting,1
ending,1
befalls,1
council,1
boxing,1
concrete,1
note,1
smirks,1
squabbles,1
salvaged,1
scale,1
riding,1
yost,1
clutching,1
yoing,1
observations,1
station,1
herd,1
considers,1
bathrobe,1
cost,1
aims,1
confidently,1
magical,1
dashes,1
tableau,1
romanoff,1
swollen,1
skies,1
vanishing,1
spacious,1
introduced,1
slows,1
captors,1
sunglasses,1
thus,1
wriggles,1
recognizes,1
wine,1
squirrels,1
wind,1
humble,1
blur,1
arcs,1
unsteady,1
disband,1
shoving,1
ruined,1
faced,1
lips,1
humbly,1
frenziedly,1
returned,1
carving,1
wish,1
deadly,1
pad,1
wise,1
creaks,1
vicious,1
enormous,1
list,1
bouncing,1
toast,1
zeroing,1
creature,1
steaming,1
flickers,1
fluidity,1
wrestle,1
we'll,1
inquisitively,1
tattered,1
victors,1
named,1
wrist,1
flashes,1
lags,1
cameo,1
pet,1
sneer,1
proceed,1
musical,1
masks,1
heaven,1
harshly,1
shaved,1
indicating,1
violence,1
particularly,1
verge,1
curiously,1
loiter,1
imposed,1
bearings,1
prevents,1
suits,1
defenseless,1
wake,1
earlier,1
whipping,1
rowdy,1
whether,1
mustering,1
verification,1
swat,1
distraught,1
void,1
affected,1
ushers,1
sneers,1
blinks,1
combat,1
accidentally,1
pursue,1
weasely,1
working,1
bust,1
incantation,1
santorum,1
buttons,1
despite,1
apologies,1
burning,1
pebble,1
bury,1
quietly,1
groggy,1
firstborn,1
wasn't,1
wallops,1
thinks,1
events,1
separately,1
warship,1
plankway,1
rifles,1
figuring,1
stonemason,1
wand,1
butt,1
glimmering,1
assberg,1
hulking,1
scanning,1
hitting,1
accident,1
arts,1
clenched,1
funny,1
limits,1
emerging,1
manhattan,1
intimate,1
dislodged,1
tragedy,1
headbutt,1
startling,1
quizzically,1
feelings,1
slobs,1
shoves,1
slides,1
till,1
banishment,1
nicer,1
others',1
jolts,1
guides,1
disappointed,1
school,1
neutron,1
brutally,1
basically,1
offers,1
pre,1
perish,1
uncomfortable,1
unstoppable,1
disappears,1
secrets,1
shoved,1
warn,1
guilty,1
swig,1
disk/debilitate,1
warp,1
effort,1
video,1
surroundings,1
yesterday,1
freak,1
dangles,1
ends,1
heavens,1
volatile,1
wager,1
gateway,1
forming,1
shadow,1
circles,1
continually,1
tips,1
multi,1
options,1
struggle,1
swoop,1
stationed,1
meets,1
mirrors,1
`twas,1
undercard,1
valuable,1
overseeing,1
smart,1
enraged,1
minimalist,1
grown,1
henceforth,1
touching,1
lately,1
reverse,1
barren,1
grove,1
foster,1
garden,1
travel,1
lays,1
sliding,1
beam,1
solidly,1
hid,1
fiction,1
whistles,1
interrupt,1
consider,1
bruised,1
markings,1
gross,1
tree,1
twice,1
hurts,1
it'd,1
forearm,1
soap,1
altitude,1
squats,1
fidgets,1
lounging,1
wolves,1
dimension,1
restore,1
nostalgic,1
clear,1
fulfilling,1
suggestions,1
hurry,1
attendance,1
monstrous,1
fissures,1
lurch,1
innocent,1
advance,1
attendants,1
trio,1
trip,1
predictable,1
murderous,1
killer,1
hunting,1
rally,1
soft,1
festival,1
loyal,1
weirdos,1
chapel,1
overactive,1
millions,1
secluded,1
loooong,1
wisely,1
amenable,1
mirror,1
depict,1
liquor,1
calms,1
blocking,1
assembly,1
hearing,1
embedded,1
etching,1
flanked,1
subjects,1
deafening,1
series,1
restored,1
drastically,1
wizard,1
volcanic,1
questions,1
bulge,1
enjoying,1
ignores,1
hustles,1
reckoning,1
zeroes,1
creep,1
revolting,1
immediate,1
electrified,1
undecided,1
blame,1
eerily,1
reckon,1
confusion,1
carrying,1
stein,1
blank,1
beginning,1
chnk,1
swallowed,1
harlequinade,1
passed,1
troy,1
bloody,1
notice,1
monitor,1
reflex,1
refocuses,1
existing,1
shields,1
print,1
although,1
refocused,1
icicle,1
repulsed,1
`em,1
soon,1
hook,1
convulsing,1
demolition,1
action,1
spatial,1
rattlesnake,1
fired,1
energizing,1
disbelief,1
reached,1
acting,1
painted,1
slinks,1
deliver,1
snakes,1
dives,1
smirk,1
eight,1
grimacing,1
greasy,1
creek,1
strike,1
playfully,1
affixed,1
workplace,1
return,1
cheaper,1
spartan,1
conscience,1
titillated,1
seats,1
drown,1
shears,1
solution,1
host,1
smushed,1
piloting,1
seriously,1
hears,1
experiences,1
leaning,1
laughter,1
problems,1
sentiment,1
soul,1
dangerous,1
leadership,1
execution,1
confetti,1
processes,1
tougher,1
runes,1
theatre,1
competitors,1
procession,1
massacre,1
thumping,1
spray,1
backdrop,1
metagalactic,1
refuel,1
fray,1
shower,1
fact,1
runch,1
crackling,1
swooping,1
plows,1
plants,1
operating,1
bullets,1
reaction,1
faked,1
weary,1
trips,1
harpoons,1
shrug,1
independence,1
mainly,1
whenever,1
leaves,1
budge,1
obsidian,1
celebrate,1
collection,1
hesitates,1
bursts,1
conflict,1
kills,1
pinned,1
reasons,1
eyeballing,1
swept,1
hurting,1
rapturous,1
refuge,1
frosted,1
cruiseliner,1
masked,1
rune,1
escorting,1
games,1
ratty,1
zip,1
briefly,1
resilient,1
imagination,1
hammers,1
legions,1
resistance,1
itself,1
betrayed,1
favorite,1
boarding,1
steep,1
vampires,1
seize,1
cushions,1
protector,1
kyle,1
bountiful,1
rubble,1
event,1
buddy,1
witnesses,1
wherever,1
unprepared,1
siege,1
thunk,1
jawbone,1
appearance,1
liquid,1
wings,1
bizarre,1
perfect,1
whatnot,1
crystalline,1
descending,1
frog,1
squeals,1
petrified,1
doorways,1
dignified,1
cupping,1
lackey,1
seemingly,1
disapprovingly,1
paper,1
public,1
clubs,1
whoompf,1
enslave,1
listening,1
haunting,1
tricks,1
crept,1
bendy,1
garrison,1
fleeing,1
growth,1
sophie,1
skyward,1
horses,1
resplendent,1
nailed,1
properly,1
score,1
springboards,1
rag,1
stabbed,1
ashamed,1
younger,1
lighting,1
shaking,1
giggles,1
extensions,1
charged,1
shortly,1
lokie,1
providing,1
mopping,1
rolling,1
unsheathes,1
shrugs,1
unleash,1
invasion,1
desperation,1
spin,1
shallow,1
spit,1
moved,1
demise,1
absentmindedly,1
pushes,1
epiphany,1
negligence,1
yanks,1
helped,1
achy,1
swift,1
dreaming,1
escapes,1
behind/towering,1
pose,1
benevolent,1
ado,1
adr,1
respect,1
shelf,1
mutual,1
shell,1
cowers,1
einstein,1
activation,1
smashing,1
groans,1
magically,1
joining,1
crypt,1
searching,1
peaceful,1
prevent,1
strikes,1
unopened,1
infuses,1
reigning,1
recorded,1
clipped,1
shoulders,1
movie,1
variation,1
eject,1
pleading,1
connects,1
bottleneck,1
property,1
strangely,1
impales,1
antithesis,1
weeps,1
volumes,1
masses,1
melody,1
mighty,1
aid,1
confident,1
crew,1
defeat,1
steadily,1
yield,1
electronic,1
terrace,1
speak,1
maniacal,1
decisions,1
shackles,1
filled,1
boat,1
tended,1
sham,1
atom,1
wizards,1
spun,1
scissor,1
shockwave,1
brains,1
stupefied,1
insect,1
decimate,1
snout,1
astonishingly,1
touch,1
clock,1
strangers,1
slips,1
dusts,1
wrecked,1
badly,1
entertaining,1
jumping,1
retracted,1
reocurring,1
dump,1
row,1
universal,1
louder,1
reverses,1
surveilling,1
ascends,1
rebels,1
blaring,1
redecorating,1
expanding,1
silently,1
kilter,1
comforting,1
severed,1
legend,1
treaties,1
jab,1
anywhere,1
exalted,1
slumps,1
pamphlets,1
underbelly,1
stuffs,1
bandaged,1
moored,1
letter,1
gently,1
reinforcements,1
visceral,1
inspiring,1
worth,1
cried,1
uncharted,1
arc,1
releasing,1
taken,1
visions,1
meteor,1
suppress,1
slaughters,1
rub,1
ruh,1
rug,1
occasional,1
individuals,1
imprisoned,1
bomb,1
jet,1
fragmented,1
boosting,1
barges,1
lifted,1
sakaaar,1
significant,1
bold,1
gruesomely,1
worse,1
agitation,1
signals,1
gladly,1
benefits,1
grins,1
mood,1
absence,1
generating,1
kicking,1
gloves,1
crying,1
sensing,1
emitting,1
introduce,1
bone,1
target,1
momentum,1
grind,1
nervous,1
doomed,1
leader,1
jig,1
cart,1
piano,1
burrow,1
severely,1
mope,1
undefeated,1
eighteen,1
trunk,1
smelter,1
collapsing,1
slide,1
bounds,1
asskicker,1
heartbreak/devastation,1
assault,1
boss,1
ramshackle,1
bottles,1
chugging,1
cramped,1
vehicle,1
pressing,1
transfers,1
beholds,1
demon,1
stress,1
mischief,1
catacombs,1
oversized,1
nears,1
sprawled,1
reluctantly,1
forearms,1
chants,1
caged,1
simple,1
handprint,1
influence,1
wrapped,1
cavernous,1
cave,1
interrupting,1
crisis,1
misguided,1
important,1
glimpse,1
transfer,1
spikes,1
dissipating,1
nerve,1
daughter,1
vips,1
ovation,1
mentioned,1
amount,1
convertible,1
engulfs,1
spread,1
simply,1
plane,1
switches,1
boys,1
reflected,1
elicits,1
offer,1
suffer,1
bat,1
fixated,1
casket,1
bay,1
drowned,1
prophesied,1
mates,1
ornate,1
nonchalantly,1
personal,1
clawed,1
icon,1
coldly,1
boyfriiend,1
subsequent,1
litter,1
jobs,1
aaaaaaaaaaaaaaaaaahhhhhh,1
admiration,1
somewhat,1
superhuman,1
rephrase,1
beg,1
beckons,1
bowling,1
resumes,1
bet,1
contact,1
searches,1
shh,1
parts,1
lucky,1
trembling,1
greetings,1
demolishes,1
traumatic,1
signs,1
legendary,1
captured,1
clears,1
pardoned,1
sir,1
mouths,1
puncturing,1
eyebrow,1
bound,1
chuckles,1
demolished,1
fulfills,1
envelopes,1
bid,1
fresh,1
rubbing,1
corridor,1
fulfill,1
peers,1
depicts,1
maiden,1
costume,1
gears,1
outgrew,1
tiara,1
tomorrow,1
assembling,1
decapitates,1
rears,1
christopher,1
ruthless,1
aura,1
freaky,1
composed,1
fissure,1
clearance,1
bundle,1
creator,1
briefest,1
willingness,1
respectful,1
punishment,1
hide,1
hooded,1
shushing,1
motions,1
report,1
sigh,1
snatches,1
angel,1
anger,1
pauses,1
proceeds,1
sos,1
dismantled,1
civilizations,1
officially,1
pokes,1
thrown,1
unfettered,1
sipping,1
curses,1
littered,1
attached,1
bunch,1
jolt,1
tense,1
jeopardize,1
spacecrafts,1
headbutts,1
pursuer,1
bow,1
switch,1
upstairs,1
singularity,1
loudest,1
nature,1
interesting,1
conjure,1
102,1
103,1
104,1
unauthorized,1
105,1
tempting,1
stoop,1
threatening,1
buried,1
ledge,1
stood,1
somewhere,1
reunited,1
horrible,1
raises,1
injury,1
drawn,1
yanked,1
swathe,1
escorts,1
glory,1
geodetic,1
stopping,1
plunged,1
mystic,1
underwater,1
overcome,1
undisturbed,1
spiderweb,1
plainly,1
engulfed,1
preferred,1
key,1
storm,1
laying,1
stalling,1
manages,1
launch,1
patrolling,1
instincts,1
taunting,1
revelation,1
cinch,1
stunned,1
reacts,1
crotch,1
burial,1
written,1
extreme,1
demeanor,1
dumping,1
stole,1
enhanced,1
shepherds,1
unclips,1
grapes,1
speeding,1
unfolding,1
clangs,1
thanos',1
perishable,1
punching,1
brutal,1
commemorate,1
16s,1
flute,1
migration,1
famed,1
backed,1
yggdrasil,1
tripled,1
bumping,1
road,1
wrath,1
sighs,1
interrupts,1
roar,1
nobody,1
guide,1
overhead,1
unloved,1
stately,1
scared,1
unwillingly,1
prisoners/fighters,1
deflates,1
undeterred,1
announcing,1
leap,1
lawless,1
spills,1
fending,1
tremble,1
aggression,1
site,1
tangled,1
passage,1
eased,1
tremendous,1
dozen,1
piazza,1
growing,1
crashed,1
bitch,1
instinctual,1
dislodging,1
ranks,1
tandem,1
sagging,1
departure,1
herself,1
harpoon,1
secretive,1
ferocious,1
instances,1
musicians,1
fled,1
cah,1
detonation,1
skidding,1
guarding,1
inclusion,1
projected,1
filthy,1
floating,1
limitless,1
alarm,1
motion,1
idle,1
reads,1
match,1
technically,1
response,1
