kumail,729
emily,333
terry,224
beth,174
i'm,131
up,117
know,109
int,107
out,105
don't,93
cont'd,81
you're,75
chris,74
yeah,73
really,61
right,58
later,57
oh,56
go,54
cj,53
good,52
room,51
okay,51
want,49
naveed,49
mary,48
here,48
sharmeen,46
dr,43
one,43
gonna,42
think,42
hey,42
now,41
night,40
azmat,40
going,39
see,39
back,38
parents,34
very,33
time,32
something,30
khadija,29
looks,29
never,29
they're,29
come,29
walks,28
door,28
people,28
doing,28
look,27
guys,27
sorry,27
family,27
fucking,27
tell,26
love,26
show,26
sam,26
day,25
call,25
more,25
i've,25
over,25
well,24
we're,24
nurse,24
can't,24
bed,24
fuck,23
anything,23
apartment,23
cunningham,23
stage,22
being,22
next,22
sits,22
thing,21
hospital,21
talk,21
i'll,21
great,21
car,21
pakistan,20
actually,20
again,20
lot,19
mean,19
down,19
stand,19
comedy,19
dalavan,19
man,18
feel,18
mom,18
new,18
thought,18
through,18
phone,18
dodd,17
judy,17
fine,17
need,17
didn't,17
another,17
bad,17
bob,17
pakistani,16
house,16
continuous,16
gets,16
everything,16
morning,16
thank,15
tonight,15
cause,15
put,15
take,15
home,15
make,15
bedroom,15
wanna,15
around,15
living,15
hallway,15
doctors,15
wait,14
someone,14
please,14
urdu,14
called,14
movie,14
name,14
doesn't,14
little,14
triple,13
same,13
god,13
jessie,13
two,13
things,13
infection,13
still,13
stop,13
wanted,13
sit,13
big,13
sees,13
coma,13
women,12
each,12
cut,12
funny,12
school,12
first,12
kumi,12
told,12
set,12
hi,12
bit,12
i'd,12
puts,12
goes,12
york,12
audience,11
much,11
wasn't,11
dad,11
listen,11
meet,11
soon,11
icu,11
work,11
weird,11
leave,11
turns,11
fatima,11
couch,11
cheese,11
ext,11
heckler,11
girl,11
way,11
give,11
totally,11
crowd,11
different,11
walk,10
watch,10
before,10
beat,10
made,10
find,10
best,10
heard,10
father,10
whole,10
moments,10
hands,10
moving,10
always,10
saying,10
shit,10
saw,10
bag,10
sure,10
getting,10
box,10
ok,10
stu,10
idea,10
life,10
exits,10
marriage,10
you've,9
we'll,9
better,9
even,9
woman,9
burger,9
everyone,9
starts,9
last,9
yes,9
chicago,9
waiting,9
wright,9
liked,9
coming,9
games,9
eat,9
end,9
maybe,9
those,9
few,9
looking,9
pulls,9
watching,9
table,9
married,9
montreal,9
high,9
hear,9
haven't,9
friend,9
old,9
everybody,9
ready,9
wine,8
talking,8
doctor,8
probably,8
spellman,8
water,8
cigar,8
together,8
enters,8
mid,8
holds,8
open,8
five,8
backstage,8
sleep,8
drives,8
sumera,8
play,8
kind,8
front,8
thinking,8
makes,8
um,8
place,8
zubeida,8
eating,7
serious,7
coffee,7
cancer,7
heckle,7
cup,7
won't,7
smile,7
terrible,7
many,7
stay,7
word,7
nice,7
voice,7
laughs,7
guess,7
years,7
air,7
already,7
book,7
happened,7
wrong,7
heads,7
stuff,7
sad,7
bar,7
wow,7
dinner,7
bathroom,7
tomorrow,7
gave,7
pretty,7
seat,7
seen,7
uh,7
hand,6
days,6
sexy,6
understand,6
guy,6
quietly,6
late,6
part,6
trying,6
comes,6
shoes,6
baby,6
huh,6
dog,6
headshot,6
seriously,6
friends,6
met,6
face,6
ice,6
pictures,6
runs,6
year,6
notes,6
dating,6
city,6
reason,6
kick,6
ask,6
mother,6
white,6
watches,6
whatever,6
news,6
outside,6
rest,6
stupid,6
aren't,6
four,6
joke,6
fun,6
second,6
ma,6
nods,6
northwestern,6
laughing,6
desk,6
bye,6
nobody,6
towards,6
person,6
security,6
surgery,5
conversation,5
gone,5
arranged,5
hard,5
went,5
we've,5
listens,5
heroin,5
try,5
kicked,5
marry,5
moment,5
kitchen,5
gives,5
full,5
away,5
disease,5
having,5
fries,5
hit,5
shows,5
glad,5
bill,5
hot,5
mine,5
die,5
hold,5
bird,5
club,5
finally,5
passed,5
gardner,5
song,5
cream,5
goodbye,5
heart,5
exactly,5
bullshit,5
doorbell,5
20,5
wears,5
inside,5
leaves,5
awkward,5
favorite,5
theater,5
isis,5
wouldn't,5
couple,5
dude,5
giraffe,5
took,5
real,5
until,5
dining,5
eye,5
rings,5
mattress,5
came,5
takes,5
yourself,5
you'd,5
both,5
keep,5
daughter,5
uber,5
lawyer,5
move,5
approaches,5
bring,5
dead,5
eyes,5
stares,5
food,5
denise,5
talked,5
hello,5
stands,5
behind,5
head,5
playground,5
fighting,5
gotta,5
cricket,5
kid,5
siri,5
cool,5
hits,5
nanjiani,5
hall,4
without,4
ten,4
sunglasses,4
left,4
selfish,4
audition,4
empty,4
making,4
toast,4
live,4
hate,4
therapist,4
top,4
goth,4
biggest,4
less,4
girlfriend,4
fruit,4
picks,4
items,4
start,4
husband,4
minutes,4
done,4
induced,4
couldn't,4
strict,4
sofa,4
festival,4
calls,4
under,4
train,4
dropped,4
america,4
text,4
opens,4
sort,4
wakes,4
believe,4
long,4
remember,4
50,4
rule,4
common,4
lots,4
talks,4
instead,4
laptop,4
immediately,4
medically,4
calling,4
red,4
happens,4
tries,4
number,4
nothing,4
isn't,4
asked,4
speak,4
driving,4
today,4
looked,4
super,4
kids,4
such,4
grad,4
nearby,4
truly,4
completely,4
jimmy,4
hung,4
awake,4
ah,4
drive,4
words,4
girls,4
montage,4
sir,4
sick,4
eventually,4
plate,4
side,4
photos,4
mr,4
plays,4
horrible,4
stops,4
amazing,4
bhai,4
asleep,4
slices,4
tired,4
date,4
magic,4
9/11,4
dave,4
fault,4
played,4
spoke,3
begins,3
sister,3
telling,3
hang,3
anybody,3
shouldn't,3
quiet,3
speaks,3
information,3
laugh,3
onto,3
andrew,3
strange,3
supposed,3
batting,3
young,3
perform,3
lady,3
taking,3
hundred,3
matter,3
monday,3
cheat,3
hacked,3
wake,3
earlier,3
law,3
andy,3
times,3
anyway,3
ankle,3
lie,3
actual,3
nurses,3
checks,3
chalk,3
hooked,3
video,3
heckling,3
tina,3
hours,3
enter,3
struggle,3
antibiotics,3
asshole,3
smart,3
cellphone,3
chair,3
barely,3
group,3
drinking,3
lsat,3
percent,3
point,3
therapy,3
clean,3
smiles,3
mattresses,3
happen,3
pass,3
easy,3
hon,3
mind,3
ryan,3
bereavement,3
brings,3
test,3
miss,3
passes,3
sold,3
blanket,3
hug,3
sense,3
eight,3
mad,3
map,3
mat,3
forward,3
joking,3
use,3
lungs,3
carolina,3
napkin,3
physical,3
theatre,3
saturday,3
hasn't,3
30,3
middle,3
definitely,3
auntz,3
loud,3
culture,3
clearly,3
seems,3
advice,3
jackson,3
music,3
silence,3
hardly,3
trust,3
ride,3
uncle,3
hadn't,3
body,3
cage,3
read,3
touch,3
freaking,3
silently,3
decided,3
feels,3
noticed,3
black,3
notices,3
run,3
view,3
town,3
everywhere,3
neighborhood,3
shop,3
mood,3
button,3
window,3
quickly,3
cave,3
alone,3
billion,3
enough,3
various,3
parent,3
grow,3
excited,3
brother,3
hurt,3
sex,3
woo,3
needs,3
carry,3
party,3
claps,3
sip,3
burgers,3
covers,3
wearing,3
ha,3
thanks,3
drink,3
works,3
weekend,3
world,3
knew,3
change,3
la,3
months,3
follows,3
boy,3
cousin,3
sitting,3
storms,3
tv,3
rules,3
headliner,3
figure,3
lied,3
between,3
iphone,3
bette,3
course,3
sound,3
drug,3
comedians,3
notebook,3
files,3
herself,3
hair,3
cat,3
clothes,3
reconsiders,2
inflatable,2
sets,2
standard,2
reports,2
wish,2
pad,2
area,2
brunch,2
remove,2
ticket,2
realized,2
handling,2
american,2
write,2
passengers,2
slowly,2
alright,2
folds,2
should've,2
walls,2
drugs,2
bought,2
picture,2
warmer,2
thanksgiving,2
thousand,2
expressway,2
pray,2
scrolls,2
quite,2
void,2
christmas,2
condition,2
lake,2
pursue,2
teacher,2
performing,2
cry,2
respond,2
wall,2
beetlejuice,2
thinks,2
welcome,2
opposite,2
shots,2
killing,2
prayed,2
dollars,2
pop,2
attack,2
worried,2
christ,2
stuffed,2
prayer,2
tragedy,2
quit,2
medical,2
anymore,2
anna,2
basically,2
kulfi,2
tension,2
weight,2
page,2
cards,2
asking,2
yesterday,2
cocktail,2
vote,2
freaked,2
stars,2
stylish,2
tray,2
three,2
17th,2
threw,2
unfolds,2
passenger,2
tiny,2
anti,2
low,2
grown,2
means,2
clink,2
crushing,2
small,2
dan,2
shown,2
inscription,2
history,2
kidneys,2
comedian,2
sounds,2
deserve,2
clear,2
meal,2
sometime,2
jumps,2
crack,2
appreciate,2
soft,2
past,2
milk,2
ashes,2
treatment,2
hop,2
awkwardly,2
sweatshirt,2
term,2
noticeable,2
showcase,2
questions,2
waffle,2
tall,2
month,2
overwhelmed,2
headlining,2
yup,2
human,2
stirs,2
relax,2
quick'n,2
killed,2
material,2
universe,2
grant,2
taps,2
answers,2
hope,2
usually,2
lying,2
signed,2
field,2
reached,2
ups,2
baseball,2
acting,2
upset,2
member,2
twenty,2
within,2
giraffes,2
menu,2
serve,2
stickers,2
likes,2
difficult,2
fill,2
trash,2
true,2
bumper,2
laughter,2
khansama,2
cocaine,2
dangerous,2
mess,2
nonsense,2
ball,2
shocked,2
wicket,2
rehan,2
pulling,2
online,2
writes,2
hiding,2
14,2
15,2
myself,2
19,2
wires,2
rude,2
except,2
24,2
fact,2
star,2
appear,2
progress,2
seven,2
surprise,2
studying,2
beard,2
felt,2
invited,2
unlocks,2
smarter,2
apple,2
headshots,2
footsie,2
recently,2
80,2
forever,2
fingers,2
snuggle,2
price,2
lost,2
yelled,2
dresser,2
dressed,2
agree,2
math,2
breakfast,2
diner,2
birds,2
ourselves,2
facebook,2
juice,2
mrs,2
devotion,2
forgot,2
divorced,2
expecting,2
you'll,2
parlor,2
bottom,2
rushes,2
finished,2
rhyme,2
jell,2
vincent,2
holding,2
roommate,2
walking,2
spend,2
allowed,2
building,2
airport,2
folded,2
weeks,2
dollar,2
we'd,2
close,2
photo,2
flips,2
scout,2
moved,2
intubate,2
act,2
gather,2
exchange,2
jeans,2
hangout,2
responsible,2
truth,2
fucked,2
jokes,2
gift,2
ago,2
gestures,2
tried,2
backseat,2
clocks,2
driver,2
dazed,2
honestly,2
future,2
signing,2
brains,2
finals,2
slips,2
typing,2
row,2
sucks,2
lewin,2
minute,2
exams,2
respirator,2
strategy,2
forms,2
ring,2
taste,2
sweater,2
dance,2
cheers,2
fully,2
waves,2
broke,2
grabs,2
cookies,2
taken,2
cemetery,2
horror,2
silly,2
boring,2
stayed,2
grab,2
becoming,2
research,2
huge,2
helpful,2
dust,2
hugh,2
worry,2
imagine,2
watched,2
worst,2
cane,2
leaving,2
boom,2
negative,2
learned,2
mouth,2
nervous,2
risk,2
hooed,2
stubs,2
far,2
stuck,2
fat,2
it'll,2
matches,2
care,2
kill,2
thoracentesis,2
shirt,2
cats,2
dice,2
used,2
staphylococcus,2
episodes,2
hangs,2
important,2
job,2
cloth,2
game,2
freshener,2
died,2
along,2
sandwich,2
spread,2
favor,2
voted,2
kiss,2
bat,2
honest,2
deal,2
strong,2
highsmith,2
procedure,2
performs,2
fiddling,2
contact,2
garbage,2
complain,2
downstairs,2
fourteen,2
piece,2
visiting,2
packing,2
plot,2
six,2
corner,2
guessing,2
large,2
begin,2
become,2
brought,2
misses,2
missed,2
snl,2
stabilize,2
son,2
feeling,2
throws,2
bunch,2
tastes,2
kidding,2
upstairs,2
fight,2
interesting,2
ph,2
stance,2
somewhere,2
scene,2
hiccups,2
puke,2
pleural,2
discovered,2
belly,2
crawls,2
seem,2
liar,2
silent,2
salaam,2
closet,2
store,2
closes,2
pull,2
story,2
country,2
available,2
ooh,2
details,2
written,2
zings,2
voicemail,2
once,2
vitals,2
changed,2
cold,2
misconception,2
honey,2
lies,2
normal,2
reading,2
ones,2
specially,2
type,2
seconds,2
they'll,2
scared,2
surrounded,2
flag,2
north,2
nervously,2
ghost,2
dark,2
sewing,2
brain,2
help,2
massive,2
farhan,2
beards,2
tuna,2
week,2
balls,2
fuckin',2
weed,2
unconscious,2
motion,2
follow,2
chatting,2
anthem,1
remote,1
rides,1
cafeteria,1
goddammit,1
pretend,1
ohhhhh,1
tea,1
pick,1
legs,1
brooklyn,1
sake,1
he'll,1
successfully,1
smallpox,1
stabilized,1
size,1
poise,1
masters,1
characters,1
golf,1
pukes,1
lights,1
hushed,1
committed,1
salt,1
union,1
ruined,1
blood,1
yorker,1
freshman,1
blue,1
throw,1
faces,1
how'd,1
cremate,1
tic,1
fantasy,1
pay,1
nestle,1
walked,1
swills,1
success,1
alaikum,1
moaning,1
bummed,1
psychology,1
sugary,1
namaz,1
swords,1
sprinkling,1
halfway,1
romance,1
named,1
considered,1
emts,1
hats,1
channel,1
recreationally,1
changing,1
dummy,1
normalize,1
block,1
dinners,1
pet,1
order,1
period,1
niceties,1
birth,1
recurrence,1
centesis,1
loving,1
unhappy,1
winner,1
million,1
bringing,1
presses,1
spots,1
crazy,1
vaccination,1
toe,1
empyema,1
ton,1
honesty,1
noise,1
kinda,1
violence,1
toy,1
laid,1
question,1
loves,1
peel,1
produce,1
ramekins,1
hates,1
names,1
buns,1
babbling,1
ain't,1
falafel,1
entity,1
com,1
possibilities,1
minor,1
bacteria,1
yelling,1
lets,1
marijuana,1
pie,1
abilities,1
averts,1
whether,1
cokehead,1
raise,1
pipe,1
lap,1
hated,1
traffic,1
distraught,1
including,1
sneaks,1
lay,1
liability,1
affected,1
army,1
clinical,1
shining,1
translates,1
arms,1
basic,1
chicken,1
rising,1
initiated,1
university,1
crayg,1
blinks,1
wailing,1
sacrificed,1
busy,1
attending,1
extra,1
friday,1
floor,1
direction,1
surging,1
comments,1
bachelor,1
realizing,1
mansplain,1
hopscotch,1
20s,1
pillow,1
fantastic,1
esophagus,1
caught,1
attire,1
groggy,1
discussion,1
crowds,1
absorb,1
pita,1
state,1
lew,1
appointments,1
peeled,1
restrains,1
cue,1
difference,1
enroll,1
cul,1
irrigated,1
monitors,1
sunrise,1
muslim,1
midwicket,1
entertainment,1
cuz,1
giving,1
accident,1
poo,1
scenario,1
moody,1
divorce,1
graphic,1
situation,1
latest,1
fraught,1
forbidden,1
chalky,1
aureus,1
team,1
diagram,1
pads,1
shoves,1
fridge,1
carbs,1
tupperware,1
smell,1
jolts,1
domestic,1
disappointed,1
irrigation,1
paying,1
dying,1
ham,1
continue,1
shoot,1
they'd,1
pronounced,1
chest,1
glass,1
unlock,1
yazmin,1
disappears,1
secrets,1
chris',1
warm,1
suited,1
involved,1
pacing,1
playing,1
1947,1
compatibility,1
dreyfus,1
basement,1
destiny,1
memory,1
perm,1
exports,1
thicken,1
impossible,1
resistant,1
freak,1
chilling,1
lifting,1
stare,1
early,1
engineer,1
pair,1
clarity,1
orgasm,1
typical,1
paid,1
plugs,1
short,1
1969,1
buzz,1
stumbles,1
aroused,1
ninety,1
happy,1
multi,1
whoever,1
coloring,1
jackets,1
gallery,1
reassuring,1
meets,1
light,1
apparently,1
mics,1
bright,1
tumblr,1
unknown,1
unintelligibly,1
glasses,1
computer,1
helmet,1
confusing,1
crutch,1
tire,1
propped,1
disclosure,1
performer,1
terrified,1
unfortunately,1
disgrace,1
performed,1
chat,1
hesitantly,1
hanging,1
facility,1
biryani,1
quick,1
fistbumps,1
appointment,1
experience,1
doof,1
hip,1
wondering,1
hiv,1
zone,1
checked,1
potential,1
bruised,1
socks,1
shriveled,1
particular,1
pause,1
taco,1
notebooks,1
absolutely,1
it'd,1
request,1
critical,1
shalwar,1
reveals,1
east,1
beaming,1
sixteen,1
caved,1
process,1
pumpernickel,1
revenge,1
ghosting,1
crowded,1
banner,1
third,1
approve,1
dookie,1
hurry,1
account,1
methodology,1
snippet,1
allah,1
electronics,1
brushed,1
hmm,1
liquids,1
path,1
trip,1
finds,1
startled,1
record,1
ugh,1
killer,1
safely,1
accepting,1
carefully,1
profile,1
frickin',1
warren,1
whipped,1
bucket,1
eats,1
uhh,1
beds,1
adult,1
nintendo,1
bottle,1
elijah,1
spark,1
dudes,1
hearing,1
business,1
endeavors,1
emotional,1
thursday,1
unwillingness,1
dragged,1
cubs,1
#1,1
girls',1
tells,1
touches,1
answer,1
returning,1
complicated,1
telly,1
purse,1
putting,1
emergency,1
promise,1
cheated,1
shifting,1
cliche,1
ignores,1
tiffins,1
int/ext,1
sharmen,1
whooo,1
grape,1
upwards,1
spoilers,1
impulsively,1
blank,1
expectation,1
malaysia,1
comas,1
reception,1
tank,1
midnight,1
holy,1
idiot,1
tracks,1
schedule,1
pays,1
lunch,1
googles,1
brothers,1
thick,1
tables,1
fathom,1
lock,1
hoos,1
bookshelf,1
printer,1
ubers,1
blacked,1
bell,1
tarantino,1
heavy,1
printed,1
hoping,1
jesus,1
curse,1
hardest,1
biological,1
macy,1
sings,1
suburbs,1
diligently,1
dot,1
condensed,1
inflated,1
headed,1
obsession,1
sparsely,1
pained,1
cosmically,1
webmd,1
elimination,1
pavement,1
donuts,1
health,1
positive,1
underrated,1
machine,1
return,1
mail,1
concerned,1
subject,1
eliminating,1
main,1
british,1
seats,1
solution,1
grain,1
credit,1
oxygen,1
sosa,1
citizen,1
pilots,1
caroline,1
streak,1
film,1
pressure,1
hears,1
experiences,1
forget,1
background,1
30s,1
position,1
present,1
curtain,1
dsm,1
handsome,1
appears,1
frat,1
roghen,1
hour,1
men,1
louis,1
magazines,1
cups,1
beta,1
falling,1
sevies,1
orange,1
intensely,1
puffy,1
backpack,1
biopsy,1
biscuit,1
gremlins,1
hectares,1
garfield,1
expectantly,1
crash,1
cover,1
mgm,1
bank,1
Ôª?,1
10,1
hawaiian,1
11,1
boxes,1
based,1
12,1
13,1
sleeps,1
august,1
drowns,1
16,1
17,1
18,1
frozen,1
azmat/naveed/fatima,1
funeral,1
21,1
22,1
23,1
religious,1
25,1
26,1
27,1
28,1
29,1
comics,1
reacting,1
industry,1
collecting,1
shares,1
fell,1
1st,1
unless,1
galaxy,1
free,1
relationship,1
31,1
32,1
dirty,1
33,1
34,1
35,1
reaction,1
36,1
though,1
37,1
faked,1
38,1
39,1
crate,1
chargers,1
gordon,1
residential,1
exacts,1
40,1
41,1
experts,1
42,1
43,1
44,1
45,1
46,1
47,1
48,1
49,1
expressing,1
locks,1
darker,1
esque,1
roughly,1
flashbacks,1
paces,1
infections,1
wood,1
51,1
52,1
crushes,1
53,1
54,1
55,1
56,1
57,1
yawns,1
58,1
59,1
quarrelling,1
reemerges,1
hesitates,1
dials,1
judging,1
60,1
yawning,1
61,1
staring,1
62,1
63,1
64,1
65,1
66,1
67,1
68,1
69,1
rough,1
knock,1
potatoes,1
spender,1
proper,1
assistance,1
lasers,1
admit,1
70,1
71,1
wonder,1
72,1
73,1
74,1
pimpin',1
75,1
76,1
77,1
coordinating,1
78,1
79,1
separated,1
beats,1
he'd,1
healthy,1
81,1
step,1
82,1
83,1
84,1
85,1
mark,1
paychecks,1
86,1
87,1
88,1
89,1
prick,1
elevator,1
mow,1
premises,1
90,1
91,1
dresses,1
92,1
93,1
94,1
95,1
96,1
97,1
98,1
99,1
competing,1
gump,1
lose,1
highballs,1
cherish,1
swelling,1
packs,1
shotgun,1
filing,1
books,1
knowing,1
spectrum,1
anyone,1
theory,1
testicles,1
hoped,1
seize,1
am/pm,1
secret,1
naturally,1
emcee,1
finishes,1
finger,1
alongside,1
swallow,1
flirtatiously,1
flashback,1
liquid,1
wings,1
cubes,1
stir,1
intercepts,1
desserts,1
perfect,1
scribbling,1
winging,1
orderlies,1
space,1
costodiaphragmatic,1
krispy,1
arrange,1
ummmm,1
centering,1
spell,1
spits,1
tylenol,1
coward,1
slaps,1
sequence,1
speaker,1
covered,1
gurney,1
cleaned,1
spicier,1
14th,1
terrorist,1
windy,1
public,1
paper,1
craig,1
listening,1
ing,1
trader,1
tricks,1
rush,1
controversy,1
trade,1
serial,1
comic,1
fucks,1
properly,1
fart,1
graduate,1
unanimous,1
understanding,1
grief,1
ashamed,1
dealing,1
inspired,1
version,1
sprinkle,1
mitthai,1
happening,1
returns,1
assholes,1
poster,1
eid,1
ringing,1
stretches,1
stretcher,1
elevated,1
targeted,1
aggressive,1
devastated,1
descend,1
website,1
failures,1
learn,1
pulled,1
shrugs,1
'03,1
onset,1
pushing,1
slam,1
pops,1
grocery,1
lease,1
citizens,1
nine,1
flamboyant,1
shack,1
scarfing,1
post,1
yearbook,1
finish,1
add,1
mideast,1
gesturing,1
canada,1
ninja,1
shell,1
conditioning,1
acha,1
shits,1
semen,1
turtles,1
sleeping,1
laser,1
mixture,1
snoring,1
laptops,1
forty,1
recorder,1
pour,1
message,1
crap,1
moves,1
kicks,1
lawns,1
visited,1
ribs,1
swear,1
college,1
yaar,1
career,1
rolled,1
motherfucker,1
nah,1
punish,1
saunters,1
succeeding,1
hugging,1
ahh,1
eggs,1
naw,1
handle,1
forth,1
exit,1
highball,1
system,1
fuck've,1
aback,1
advertised,1
share,1
thoroughly,1
grandmother,1
powerful,1
acne,1
removed,1
shake,1
screen,1
#17,1
points,1
mubarak,1
etc,1
mister,1
whelan,1
nasty,1
intense,1
derailed,1
positions,1
swishes,1
cafe,1
supportive,1
sweatpants,1
angles,1
lightweight,1
running,1
islam,1
whispers,1
orchestrating,1
parliamentary,1
voicemails,1
guilt,1
fifteen,1
biscuits,1
paged,1
lewis,1
emanates,1
caller,1
suggested,1
engage,1
whisper,1
accurate,1
professional,1
fliers,1
nerd,1
jar,1
intubation,1
phoning,1
marquee,1
demand,1
himself,1
mystery,1
mosque,1
students,1
cried,1
rudner,1
itchy,1
waterfall,1
ingredients,1
insane,1
magician,1
arm,1
broken,1
meringue,1
art,1
chashmullee,1
calm,1
crates,1
suck,1
ass,1
sheepishly,1
hugs,1
bomb,1
strips,1
horrifically,1
ate,1
furniture,1
cracks,1
results,1
parked,1
hipsters,1
worse,1
kurta,1
screaming,1
leads,1
malala,1
whiskey,1
sniffer,1
string,1
smelled,1
disappear,1
lupus,1
forgave,1
shot,1
kicking,1
rita,1
drops,1
gloves,1
pizza,1
crying,1
street,1
lived,1
kneels,1
goddamn,1
inspirational,1
greet,1
bone,1
grew,1
guiltily,1
battles,1
rise,1
greg,1
container,1
galaxies,1
decide,1
tissue,1
boning,1
shirts,1
broad,1
catch,1
cash,1
lives,1
depends,1
double,1
sunday,1
m'am,1
comfortable,1
style,1
card,1
damage,1
study,1
hums,1
sentences,1
flags,1
direct,1
irish,1
sammy,1
bombed,1
messed,1
julia,1
visibly,1
interjects,1
cooking,1
stress,1
bigoted,1
reluctantly,1
board,1
levels,1
shut,1
luck,1
monkey,1
constantly,1
fielder,1
cages,1
thankfully,1
described,1
laughed,1
stumbling,1
parting,1
transfer,1
phrase,1
cereal,1
misogynist,1
boner,1
produces,1
ipad,1
forrest,1
sugar,1
darkest,1
embarrass,1
largest,1
joe,1
unsure,1
fainted,1
sac,1
looms,1
lyme,1
mentioned,1
win,1
designed,1
vonnegut,1
leans,1
geared,1
kreme,1
dav√©,1
dweeb,1
attention,1
nyc,1
visit,1
denied,1
methicillin,1
boys,1
hush,1
complex,1
bartender,1
giant,1
fluid,1
murgh,1
digs,1
addition,1
hierarchy,1
angry,1
panic,1
plastic,1
peace,1
formed,1
jones,1
facing,1
virus,1
claws,1
servant,1
search,1
whoa,1
national,1
cleans,1
humanity,1
charge,1
jobs,1
sample,1
fighter,1
interview,1
kite,1
stopwatch,1
de,1
rooms,1
beauty,1
scare,1
language,1
observe,1
scars,1
won,1
rare,1
excuses,1
chairs,1
celebrating,1
bankable,1
searches,1
eh,1
er,1
screams,1
containers,1
helps,1
deep,1
tears,1
shy,1
parade,1
india,1
explained,1
curtained,1
random,1
lemon,1
signs,1
brightest,1
rate,1
legendary,1
teachers,1
skill,1
class,1
attended,1
practical,1
breathing,1
gamble,1
clementine,1
recruiter,1
obviously,1
chuckles,1
counter,1
football,1
kept,1
stroke,1
congrats,1
frowns,1
fork,1
form,1
avoid,1
fresh,1
presents,1
practice,1
peers,1
speechless,1
joash,1
beside,1
model,1
midwest,1
join,1
believable,1
costume,1
burnt,1
screwed,1
somebody,1
weren't,1
lung,1
traditional,1
distraction,1
ja,1
orbiting,1
continuing,1
annoying,1
turned,1
alive,1
rumpled,1
boyfriend,1
gibberish,1
focuses,1
nerds,1
convicted,1
plugged,1
amidst,1
bread,1
break,1
fumbles,1
restaurant,1
comfort,1
hide,1
places,1
corporate,1
troublesome,1
motions,1
platt,1
thora,1
pants,1
surfing,1
knees,1
sign,1
several,1
dalaban,1
cotton,1
office,1
patchy,1
locked,1
awaits,1
parenting,1
level,1
ms,1
plus,1
establish,1
daniel,1
coat,1
sipping,1
dream,1
gaze,1
stonehenge,1
tense,1
birthday,1
recipe,1
terrorists,1
enjoys,1
total,1
misunderstanding,1
bricks,1
polaroid,1
recover,1
chance,1
nature,1
social,1
ow,1
cringing,1
control,1
c'mon,1
100,1
101,1
102,1
103,1
104,1
pe,1
105,1
106,1
forging,1
107,1
108,1
essentially,1
109,1
pm,1
stool,1
increasingly,1
elbow,1
specialty,1
stoop,1
meditations,1
episode,1
promised,1
110,1
sedated,1
111,1
112,1
113,1
114,1
clever,1
raises,1
draws,1
shifts,1
muslims,1
hundreds,1
brand,1
pleasure,1
badge,1
re,1
stopping,1
twelve,1
inhibitions,1
coital,1
checking,1
conference,1
torque,1
sun,1
satta,1
heel,1
satte,1
conferences,1
laying,1
garage,1
monster,1
shithole,1
single,1
mopey,1
they've,1
antibiotic,1
joins,1
showroom,1
separate,1
headphones,1
buy,1
pairs,1
zero,1
reacts,1
luggage,1
uk,1
un,1
military,1
noises,1
passion,1
lebowski,1
tweaked,1
thin,1
whooooo,1
orotracheal,1
sing,1
frightened,1
saucer,1
snack,1
adults,1
changes,1
wa,1
gigging,1
figured,1
beeping,1
missing,1
gas,1
intercom,1
that'd,1
pittsburgh,1
types,1
sips,1
typed,1
nights,1
yogurt,1
streets,1
reach,1
wigs,1
none,1
beyond,1
backstop,1
hack,1
she'll,1
inflammatories,1
children,1
review,1
depressed,1
teeth,1
tugs,1
effortlessly,1
sprouts,1
lauren,1
ethnic,1
inconclusive,1
drank,1
monsters,1
yolk,1
seventeen,1
exact,1
busting,1
croutons,1
range,1
weak,1
rock,1
impress,1
seeing,1
lean,1
flat,1
continues,1
snaps,1
cook,1
urinate,1
1400,1
insulting,1
coos,1
roses,1
thru,1
anesthetic,1
draped,1
fuuuuck,1
dozes,1
bombs,1
titters,1
growing,1
knocking,1
tac,1
create,1
avoiding,1
blow,1
comforts,1
effusion,1
curious,1
tar,1
bitch,1
patients,1
ugly,1
replay,1
nightmare,1
core,1
ducking,1
safe,1
visitor,1
send,1
concrete,1
note,1
balloons,1
line,1
dicks,1
filthy,1
hearts,1
station,1
cincinnati,1
stamps,1
greatest,1
confidence,1
arbitrary,1
distracted,1
accent,1
daddy,1
tuesday,1
carries,1
response,1
coked,1
shhhhhh,1
rival,1
throes,1
