the,986
-,570
stephen,473
a,447
jane,399
of,380
to,367
and,366
his,245
in,233
is,198
he,194
at,189
you,157
on,148
as,146
i,140
she,125
with,115
it,114
jonathan,110
then,109
day,107
int.,102
theory,101
everything,101
brian,99
her,99
for,96
that,85
(cont'd),85
sciama,75
(continued),74
they,74
continued:,74
what,73
are,73
up,72
we,67
this,65
looks,62
by,60
him,60
into,58
it's,57
back,56
stephen's,54
has,54
from,52
have,50
but,49
not,48
out,46
so,45
all,45
elaine,43
ext.,43
no,42
be,39
do,39
me,38
cambridge,36
eyes,36
him.,36
road,36
night,35
can,35
look,34
an,34
my,34
just,34
two,33
hawking,33
was,33
frank,33
time,33
don't,32
smiles,30
if,30
on:,30
how,30
stephen.,29
now,29
through,29
front,29
down,28
one,28
black,27
will,27
there,27
know,26
i'm,26
see,26
room,25
well,25
stares,25
your,25
where,25
over,25
angle,24
would,23
doctor,23
finally,23
about,23
beryl,23
flat/cambridge,23
before,23
first,23
other,23
to:,22
cut,22
(to,22
go,22
very,22
it.,22
only,22
walks,21
each,21
when,21
come,21
turns,20
who,20
them,20
her.,20
like,20
looking,19
off,19
church,19
takes,19
living,19
their,18
goes,18
starts,17
going,17
--,17
get,17
can't,17
more,17
little,17
hear,16
sees,16
you.,16
young,16
watches,16
jane.,16
toward,15
which,15
oh,15
slowly,15
robert,15
hand,14
picks,14
glasses,14
great,14
or,14
that's,14
them.,14
chair,14
comes,14
some,14
room/west,14
click,13
west,13
done,13
universe,13
me.,13
ball,13
diana,13
he's,13
still,13
new,13
penrose,13
than,13
you're,13
reverse,13
been,13
something,13
until,13
(2),13
party,13
tea,12
isobel,12
time.,12
university,12
moment,12
does,12
being,12
man,12
around,12
next,12
while,12
life,12
pov,12
small,12
steps,12
face,12
gets,12
i've,12
roger,12
sits,12
hall,11
after,11
(more),11
think,11
watch,11
right,11
long,11
way,11
play,11
why,11
head,11
old,11
even,11
lane,11
must,11
light,11
could,11
motors,11
doors,11
both,11
say,11
big,11
stops,11
good,10
jane's,10
door,10
did,10
up.,10
enters,10
open,10
work,10
hands,10
guest,10
need,10
rises,10
on.,10
st,10
here,10
ever,10
want,10
standing,10
okay,10
hole,10
together,10
(beat),10
reaction,10
close,10
its,10
smiles.,10
bed,10
wheelchair,10
mary's,10
children,10
flat,10
really,10
thank,9
onto,9
too,9
away,9
silence.,9
stephen),9
may,9
make,9
believe,9
music,9
thorne,9
end,9
family,9
tries,9
screen,9
never,9
tears,9
nods,9
lecture,9
single,9
go.,9
got,9
last,9
technician,9
group,9
beginning,9
find,9
professor,9
moment.,9
rees,9
letter,9
piano,9
set,9
kip,9
said,9
turn,8
tell,8
this.,8
wheelchair.,8
senior,8
baby,8
opens,8
holds,8
knocks,8
love,8
hand.,8
yes.,8
students,8
no.,8
give,8
alone,8
doesn't,8
fork,8
continues,8
own,8
these,8
now.,8
talking,8
yes,8
beer,8
smile,8
people,8
runs,8
tight,8
space,8
in.,8
college,8
smaller,8
always,8
jane:,8
lucy,8
room.,8
sit,8
champagne,8
what's,8
away.,8
should,8
5,7
off.,7
kitchen,7
full,7
stars,7
past,7
stage,7
clicks,7
ellis,7
men,7
idea.,7
holes,7
many,7
sciama's,7
returns,7
against,7
isn't,7
too.,7
dining,7
another,7
keep,7
stairs,7
watching,7
trinity,7
kisses,7
jonathan.,7
us,7
lies,7
puts,7
sound,7
magazine,7
almost,7
we're,7
walk,7
had,7
train,7
take,7
home,7
eyes.,7
master,7
please,7
again,7
door.,7
is.,7
book,7
suddenly,7
words,7
beside,7
large,7
side,7
behind,7
between,7
ready,7
reads,7
left,6
others,6
barman,6
other.,6
were,6
floor,6
let,6
stare,6
enter,6
(in,6
computer,6
board.,6
later,6
exits.,6
star,6
hole.,6
tracheotomy,6
across,6
writing,6
voice,6
walking,6
sorry.,6
stop,6
leave,6
white,6
damtp,6
bring,6
sure,6
laughter.,6
smiling,6
choir,6
begins,6
audience,6
you've,6
sets,6
god,6
pen,6
phd,6
carter,6
ha!,6
travel,6
again.,6
(pause),6
hospital,6
trying,6
talk,6
passes,6
evening,6
moves,6
years,6
nothing,6
swiss,6
english,6
gently,6
course.,6
run,6
longer,6
i'll,6
physics,6
river,6
sip,6
dinner,6
there's,6
john,6
makes,6
once,6
desk,6
sighs,6
(smiles),6
taylor,6
car,6
3,5
empty,5
hard,5
lab,5
quite,5
lap,5
(o.s.),5
cup,5
home.,5
reply.,5
house,5
three,5
tent,5
under,5
human,5
do.,5
wagner,5
know.,5
glances,5
pours,5
forward,5
feet,5
hiding,5
stay,5
whole,5
fingers,5
word,5
moving,5
khalatnikov,5
shall,5
okay.,5
dance,5
himself,5
green,5
board,5
few,5
along,5
a),5
b),5
c),5
turning,5
d),5
four,5
gave,5
student,5
everything.,5
pull,5
bayreuth,5
wilde,5
help,5
without,5
yellow,5
blue,5
pad,5
everyone,5
gives,5
playing,5
happy,5
grows,5
history,5
hold,5
waiting,5
hears,5
equation,5
writes,5
hello.,5
holding,5
paper,5
spacetime,5
it!,5
photo,5
blackboard,5
speak,5
any,5
using,5
palace,5
jane),5
distance,5
sunday,5
phone,5
move,5
applause,5
(3),5
(late,5
deep,5
hallway,5
world,5
so.,5
table,5
stands,5
there.,5
draws,5
drawn,5
morning,5
motor,5
surprised,5
idea,5
hits,5
legs,4
&,4
1,4
same,4
theory.,4
spiral,4
tim,4
applied,4
cheek,4
room/cambridge,4
woman,4
matter,4
famous,4
tea.,4
(as,4
thing,4
won't,4
glass,4
page,4
start,4
fallen,4
montage:,4
physicists,4
water,4
finds,4
smile.,4
mind,4
mini,4
returning,4
poetry,4
uni,4
exhausted,4
letters,4
stand,4
wonderful,4
male,4
appear,4
forces,4
winces,4
neck,4
called,4
boundary,4
ring,4
slow,4
feels,4
down.,4
drops,4
race,4
window,4
quickly,4
please.,4
wrong,4
pleased,4
electric,4
approaches,4
e),4
nothing.,4
girls,4
perhaps,4
form,4
nose.,4
eventually,4
camera,4
oh.,4
blurry,4
second,4
faster,4
follows,4
brief,4
see.,4
croquet,4
phillipa,4
reading,4
lift,4
reveal,4
follow,4
bed./west,4
much,4
wine,4
face.,4
peas,4
circle,4
late,4
things,4
good.,4
yet,4
later.,4
pub,4
super-8,4
way.,4
lawn,4
excitedly,4
garden,4
rutherford,4
point,4
clear,4
mean,4
friends,4
heart,4
best,4
quantum,4
falling,4
extraordinary,4
theatre,4
actually,4
alone.,4
staring,4
wants,4
every,4
(v.o.),4
struggles,4
fans,4
wine.,4
children.,4
(laughter),4
sadly.,4
sarah,4
copies,4
real,4
silently,4
thought,4
mother,4
out.,4
footage,4
jane!,4
stephen!,4
mouth,4
card,4
bottles,4
born,4
over.,4
most,4
guests,4
timothy,4
bag,4
deal,4
pulls,4
foot-bridge,4
office,4
falls,4
back.,4
scene,4
doing,4
types,4
god.,4
aware,4
studies,4
enters.,4
/,3
8,3
roll,3
eating,3
wheels,3
tie,3
making,3
off),3
"play",3
better,3
taking,3
order,3
top,3
rowers,3
law,3
try,3
times,3
muscle,3
says,3
opening,3
that.,3
neuron,3
caius,3
speech,3
legs!,3
addenbrookes,3
manage,3
(he,3
keeps,3
drinking,3
someone,3
record,3
pass,3
dorm,3
whose,3
medieval,3
touches,3
fine.,3
london,3
seated,3
possibly,3
brown,3
colours,3
papers,3
petals,3
letter.,3
text,3
punts,3
us.,3
nurse,3
about.,3
aisle,3
background,3
nervous.,3
timetables,3
breast,3
singing,3
party.,3
speed,3
step,3
bedder,3
fireworks,3
punch,3
rushes,3
seems,3
book.,3
science,3
happening,3
ago.,3
cottage,3
female,3
private,3
significance,3
slightly,3
told,3
penthouse,3
forth,3
drives,3
done.,3
naked,3
running,3
prelude,3
shoots,3
remain,3
eye,3
such,3
jazz,3
let's,3
girl,3
something.,3
news,3
live.,3
unifying,3
greet,3
nearby,3
fan,3
napkin.,3
going.,3
dice,3
used,3
you'd,3
jonathan's,3
game,3
david,3
attention,3
_____________________________________________________________,3
departing,3
e.,3
f),3
frame,3
chair.,3
speechless,3
wide:,3
edge,3
sitting,3
haven't,3
seat,3
family.,3
discovered,3
seen,3
seem,3
disease.,3
laughing.,3
uv,3
doors.,3
exits,3
teach,3
seminar,3
lab/cambridge,3
i'd,3
dark,3
(the,3
brain,3
pyjama,3
mathematical,3
washing,3
german,3
speak.,3
arrives,3
flight,3
ahead,3
speaks,3
faces,3
pea),3
we'll,3
coffee,3
entire,3
write,3
understand,3
spears,3
we've,3
guy,3
denser,3
thesis.,3
(montage),3
lap.,3
velvet,3
thinks,3
ward,3
feelings,3
(silence),3
continue,3
ends,3
elaine.,3
grins.,3
disappear.,3
light.,3
lounge,3
absolutely,3
general,3
sounds,3
delighted,3
answers.,3
meet,3
answer,3
blank,3
question.,3
explain,3
hoop,3
"the,3
cream,3
table.,3
approaches.,3
brian!,3
friend.,3
singularity.,3
glow,3
laughter,3
blinking,3
coming,3
cover,3
particles,3
reaction:,3
buckingham,3
inside,3
father,3
during,3
dressed,3
finger,3
cannot,3
once.,3
laughs,3
hurries,3
hawkings,3
hawking.,3
fast,3
couple,3
moved,3
ex-terminate..!,3
smashing,3
number,3
universe.,3
happily,3
dance-floor,3
future,3
impressed,3
hall/rutherford,3
already,3
couples,3
predict,3
swirl,3
collapse,3
oxford,3
calculations,3
grabs,3
taken,3
came,3
arm,3
kids,3
notices,3
call,3
winding,3
leaving,3
mood,3
shot,3
arrive,3
it'll,3
care,3
other's,3
totally,3
kind,3
said.,3
enough,3
boy),3
bad,3
reflected,3
plastic,3
be.,3
welsh,3
helps,3
however,3
brilliant,3
help.,3
sick,3
cradles,3
chasing,3
works,3
thinking,3
sign,3
shuts,3
boy,3
singularity,3
plays,3
nature,3
wheel,3
earth,3
friend,3
arts.,3
thankyou.,3
silent,3
luggage,3
normal,3
streets,3
sight,3
following,3
screen.,3
growing,3
hair,3
cap,3
surgeon,2
unimpressed,2
pick,2
around.,2
backwards,2
2,2
4,2
6,2
9,2
newspaper,2
baby's,2
professor.,2
quiet,2
time!,2
b,2
mathematician,2
o,2
straight,2
motorized,2
mini.,2
don't.,2
urgent.,2
business.,2
can't.,2
gone,2
year-old,2
walked,2
wilde.,2
ventilator,2
equation.,2
love.,2
punch.,2
irrelevant,2
pile,2
loved,2
hate,2
spots,2
partycambridge,2
equerries.,2
question,2
loves,2
to--,2
minor,2
upon,2
say.,2
sneaks,2
(from,2
chatter,2
(damtp),2
beautiful,2
mountain,2
rises.,2
carer,2
fiftieth,2
fly.,2
service.,2
probably,2
mallet,2
replaced,2
(his,2
unable,2
tension,2
chess,2
reflection,2
ultimate,2
jacket,2
fun.,2
starry,2
nurse.,2
titles,2
cradled,2
short,2
immediately.,2
better.,2
shocked.,2
lot,2
propped,2
survive,2
fellow,2
barely,2
shows,2
shown,2
speeds,2
particular,2
dons,2
mathematics,2
wonderful.,2
minute.,2
colleague,2
further,2
1st.,2
path,2
shock,2
average,2
"a,2
die,2
"i,2
boundaries,2
e-tran,2
pay-,2
theatre/addenbrookes,2
final,2
rather,2
bach,2
expectation,2
stirs,2
grand,2
beach,2
convert,2
laughs.,2
holes.,2
lying,2
adversity,2
coming.,2
field,2
baseball,2
stephen:,2
crouches,2
overhears,2
bridge.,2
list.,2
mail,2
main,2
terribly,2
sadness,2
circulating,2
grain,2
cries,2
ideas,2
becomes,2
breath,2
physical,2
beginning.,2
sticks.,2
crash,2
above,2
10,2
12,2
equerry,2
dirty.,2
hasn't,2
physicists.,2
slams,2
remember,2
bar.,2
studying,2
invited,2
allow,2
number.,2
mass,2
waits.,2
drive!,2
72,2
support.,2
incredibly,2
campsite,2
relativity...,2
mark,2
lost,2
90,2
sky.,2
send!,2
hallway/stephen's,2
knowing,2
among,2
congregation,2
playful,2
g&c,2
world.,2
physics.,2
floods,2
accident.,2
empire,2
silence,2
leaps,2
contains,2
needs.,2
least,2
immediately,2
sleep,2
wouldn't,2
pushing,2
ridiculous,2
emerge,2
chases,2
gather,2
lawn.,2
delighted.,2
ride,2
packed,2
selecting,2
newspaper.,2
special,2
lawns,2
creator.,2
crosses,2
tenderly,2
pouring,2
mathematics.,2
elegant,2
shake,2
return.,2
pages,2
flick,2
click...,2
decides,2
pounding,2
forms,2
furniture.,2
angrily,2
builds,2
flat/,2
hers.,2
waves,2
maybe,2
questions.,2
supported,2
student.,2
remains,2
huge,2
whatever,2
house.,2
graduates,2
blink,2
thoughts,2
exchange.,2
rise,2
far,2
memorised,2
college.,2
probability,2
grin,2
chicken.,2
stuff,2
marked,2
opened,2
men's,2
outside,2
nonsense.,2
uses,2
am,2
foot,2
gowned,2
observe,2
rare,2
en,2
er,2
piece,2
carry,2
(10),2
spanish,2
hall/cambridge,2
practice,2
geneva,2
violently,2
doorway,2
sadly,2
cleaners,2
fowl,2
cheek.,2
places,2
repertoire.,2
interested.,2
philippa,2
shuffles,2
heat,2
1980's),2
fight,2
pretty,2
whilst,2
sits.,2
extremely,2
shifts,2
on!,2
close.,2
ancient,2
(whispers),2
bridge,2
seek,2
closer,2
loaded,2
uh,2
suppose,2
thin,2
punt,2
changes,2
swirling,2
bookshop,2
settles,2
radiation.,2
problem,2
years.,2
fabric,2
surrounded,2
nervously,2
our,2
daisy.,2
course,2
copy,2
theoretical,2
not.,2
not!,2
(shrugs),2
group.,2
recovery,2
you!,2
nose,2
bathrobe,2
aims,2
magical,2
challenge,2
snap,2
so...,2
compartment,2
reverie,2
rehearsal,2
married.,2
sure.,2
set.,2
recognizes,2
day.,2
chapter,2
potato),2
lab.,2
governs,2
standard,2
blackboard.,2
pan,2
conversation,2
enormous,2
strange,2
1920's,2
applause.,2
american,2
approach,2
england.,2
alright,2
loving,2
mum.,2
appearing,2
wait,2
queen,2
handkerchief,2
pyjamas,2
whether,2
none.,2
arms,2
working,2
countryside,2
choir.,2
burning,2
wall,2
"brief,2
drift,2
phonebox,2
diana.,2
giving,2
ears.,2
window.,2
found,2
funny,2
realise,2
exploding,2
think.,2
faces.,2
disappears,2
chalk,2
roomlittle,2
anything,2
disease,2
poetry.,2
put,2
laws,2
having,2
worship,2
rees's,2
hi.,2
she's,2
clicking,2
luggage.,2
...his,2
choice,2
tits,2
listen,2
bear,2
deeply.,2
bed.,2
alphabet,2
jump,2
subject.,2
(raises,2
stephen...,2
seat.,2
hot,2
wedding,2
beer.,2
putting,2
questions,2
offence.,2
lift.,2
vision,2
accompany,2
auditorium,2
spectacular,2
disproves,2
reaches,2
hope,2
tables,2
men.,2
answer.,2
streaming,2
gathered,2
menu,2
feet.,2
magazine.,2
difficult,2
writes.,2
(1963),2
since,2
hour,2
met.,2
pulling,2
roof-rack.,2
(pointing,2
music.,2
reaction.,2
church.,2
fact,2
leave.,2
afraid,2
iberian,2
loudly.,2
life.,2
want.,2
revealing,2
gone.,2
slept,2
loudly,2
wonder,2
sciama.,2
sciama),2
underneath,2
fall,2
causes,2
finishes,2
explains,2
welcome.,2
perfect,2
hope.,2
you'll,2
failure.,2
powder,2
public,2
(aside,2
listening,2
rush,2
round,2
groan.,2
shaving,2
swing,2
actually.,2
calling,2
red,2
add,2
einstein,2
magically,2
choose,2
sorry,2
message,2
pushed,2
muscles,2
ponders,2
aid,2
shoulder.,2
(cutting,2
if--if,2
catches,2
lotion,2
body,2
read,2
touch,2
hands.,2
louder,2
point.,2
acts,2
man's,2
thermodynamics.,2
food.,2
hymn,2
(shakes,2
at.,2
lucy.,2
ask,2
worry,2
travelling,2
parked,2
lifted,2
camp,2
difficulty,2
signals,2
grins,2
show,2
disappear,2
coughs,2
sensing,2
car!,2
resting,2
(passing,2
squealing,2
means.,2
waits,2
steps.,2
stick.,2
gonville,2
display,2
hotter,2
simple,2
kip!,2
understands,2
saw,2
also,2
spread,2
plane,2
offer,2
mouth.,2
room/trinity,2
ornate,2
angry,2
astonishing,2
drive,2
strong,2
glowing,2
pillars,2
bet,2
(4),2
equerries,2
croquet.,2
luck.,2
aren't,2
then...,2
frustrated,2
bit,2
model,2
sky,2
sentence,2
orbiting,2
begin,2
plate,2
accent),2
black.,2
break,2
change,2
tent.,2
several,2
pauses,2
high,2
split,2
(silently,2
throws,2
establish,2
sipping,2
(grins),2
parents,2
box,2
control,2
work.,2
lighted,2
accept,2
stopping,2
sun,2
...the,2
key,2
slipping,2
surprises,2
watches.,2
...is,2
worry.,2
cosmologist.,2
written,2
by.,2
night.,2
one.,2
stop!,2
slumped,2
stop.,2
weaker,2
(smiles,2
worried.,2
reach,2
selects,2
seconds,2
english),2
effortlessly,2
rock,2
seeing,2
observation,2
expect,2
site,2
emotion,2
armchair,2
screen:,2
ball.,2
patients,2
excitement,2
wipes,2
person,2
herself,2
cab,2
motion,2
doctor.,2
bites,2
,1
prepare,1
nicely,1
half,1
withdraws,1
spoke,1
blake.,1
shooting,1
mine.,1
smacks,1
spacetime...,1
equations,1
re-enters,1
bedder),1
around:,1
ten,1
energy,1
doctors!,1
meanwhile,1
),1
circular,1
punch-bowl.,1
that...,1
poems,1
size,1
applies,1
doctors.,1
7,1
is...robert,1
extracts,1
panic.,1
object,1
hang,1
role,1
infinite,1
relieved.,1
"who,1
result,1
worsened),1
characters,1
group--yellow,1
spanning,1
feeding,1
evaporate,1
time",1
c,1
-who,1
time),1
k,1
blood,1
woebegone,1
m,1
halt,1
t,1
panics,1
sunset,1
obvious,1
everyone's,1
inserts,1
november,1
match-,1
lapping,1
"work",1
slurring,1
is--lost--entirely.,1
she's--yes--,1
laugh,1
kitchen/west,1
grandchildren,1
why...,1
sand,1
aside,1
gorgeous,1
bursting,1
champagne),1
they're--different,1
drive--safely,1
okay--,1
universe--the,1
tutorial,1
uncorks,1
suitably,1
explosion,1
wildes,1
puncture,1
creeps,1
translation,1
terrifying,1
two-boat,1
look-a-,1
cocked.,1
and!,1
montage),1
got.,1
mouthing),1
camera.,1
v/o,1
short.,1
printer:,1
quietly.,1
wall.,1
attractive.,1
enlisting,1
distant,1
thump.,1
time...,1
toggle-stick,1
bespectacled,1
presses,1
marker-,1
homage,1
women,1
save,1
...until,1
carousel,1
defeat.,1
frankly,1
manuscript.,1
listens,1
career...,1
own.,1
roast,1
noisy,1
reclaim,1
rain.,1
unsentimental,1
quad,1
swamped,1
(event,1
afford--live-in,1
rose,1
order.,1
celestial,1
cox,1
gown,1
time-,1
averts,1
academic,1
raise,1
hated,1
tower,1
row.,1
groceries.,1
tilting,1
coffee.,1
including,1
lay,1
quad/,1
quad.,1
press!,1
wales,1
belatedly,1
less,1
socialist--,1
martha.,1
captivated.,1
(forcefully,1
chicken,1
(timothy,1
is--use,1
(tossing,1
technique,1
pad.,1
willing.,1
possibility,1
direction,1
stephen.),1
(early-mid,1
microscope.,1
realizing,1
cry,1
hopscotch,1
chooses,1
bleakness.,1
platform.,1
tortoises.,1
pillow,1
spokes,1
janitor,1
caught,1
concert,1
bow-tie.,1
led,1
science--they,1
leg,1
singularity...,1
destroys,1
state,1
explode!!...,1
needed.,1
press,1
hospital...,1
horizon.,1
tea!,1
speed!,1
brahms--i,1
pack,1
uh!!!,1
theorem,1
creating,1
horizon),1
horrendous,1
versa.,1
sweeping,1
wasting,1
haywire.,1
strains,1
breakthrough.,1
marches.,1
worried,1
(at,1
phenomenon--but,1
creation,1
situation,1
languages,1
refused,1
spark.,1
perplexed,1
small--electrons,1
chalky,1
worst.,1
monitor.,1
prayer,1
detained,1
choristers.,1
fashion,1
surely,1
sublimates,1
domestic,1
glare,1
lip,1
so--the,1
widen.,1
blows,1
star.,1
registers,1
potted-plants,1
would.,1
they'd,1
campus,1
doubt,1
merit,1
develop,1
nurses,1
frailty,1
dominated,1
(turns,1
mezzo,1
questioners,1
fixed,1
nursed,1
fun-,1
card.,1
damtp/cambridge,1
memory,1
doctoral,1
pal.,1
before),1
pneumonia.,1
hallway/lobby,1
lifting,1
wish.,1
toast.,1
painful,1
chews,1
congratulations--my,1
clicks.,1
shot),1
stumbled,1
god.",1
shot.,1
hall.,1
1963,1
ominously,1
(rather,1
illuminated,1
thumb.,1
routinely.,1
conducts,1
cautious.,1
privilege.,1
chair...eventually,1
chuckling.,1
crumples,1
facade,1
washes,1
climb,1
matress,1
"stop".,1
poling,1
weeps.,1
1979,1
pale,1
warmth,1
title.,1
ritual.,1
roads,1
metallic,1
tape-deck.,1
provide,1
greenyellow--that's,1
(tentatively),1
(impassively),1
smooths,1
suggestion--,1
train.,1
such--but,1
bright,1
marooned.,1
teaching,1
up...up...up...,1
gosh.,1
earlier.,1
lou,1
planets,1
tumble,1
mildly,1
merely,1
well...i,1
-where,1
best.,1
means,1
robert),1
doing.,1
initial,1
say...,1
robert.,1
other...,1
clink,1
clicker,1
terrace/lawns/riverbank,1
quick,1
many.,1
crisps),1
sake.,1
marked.,1
husband,1
blasting,1
(entraptured),1
dan,1
pencil.,1
conversation.,1
affair,1
crisps.,1
water's,1
combination,1
minutes,1
"ooh",1
stays,1
formed.,1
creates,1
proclaims,1
tilts,1
stacked,1
mortifyingly,1
jealousy,1
this:,1
this),1
reversed...,1
feet...,1
relief,1
introduction,1
unbelievable,1
carol.,1
wheeling,1
calculations.,1
concentration,1
see...a,1
wheelchair),1
stretchered,1
third,1
player.,1
wrong.",1
couldn't,1
bewildered.,1
startled,1
blankly,1
cube,1
chicago,1
accepting,1
beautiful!,1
carefully,1
milk,1
fallen.,1
mill,1
synthesized,1
eats,1
travel.,1
touched,1
much--bearing,1
awkwardly,1
foot.,1
late.,1
chaotic,1
unlike,1
thrilled,1
creamless.,1
berk...i'm,1
adjoining,1
philistine.,1
staff,1
possible,1
walking--breathing--,1
females.,1
breathless,1
rimmed,1
concerned.,1
alto.,1
touch!,1
paper.,1
sheet.,1
"l,1
subatomic,1
brings,1
upstairs),1
um.,1
bird,1
warmly.,1
y'know...,1
highway,1
eventually.,1
ï»¿The,1
test,1
dismissive,1
bangs,1
"immer,1
concern.,1
month,1
click.,1
relativity,1
paper),1
nothing--into,1
paradise,1
(starts,1
under-graduate,1
finger),1
gallantly,1
title,1
pound,1
load,1
tearfully,1
is--gradual,1
air-hostess.,1
spelling,1
peninsula.,1
expands,1
mad.,1
travels,1
(click!),1
deterioration,1
rewind,1
touched.,1
incision...,1
arms.,1
blanket,1
infinity.,1
up:,1
utter!,1
lunch,1
winding...,1
band.,1
"god,1
division,1
by-gone,1
revealed,1
lock,1
bri-,1
thomson,1
bri.,1
jeez!--uhhhh!--how,1
eccentric-looking.,1
end...,1
everyone.,1
printer,1
removing,1
physicist,1
today.,1
hoping,1
physically,1
plucks,1
loud.,1
plucky,1
upset,1
embarrassed,1
dot,1
begun.,1
known,1
sloth!,1
like.,1
jonathon,1
reconstituted,1
domestics.,1
twenty,1
knows,1
dr.,1
her...then,1
"time.",1
bang.,1
lacks,1
solution.,1
so...green,1
message.,1
marvellous,1
spectacles,1
to--the,1
bang!,1
space.,1
contemplates,1
unseen,1
(impressed),1
(squints,1
subject,1
me!,1
rockets,1
(russian,1
neck.,1
esteemed,1
"living,1
continuous,1
charades.,1
terrible,1
intensive,1
cup.,1
four-letter,1
32!,1
bearing,1
expectant,1
avidly,1
picking,1
tutorial.,1
subtltles.,1
(sympathetic,1
handsome,1
dull.,1
playing.,1
french),1
...but--ever,1
napkin,1
he!-,1
implode,1
wicked,1
progress.,1
perspex,1
rapidly,1
plane...,1
looking.,1
pregnant.,1
beginning!,1
that--what,1
properties,1
room/addenbrookes,1
commit,1
crammed,1
cure,1
danger,1
trees,1
observed,1
'situation',1
character,1
supernova,1
band,1
clickclickclick.,1
riddle.,1
1.,1
disappearing,1
principle.),1
11,1
13,1
wishy-washy,1
sleeps,1
14,1
15,1
receiver,1
16,1
17,1
18,1
19,1
outer,1
laboriously,1
distance),1
cracking,1
if--general,1
very--and,1
hallway/cockcroft,1
volumes.,1
shuffling,1
20,1
21,1
impressed.,1
22,1
23,1
24,1
components,1
25,1
26,1
27,1
28,1
last.,1
29,1
mid,1
fell,1
1st,1
daunting!,1
glance,1
c-sharp,1
30,1
31,1
32,1
33,1
34,1
controller,1
35,1
middle,1
36,1
expression,1
37,1
though,1
38,1
39,1
(immensely,1
sleep.,1
(eating,1
punch-bowl,1
autobahn,1
40,1
41,1
42,1
43,1
44,1
45,1
46,1
47,1
48,1
49,1
project,1
locks,1
ouch.,1
5),1
swapped,1
swiftly,1
roughly,1
wood,1
50,1
51,1
52,1
(concerned),1
crushes,1
53,1
54,1
55,1
surprise,1
56,1
hold.,1
57,1
58,1
59,1
solutions,1
sealed,1
beat.,1
crushed,1
movie.,1
femella,1
women.,1
expert.,1
forth.,1
carer.,1
monkeys,1
momentousness,1
gospel,1
60,1
jane...tout,1
61,1
waits...,1
62,1
eccentric,1
woken,1
63,1
64,1
65,1
66,1
67,1
68,1
potatoes,1
69,1
like--turner...,1
needed,1
recording,1
proper,1
revealed.,1
was--much,1
common,1
interest,1
themselves,1
70,1
71,1
73,1
bath,1
74,1
75,1
76,1
77,1
78,1
79,1
forkful,1
recently,1
mary,1
beats,1
bedroom,1
prints,1
cells,1
(audience,1
heaven-ward),1
sung--"immer,1
drive.,1
80,1
formula,1
branch.,1
81,1
82,1
ground.,1
83,1
84,1
forever,1
85,1
86,1
base,1
enter:,1
87,1
88,1
disconnect,1
89,1
sky:,1
galaxies.,1
boom!,1
some--,1
'pea',1
91,1
sky-,1
92,1
93,1
explosion.,1
94,1
whom.,1
age.,1
age),1
lose,1
foot-rests...jane's,1
(re:,1
face-to-face,1
vacuuming.,1
irritating,1
forty-nine...fifty.,1
commitments.,1
unanswered,1
enjoy,1
secret,1
actually--,1
yourself.,1
throwing,1
patio,1
naturally,1
believes,1
two.,1
two:,1
eat,1
wheel-chair,1
believed,1
academy,1
soprano.,1
low.,1
monroe,1
two--not,1
booms,1
flashback,1
exists,1
prepared,1
formulas,1
egging,1
float,1
ecu,1
expecting,1
discover,1
thinner,1
premise.,1
is--this,1
unacceptable--they,1
green.,1
green-,1
wheelchair-bound,1
(interested),1
cleaned,1
friend--professor,1
vacuumes,1
relief.,1
book--,1
tickets,1
deep.",1
scientific,1
congratulations,1
winter,1
platform,1
tabletop.,1
beach.,1
examiners.,1
fire-light,1
heartily,1
(suddenly,1
automatic.,1
spent,1
instead,1
"geneva".,1
students.,1
worldwide.,1
heavens.,1
exhausted.,1
dessert,1
prepares,1
my--name--is--stee--ven--hawking.,1
mason.,1
prove...with,1
year,1
allowed,1
awful,1
yeah,1
ignoring,1
via,1
knighthood.,1
inwards.,1
understanding,1
leaves.,1
near,1
because,1
blinks),1
x-1,1
fairy,1
blinks.,1
jane--jane,1
inviting,1
inspired,1
leapt,1
(types),1
exhale,1
slurred,1
"ahh",1
eloquent,1
leukaemia.,1
(without,1
smaller...,1
deaths.,1
agree.,1
learn,1
mechanics,1
(all,1
marvelous!,1
weird,1
stuns,1
scooped,1
fire-work,1
doorway.,1
volvo,1
notes,1
evidence,1
unconvinced.,1
woeful,1
glasses.,1
cakes,1
faint,1
(chuckling),1
fascinating.,1
exquisite,1
often,1
in...(continuous,1
volume,1
roomwest,1
...making,1
equipment.,1
"attractions",1
hardly,1
(and,1
damn.,1
alights,1
sleeping,1
lanes.,1
presumed--stupid,1
mistake,1
chased,1
drifting,1
supervises,1
week's,1
betray,1
progressive,1
aloft,1
happens,1
unattended,1
own...,1
wanting,1
career,1
rolled,1
piano.,1
taped,1
right.,1
pre-selected,1
narrow,1
brave,1
darkness,1
shape,1
roll.,1
crossing,1
pajamas,1
queen.,1
(sings),1
careens,1
yours.,1
singer,1
on--i've,1
(upset),1
holiday,1
spilled,1
top.,1
vacuum,1
asked,1
indicates,1
potato,1
victoria),1
share,1
nearby.,1
journey.,1
erm,1
foot-bridge.,1
(breathless,1
2nd,1
(playfully),1
throbbing,1
sharp,1
species,1
slip,1
urgently,1
mesons,1
flies,1
journeys,1
news.,1
est,1
(wounded),1
(resigned),1
etc,1
floor.,1
(exhausted,1
(exhausted),1
victorian,1
empties,1
lift...,1
didn't,1
eventually--no-one,1
properties!,1
bastards!,1
exist--you,1
driving,1
like--i,1
(raising,1
pillows,1
converging,1
martha,1
turn.,1
dreams,1
milligrams,1
joyous,1
harder,1
ahead.,1
drawer,1
rolls,1
i--i,1
wonders.,1
alert.,1
adroit,1
needle,1
approvingly,1
couch,1
same.,1
quarks,1
decided,1
centre.,1
odyssey").,1
peers.,1
opens.,1
voices,1
decide.,1
car-park.,1
edge.",1
cloth.,1
sun...,1
cloisters,1
"gonville,1
code.,1
enemy,1
cheekily),1
lives.,1
jazz.,1
wrappers,1
departs,1
triumph,1
horror,1
unzips,1
gran,1
weaning,1
name--is,1
gossip,1
describe,1
is--can,1
understood,1
wine-glass.,1
yet.,1
culminating,1
incorporate,1
no-,1
research,1
live!,1
(over,1
voice),1
imagine,1
attractive,1
examiners,1
might,1
men!/,1
deceased!,1
leads,1
nod,1
clock!,1
classes,1
kitchen/hallway/west,1
button,1
"tide",1
central,1
hurriedly,1
time...keep,1
garden/west,1
footbridge,1
expression.,1
disappointment.,1
live-,1
toys,1
breaks,1
endeavour.,1
think--i've,1
summons,1
dancing.,1
clock.,1
afraid--this,1
(smitten),1
fought,1
decide,1
lowers,1
excluded,1
racing.,1
abruptly,1
stuck,1
electron,1
raff,1
struggling,1
catch,1
promising,1
you--,1
floor...(in,1
college/,1
side",1
unsentimental.,1
side.,1
energies.,1
hospitalize,1
stroke-rate,1
prizes,1
(see,1
suit,1
chocolate,1
taxi.,1
study,1
future!,1
look!,1
sentences,1
youngest,1
cards:,1
supermarket,1
i...(smiles),1
observe==and,1
befitting,1
wistful,1
bayreuth.,1
acknowledging,1
galaxy.,1
feeds,1
affected.,1
nudge,1
what!,1
boat:,1
wet,1
dishes,1
gehrig's,1
happened,1
mouse-clicks,1
(softly),1
chicken),1
certain,1
levels,1
"spelling",1
die.,1
drink.,1
notes.,1
basil's,1
whip,1
(handing,1
king's,1
stressed,1
born.,1
tuxedos,1
presence.,1
feelings.,1
visible,1
borne,1
breath.,1
head.,1
hangs,1
lifeless,1
system.,1
moves...but,1
(looking,1
please!,1
coughing.,1
marker,1
effect,1
off-screen,1
automotive,1
unsure,1
unexpected,1
drinks,1
swings,1
cycle.,1
here.,1
overcomes,1
falling.,1
while.,1
unlike--potatoes,1
colleges,1
distressed.,1
barman's,1
shiny,1
visit,1
just--step,1
fulfillment,1
diseases.,1
click-click-click,1
fine--we're,1
b.,1
losing,1
fit,1
(mounted,1
honest,1
giant,1
digs,1
earlier...clicks,1
cosmic,1
rescues,1
grow,1
veil,1
ramp,1
al,1
attractions...,1
cycle",1
"g",1
ba,1
(reading),1
deletes,1
prove,1
speechless.,1
rapt,1
powder.,1
pages.,1
depressed.,1
sudden,1
gas!,1
shambles,1
panel,1
irrelevant--in,1
gloomyto,1
make...,1
down--shivering--uhhhrrrrr---,1
cg,1
need.,1
college".,1
learning/,1
familiar,1
co,1
happen--,1
food,1
shirts.,1
fly,1
cu,1
partner,1
red...,1
freely,1
essential,1
barman),1
blinking.,1
riverbank,1
mistake.,1
painfully,1
bohemian,1
geneva.,1
needs,1
g),1
patterns,1
trance,1
slowly.,1
astonished!,1
marble,1
knife,1
electromagnetic,1
temptation,1
screams,1
drift.,1
burst,1
side-by-side,1
christening,1
boooo.,1
"in,1
loneliness,1
oh--rain--falling--rain,1
penrose.,1
girl.,1
stir...his,1
chair),1
kate.,1
francais...with,1
intently,1
skin.,1
confirms,1
class,1
attended,1
emerges.,1
i),1
i-,1
actually--i,1
pub.,1
to--a,1
(11),1
chaos--hoping,1
tarmac,1
drifts,1
enjoyment.,1
j),1
visualizing.,1
beheld,1
wide.,1
winding!,1
soothed,1
helpless.,1
relationships,1
easily,1
come!",1
pressure-sensitive,1
(simultaneously),1
perks,1
bathroom,1
french,1
blushing.,1
k),1
ii,1
cleaner.,1
turning...,1
plates,1
issue,1
literally,1
atoms--even,1
frail,1
pass.",1
announce,1
talked,1
lively,1
contrast,1
kerb,1
place.,1
'chaos'.,1
(ecus),1
anaesthetic,1
remotely,1
l),1
jj,1
of:,1
turned,1
widen,1
subscription,1
banging,1
"my,1
ability,1
change--it's,1
m),1
belief,1
parent's,1
exploding.,1
delight,1
slackened,1
same.),1
dips,1
knew,1
oh!,1
water.,1
nobel,1
clearing,1
knee,1
turner,1
n),1
complete,1
(17),1
waiting...(stephen,1
photos,1
ma,1
fluorescence,1
orchestra,1
despond.",1
unwrap.,1
communication,1
o.,1
punning,1
mother's,1
mo,1
mr,1
forces...,1
(18),1
dirt,1
feeling,1
ohh,1
equerry),1
chosen,1
paving,1
entry,1
time-travellers,1
gaze,1
plug,1
stairs.,1
passionate,1
everything!,1
(19),1
alive...,1
dress.,1
thanks.,1
lotion.),1
ok.,1
moment--,1
somehow,1
dalek,1
church-goers.,1
allows,1
op,1
embark,1
voluntarily,1
bicycles.,1
intelligent,1
water-bottle,1
radiation,1
undergrowth,1
manuscript,1
easier,1
aside),1
stretching,1
emission,1
speaking,1
heart-breakingly,1
salvation.,1
clever,1
rocked,1
know--i,1
have.,1
inevitable,1
lagging,1
grandad!,1
lipstick.,1
laughter),1
t.,1
form.,1
dextrous.,1
starting,1
he's--he,1
minus,1
activity,1
(electronic,1
engine.,1
loud-hailer.,1
may-ball,1
aid.,1
apart,1
explode!,1
guarded.,1
cavort,1
dance-floor.,1
whirling,1
started,1
(powerfully,1
flower,1
work--but,1
birth.,1
closed,1
them--and,1
hallcambridge,1
retires.,1
fork.,1
undergraduate,1
they've,1
swift.,1
country,1
tv,1
creation.,1
separate,1
'play.',1
relativity--plus,1
endangered,1
ceremony.,1
hellyer,1
tableaux,1
reluctant,1
vanishing.,1
roger's,1
reasonably,1
births,1
upright,1
woman's,1
failure,1
lady.,1
anglican,1
frightened,1
support,1
changed,1
yells,1
divinely,1
cold,1
just-,1
gap,1
go--why,1
gay,1
radiation",1
slight,1
they're,1
wide,1
(same,1
lotion.,1
stones.,1
bottles.,1
succeed,1
hide-and-,1
smock,1
anthony,1
sidelines.,1
ya,1
(running,1
ridiculously,1
green--,1
none,1
type,1
beyond,1
hell,1
story.,1
closing,1
long.,1
scans,1
depressed,1
voluntary,1
mess.,1
deeply,1
asleep,1
exit:,1
river.,1
wife,1
push,1
(maybe,1
/cambridge,1
vase.,1
gasps,1
hallway/buckingham,1
precise,1
gloomily,1
snaps,1
roomtrinity,1
precious,1
suspect,1
thou,1
war-cry,1
already.,1
inconvenient!,1
massive,1
well-wishers.,1
prone,1
owe,1
boys--the,1
addresses,1
her),1
serious),1
grinning,1
serious.,1
balusters,1
(waves,1
"seek,1
carousel.,1
umm--,1
appears.,1
sort--the,1
sunny,1
massage,1
oars,1
hears:,1
(jaunty),1
proud,1
breakfast!,1
core,1
darkness--,1
ground,1
flange,1
send,1
turns.,1
note,1
everybody,1
purpose,1
challenges,1
line,1
dry.,1
hers,1
shyly,1
you-,1
brian...,1
station,1
feeble,1
you",1
medals,1
confronts,1
wilde--jane,1
dictator,1
edges,1
groups,1
record--i,1
tilted,1
daddy,1
win!,1
preposterous.,1
emit,1
flows.,1
chatting,1
govern,1
teeming,1
together.,1
chopin!,1
david.,1
recognized,1
hurt),1
different.,1
shoes!,1
master.,1
hawking.',1
sister,1
wins,1
he'll,1
american!,1
sighs.,1
dreamy),1
proud.,1
fashionable,1
machine.,1
day-room,1
been--really--one,1
now!,1
dawn,1
wing,1
wind,1
no--we,1
think--you,1
suit.,1
crossroads.,1
realising,1
arrived,1
ovation.,1
lights,1
device.,1
sharpen,1
committee,1
bumps,1
(reads),1
soviet,1
follows.,1
lips,1
tucks,1
toilet.,1
are.,1
days,1
discuss,1
liberal,1
kiss...,1
something...,1
correct,1
david's,1
original--,1
roaring,1
wheels.,1
rider.,1
carving,1
notices.,1
46th.,1
(20),1
hawking's,1
zero",1
dismount,1
area,1
gatsby-themed,1
robert--your,1
pat,1
sleeping.,1
now--i'd,1
invitation,1
pay,1
baby-gate,1
lyrics.,1
lack,1
upwards.,1
tails,1
wird,1
darkened,1
(slurring),1
so--what,1
face:,1
hey--it's,1
scenes,1
sex.,1
child,1
interface,1
said--thankyou.,1
ramps,1
hallway/west,1
paintings,1
it--an,1
degrees),1
perform,1
peaceful.",1
evolution,1
halfway,1
questions--each,1
neurological,1
scene:,1
cygnus,1
(23),1
service,1
scene.,1
pocket,1
tension.,1
desk.,1
focus,1
plumage...",1
pea,1
wrist,1
statue!!!,1
little-,1
thesis,1
inadvertently,1
per,1
dripping,1
pew,1
30s),1
tears...stephen,1
classroom,1
underlying,1
pyjama.,1
heaven,1
asymmetric.,1
can't...,1
unhappy,1
million,1
install,1
(two,1
cosmologist,1
(seriously),1
engaged,1
hundred,1
hubbub,1
throat.,1
engages,1
a....t.e.a.,1
both.,1
kinda,1
tempted,1
particularly,1
homemade,1
heading,1
"hawking,1
peg.,1
hand.),1
chores,1
verge,1
final--challenge.,1
(courageously),1
bunk,1
(slurred,1
imagining,1
arm.,1
(lovingly),1
tide,1
large.,1
'god',1
arrow,1
supernatural,1
pioneering,1
manner,1
pi-mesons--the,1
pin,1
rowdy,1
members,1
cold...,1
beneath,1
void,1
diagrams.,1
(em60's),1
heroic,1
tie.,1
clumsily,1
snow,1
ethic,1
have...,1
rising,1
luke.,1
replied,1
bearded,1
lessons.,1
cause,1
blinks,1
"brief",1
lips.,1
cloister,1
introduce",1
weeks:,1
busy,1
extra,1
advances.,1
came.,1
friday,1
land,1
"so.,1
but.,1
nebulae,1
walt,1
anti-clockwise,1
despite,1
followed,1
choral,1
dexterity,1
office/department,1
physicist--seen,1
obey,1
interested,1
triumphant,1
snorts,1
marry,1
decay,1
wasn't,1
ya!,1
civilisation,1
welcome,1
honour.,1
meeting,1
interchange,1
(eats,1
undergrads,1
began,1
middle-aged,1
ambitious.,1
pulses,1
a1),1
difference,1
huddled,1
crowd.,1
really--,1
happy.,1
pens,1
was.,1
ropes.,1
excuse,1
bach.,1
nods),1
nods.,1
escape,1
latest,1
receive,1
christ,1
beating,1
entirely,1
steak.,1
sound.,1
diagram,1
diana:,1
credits.,1
reads.,1
mo).,1
reads:,1
slides,1
till,1
others.,1
attend,1
others),1
1:00pm.,1
disappointed,1
unit/geneva,1
attracts,1
end.,1
indeed.,1
realize,1
removed.,1
offers,1
brush,1
despair.,1
dorm/cambridge,1
ready),1
wash,1
cheerful,1
door...(etc),1
time.",1
ready.,1
background.,1
guilty,1
exits...,1
disrupted,1
tea-tray.,1
later",1
showing),1
legs...he,1
fabulous.,1
(testily,1
steady,1
early,1
smashcut,1
quieter,1
possible!,1
century.,1
meet.,1
gravely,1
detects,1
possible.,1
"tide.",1
colour,1
...ought,1
observing,1
satisfaction.,1
pun,1
winding...back,1
tips,1
pete,1
unload,1
then/,1
gobbling,1
then.,1
meets,1
selects:,1
lesson,1
invited--the,1
safely.,1
philosophy,1
just--baffling.,1
attention.,1
with...,1
personal.,1
passenger,1
tiny,1
surprised.,1
happening!,1
'play',1
tourist,1
ways,1
time's,1
brahms!,1
fast...,1
(robert,1
"kip,1
suffers,1
touching,1
professor--was,1
unfortunately,1
permanent,1
char,1
palace.,1
careful.,1
begrudgingly,1
lays,1
baby),1
wishes.,1
ideas.,1
you've--you've,1
major,1
stunned),1
answering,1
consider,1
again!,1
bruised,1
resist,1
straighten,1
flooding,1
wrist.,1
muddled,1
postion,1
'clicker',1
this....and,1
it..."a,1
applying,1
ceiling,1
process,1
clock...,1
craved,1
crowded,1
clean,1
...you,1
reverse...stars,1
marking,1
circle.,1
glad,1
meat,1
poising,1
"time,1
damptp.,1
mirror.,1
mostly,1
garden.,1
blood!,1
jumps,1
understand.,1
come.,1
advance,1
tell.,1
trip,1
laugh.,1
pent-house.,1
arms...but,1
soft,1
kitchen.,1
active,1
call.,1
route,1
organ,1
mirror,1
sceptical,1
mum--i,1
say--,1
bottle,1
dear.,1
tears.,1
(pause,1
hearing,1
room/little,1
predictably,1
chin,1
flanked,1
emotional,1
overcoming,1
dragged,1
hibernation,1
tells,1
series,1
remarkable.,1
burdened!,1
college/may,1
promise,1
robotic,1
mein,1
tale,1
everything..,1
penrose's,1
impregnable,1
vanish,1
anaesthetic!,1
it...,1
a-nother,1
(rapidly),1
"2001:,1
planet,1
fasciculation,1
sciences.,1
now--,1
blame,1
alphabet.,1
clicker-plate...,1
carrying,1
toggle.,1
atoms,1
taylor),1
averaged,1
passed,1
tap.,1
outward,1
taylor.,1
sold,1
darling,1
son.,1
monitor,1
lifts,1
nudges,1
reappears,1
family!!!,1
potted,1
although,1
2013,1
ask.,1
contracting,1
shaking.,1
history"),1
taps,1
answers,1
dropped,1
sooo,1
"click,1
great!,1
soon,1
technician),1
america,1
glued,1
jonathan's.,1
hook,1
sheets.,1
(seeing,1
bouffant,1
stuff--matthew,1
mark.,1
avail.,1
(wistful,1
heavy,1
tray.,1
accompanied,1
afford,1
reached,1
impression,1
'night.,1
happen--if--i,1
downward...as,1
sings,1
holes--not,1
floppy,1
phenomenon,1
smirk,1
eight,1
induction,1
file,1
periods,1
steve,1
brian.,1
denial.,1
bent,1
subdue,1
translation.,1
heats,1
o'clock,1
atom.,1
annoying.,1
able,1
roast.,1
return,1
quacks--ten,1
"yesyesyes!",1
integer,1
envious,1
phone.,1
cough,1
fine,1
backward,1
selected,1
accepts,1
write.,1
(knocks),1
film,1
fill,1
but...,1
hung-over,1
trash,1
1970's),1
under-,1
forget,1
convenient,1
leaning,1
your...,1
position,1
present,1
eye-line,1
problems,1
surveys,1
wryly,1
appears,1
harder.,1
i--to,1
troubled,1
heard,1
microwave,1
address.,1
hear:,1
try.,1
break-up.,1
hoop.,1
shocked,1
how.,1
recently.,1
itself--vanish.,1
attraction,1
heart-breaking,1
helplessly,1
suburb,1
dead.,1
stairs/tutorial,1
music),1
hair...his,1
motor.,1
exactly.,1
(slurring,1
fireplace.,1
emotions.,1
insight...,1
yes...,1
fire,1
schedule.,1
extraordinary.,1
woltosz,1
plan--in,1
gravely...,1
taxi,1
determinedly.,1
haircut,1
"clinkclinkclink".,1
dissimilar,1
click...",1
stage.,1
is--is--is,1
religious,1
"integer,1
knocked,1
celebrational,1
pieces,1
fade,1
wonderfully,1
companion--of,1
usual.,1
stops...,1
ought,1
atheists.,1
disappear--and,1
bemused.,1
trousers,1
concerned--about,1
way--,1
trips,1
operation,1
god...,1
builder's,1
thorne),1
life-,1
1980's,1
awkward,1
fast.,1
crews,1
five,1
lady's,1
horror.,1
software.,1
bursts,1
spine.,1
laboratory,1
brancaster,1
thorne.,1
gone!,1
rewards,1
saintly,1
rough,1
jumped,1
quo,1
x-rays,1
thinking),1
cream...,1
expired,1
along.,1
gets...,1
indeed,1
burst.,1
restocked.,1
vicar,1
dance.,1
see...well,1
...that's,1
"two,1
(smiling),1
is...well,1
clasping,1
fair,1
ever.,1
dresses,1
words--the,1
zip,1
reduced,1
herself.,1
fail,1
itself,1
which...,1
(jane,1
anyone,1
pride,1
taken.,1
morph,1
expected.,1
hillside,1
steep,1
boiled,1
cushions,1
stops),1
dismay),1
collective,1
drawer.,1
muted,1
...that--that,1
lumbar,1
atmosphere.,1
u-turn.,1
spat,1
caused,1
that--if,1
nice,1
keep--i,1
liquid,1
first.,1
vivacious,1
(after,1
bizarre,1
moved),1
struggled,1
on--,1
happiness.,1
door),1
arrange,1
chest.,1
club.,1
in!,1
(l70-m80's),1
spits,1
demonstrates,1
bench,1
game.,1
bottom,1
cuffs,1
racy!,1
sister.,1
jocks,1
covered,1
and...william,1
holier,1
spinning,1
doctorate,1
points),1
physics--is,1
steak,1
three...,1
seemingly,1
trace,1
marilyn,1
knocks.,1
beers,1
steam,1
determination.,1
x-ray,1
jones.,1
(addressed,1
chess.,1
snowing...,1
accidents...,1
theatre.,1
gingerly,1
bicycle,1
brilliant.,1
week.,1
shakes,1
shaken,1
building,1
prof.s.hawking").,1
setting,1
graduate,1
guffaws,1
new-born,1
invented,1
ran,1
grief,1
cheers!,1
department.,1
airport,1
moving...,1
exam,1
grazed,1
is!,1
supered,1
scalpel...about,1
jerks,1
himself.,1
being--but,1
himself),1
charged,1
pony,1
flight.,1
met--the,1
chapters,1
throat,1
hawking),1
move.,1
ambient,1
best-seller,1
illness--all,1
mopping,1
rolling,1
retire,1
stphen,1
polishing,1
"welcome--to,1
aspect,1
we'd,1
it),1
well--just,1
pulled,1
absent).,1
perfect.,1
1920's.,1
handbag,1
easy--you,1
spin,1
grocery,1
altar.,1
nine,1
senses,1
(encouraged),1
following.,1
pushes,1
epiphany,1
(surprised),1
recklessly,1
act,1
talking.,1
one--full,1
educational,1
pose,1
(awkwardly),1
distorted,1
girlfriends,1
(this,1
...why...,1
(timothy),1
exchange,1
hair...adjust,1
joining,1
nightie,1
recuperating,1
tracks.,1
nervously.,1
also.,1
reference.,1
behave,1
happiness,1
strikes,1
expectancy,1
ah!,1
pews.,1
embrace,1
voice-synthesizer,1
improvement,1
clipped,1
graphic/universe,1
'click'.,1
(laughing),1
soprano,1
equipment...,1
person.,1
pov:,1
palsied,1
bar-staff,1
chaff--,1
following:,1
working.,1
slightly),1
loosening,1
uni.,1
uni-,1
knighthood,1
(robert),1
room/dorm,1
sunset.,1
gestures,1
weaker...,1
decline,1
heat--right,1
plates.,1
powerless.,1
whistle,1
(amused),1
script,1
months.,1
exit,1
erected,1
system,1
spot,1
galactic,1
partial,1
sleeves,1
knows.,1
milk.,1
slough,1
hard.,1
cope.,1
air,1
interrogation.,1
courage,1
liar!,1
defeat,1
stir...slowly,1
'course,1
go...,1
"play.",1
terrace,1
year!,1
tender,1
smaller.,1
drained,1
aboard-,1
filled,1
hair.,1
elsewhere.,1
plays.,1
smashes,1
powerful,1
stowed.,1
'bye,1
removed,1
couple.,1
bubbly,1
couple!,1
universe's,1
movement,1
family's,1
c/-,1
leiser.",1
movers,1
smashed,1
father.,1
air-rescue,1
wheelchair's,1
red.,1
respond.,1
points,1
(suspiciously),1
coxswain's,1
informing,1
wrong.,1
clock,1
reverse.,1
woman.,1
finals,1
...and,1
slips,1
alan,1
motoring,1
badly,1
jumping,1
"bedder",1
janitor),1
straightens...his,1
today,1
poured.,1
saying,1
row,1
twenties,1
looked,1
galaxies...,1
helpful.,1
perched,1
universe",1
minute,1
undergraduates,1
blaring,1
expanding,1
reason,1
spying,1
a-ward.,1
erect,1
altar,1
ladies.,1
dawning.,1
stuffs,1
males,1
yawns.,1
moored,1
apparently.,1
telescope,1
passes...,1
do-gooder,1
finished--can,1
colleague.,1
worth,1
confusion.,1
pen...,1
catherine,1
stirred,1
broken,1
vice,1
choice.,1
elderflower,1
swallowing.,1
noticed,1
complete!,1
gravitational,1
trapping,1
can),1
back--if,1
party/celebratory,1
all.,1
countryside.,1
dusk,1
(umbrellas,1
bomb,1
view,1
friday.,1
yourself,1
grinning.,1
walking.,1
those,1
dollop,1
out!,1
protege,1
serious--they'll,1
inexplicable.,1
telephone,1
cap...miraculously,1
cap.,1
lovely.,1
everywhere,1
name,1
well--i,1
mccarten,1
worst,1
boyish,1
strange.,1
crunch,1
forward.,1
approaching,1
intimacy.,1
cracked,1
vanishes,1
kicking,1
post-natal,1
stair-climb.),1
defend,1
spirit.,1
dark.,1
street,1
anyway.,1
boot,1
outrageous,1
elizabeth,1
hosp.,1
awe,1
nervous,1
assuming,1
(exiting),1
'the,1
blazing,1
froth,1
thermodynamics,1
carter.,1
experimental,1
rent,1
wide-eyed,1
ruffled,1
slice,1
expectant),1
'down,1
case,1
captivated,1
stair-well,1
mantelpiece.,1
arm-rest,1
above.,1
ice.,1
sticks,1
collapsing,1
pinball,1
grin),1
precariously,1
ponders.,1
office.,1
(stops,1
exercise,1
photos.,1
powerfully,1
flapper-dresses.,1
homosexual,1
warping,1
consolation,1
schrodinger,1
disorder,1
painters,1
stick;,1
outside.,1
momentarily,1
hunters,1
made",1
shut,1
nine.,1
tyranny,1
clapping.,1
ward/,1
autograph,1
alleviate,1
choking,1
brian!!!...,1
nave,1
children--go,1
corridor.,1
on--and,1
england,1
fairy-tale,1
...a,1
resuscitation.,1
(for,1
suicidal,1
over:,1
daily,1
(unceremoniously),1
get!,1
job,1
daughter,1
office/damtp,1
speech.,1
insert,1
this...he,1
bowl,1
speech),1
time-tables,1
ridiculous!,1
joy,1
billion,1
sad,1
proof-reads,1
sheet,1
incredulous.,1
this--is--temporary.,1
original,1
...einstein's,1
tents.,1
sat,1
rear-view,1
freeze-frame,1
afternoon,1
wait!,1
me...,1
her...,1
horrified.,1
switches,1
drags,1
kiss,1
ban,1
mouth),1
bar,1
absolutely.,1
about--what,1
fluid,1
beach...,1
sweetly.,1
audience.,1
alan.,1
job.,1
red-carpeted,1
schlummer"...,1
eye-,1
plans,1
plant,1
reckon--,1
papers),1
greatly,1
corridor/department,1
gasps.,1
participating.,1
escape...,1
affect,1
facing,1
dead,1
proven,1
chorister),1
proves,1
sea,1
offered,1
civil,1
(spying,1
wheat,1
cleans,1
dear,1
(tearful),1
frank.,1
patient.,1
red-coated,1
ultraviolet,1
smiles),1
jug,1
unfolds.,1
performs,1
fresco.,1
sooths,1
miracle.,1
transferred,1
rephrase,1
resumes,1
sign.,1
surgical,1
searches,1
montage,1
is--i,1
word.,1
viva,1
lunch.,1
lucky.,1
a-merica.,1
unstable,1
choristers,1
word:,1
luck!,1
dishevelled,1
sparkling.,1
(5),1
20s),1
shy,1
subscription.,1
trembling,1
mirror-backed,1
scientists!,1
peels,1
saying:,1
girlfriends.,1
room),1
indignantly,1
instructs,1
cobbled,1
sin,1
sir,1
views,1
understood),1
(getting,1
sadness.,1
cavendish,1
false,1
football,1
particles--,1
breed,1
frowns,1
goodness.,1
sand.",1
rubbing,1
amazement,1
corridor,1
crowd,1
advanced,1
peers,1
auditorium.,1
thanks,1
corner,1
advances,1
frozen.,1
join,1
gardenbuckingham,1
click-click-clicks,1
in't,1
bikes,1
play.,1
vain,1
waiting.,1
play!,1
bastard!,1
room/surgical,1
staunched.,1
devastated.,1
1970's,1
slo,1
(finally),1
foetal,1
defy,1
density.,1
straightens,1
tumble-down,1
finishing,1
undergraduates.,1
(sensitively),1
black!,1
embarked,1
optic,1
seams.,1
missed,1
clerk.,1
drips,1
bathroom.,1
discovers,1
by-passing,1
hide,1
spud),1
(happily),1
married,1
...stephen,1
knees,1
brian--have,1
supportively,1
sod,1
expresses,1
proceeds,1
son,1
ill.,1
situation.,1
different,1
if--if--so--if--einstein,1
awaits,1
hedge.,1
officially,1
exasperation!,1
descends,1
level,1
question...,1
focused,1
evermore,1
singing.,1
bop,1
tastes,1
there'.,1
purposeful,1
bow,1
group--black,1
glass.,1
glass/,1
stars--and,1
distracted.,1
loses,1
on...robert,1
(it's,1
forlorn.,1
pillows.,1
declines,1
clockwise,1
there!,1
bolts,1
enthralled,1
male.,1
st.,1
lesson.,1
lobby,1
declined,1
concerts.,1
(nobly),1
(moved,1
backs,1
closest,1
stool,1
is--just,1
episode,1
back-up,1
ponder,1
bathtub,1
sideboard,1
raises,1
horrible,1
(understanding,1
intercut,1
conference.,1
(latin),1
tuning.,1
crunch!,1
closely,1
him),1
123,1
doctors,1
conditions,1
home-made,1
1960's),1
current,1
break-down,1
leiser,1
70's-m80's),1
stoney,1
stopped,1
manages,1
loads,1
chronology...,1
maker,1
beloved,1
cricket,1
regard.,1
shirt-fronts,1
stones,1
hallelujah,1
(o.s),1
twenties!,1
story,1
laughing,1
moves...his,1
(with,1
first...,1
arranged.,1
dennis,1
necessary),1
...in,1
zero,1
stunned,1
reacts,1
cheered,1
wishes,1
surprise!,1
passion,1
generate,1
fills,1
one:,1
demeanor,1
sequestered,1
tape-machine.,1
degree,1
so--see,1
history",1
especially,1
carpet,1
illegible,1
sing,1
mouths...,1
stone.,1
'viva',1
cambridge.,1
riluzole,1
it--venereal,1
react.,1
throng,1
shelves,1
...allowing,1
clapping,1
queen's,1
(un-spears,1
prestigious,1
lovely,1
conclusion...,1
cosmologists,1
saddened,1
stone,1
flute,1
stony,1
condition.,1
mouths),1
react,1
this--this,1
"nature",1
positively,1
english.,1
kissing,1
very.,1
days.,1
closely...,1
children...she,1
mornings.,1
natural,1
sit.,1
downwards),1
stroke),1
joys,1
fame.,1
had.,1
stately,1
tuft,1
cockcroft,1
rules.,1
happily.,1
laborious,1
racing,1
awestruck.,1
distant...,1
disappointed.,1
(grandly),1
(ponders),1
middle-aged.,1
lovingly,1
up...,1
second.,1
leap,1
place,1
e-laine,1
nono!,1
stockist.,1
(annoyance,1
carefree,1
bigger,1
heavy.,1
scowling,1
away!,1
drape,1
queue,1
argument,1
thingy.,1
begun,1
etc.),1
balustrade.,1
sags,1
um--i,1
just...(go),1
well.,1
religion--for,1
tap,1
well-,1
individual,1
godless,1
chances,1
surrounded.,1
eye-contact,1
unusual--but,1
painstaking,1
week,1
balls,1
feathers.,1
cam,1
hoist,1
dusting,1
leg.,1
floating,1
else.,1
einstein.,1
um--i'm,1
player,1
jane--needs--help.,1
unconscious,1
closed.,1
limited,1
match,1
finery.,1
distracted,1
doctor-,1
played,1
feverishly,1
dangerous.,1
eases,1
'typing',1
