vicki,348
bruce,273
joker,254
up,228
out,195
knox,176
batman,175
int,128
moment,122
jack,118
down,111
one,108
night,104
cont,101
face,97
back,88
through,85
over,84
ext,81
now,80
gotham,78
street,74
hand,67
don't,62
i'm,61
know,60
behind,60
two,56
see,56
black,53
wayne,53
looks,52
grissom,51
dick,51
cut,49
reaches,48
van,47
city,47
room,43
day,43
later,43
eckhardt,43
here,42
floor,41
past,41
look,39
right,38
gordon,38
around,38
angle,38
side,37
head,36
eyes,36
big,36
alfred,36
batmobile,36
go,35
alicia,35
goon,34
wall,34
bat,34
away,33
open,33
cops,33
gun,33
can't,33
nick,33
ace,33
roof,32
toward,32
turns,32
you're,32
before,31
chemical,31
dent,31
car,31
camera,30
time,30
hood,30
stands,30
glass,29
man,29
sees,29
begins,29
want,29
takes,29
goes,29
door,28
still,28
hands,28
something,28
suddenly,28
voice,27
way,27
come,27
little,27
goons,26
long,25
himself,25
belt,25
dead,25
boy,25
half,24
feet,24
steps,24
fire,24
overhead,24
smiles,23
screen,23
more,23
move,23
pulls,23
another,22
drops,22
take,22
air,22
arm,22
place,22
cop,21
think,21
three,21
tell,21
oh,21
chair,21
crowd,21
well,20
apartment,20
finds,20
opens,20
mask,20
looking,20
batwing,20
i've,20
vale,20
desk,20
shots,19
full,19
doesn't,19
beat,19
tank,19
staring,19
catwalk,19
cars,19
good,18
make,18
even,18
police,17
moving,17
end,17
outside,17
avenue,17
evening,17
red,17
eddie,17
hits,17
going,16
commissioner,16
very,16
four,16
second,16
smiling,16
much,16
god,16
last,16
harvey,16
smile,16
first,16
globe,16
table,16
seconds,16
doctor,15
won't,15
manor,15
miss,15
above,15
against,15
old,15
gas,15
machine,15
coming,15
doors,15
steel,15
grabs,15
i'll,15
corner,15
sky,15
stops,15
sits,15
hair,15
roll,14
onto,14
lets,14
quick,14
finally,14
work,14
alley,14
huge,14
along,14
co,14
ii,14
metal,14
photos,14
i'd,14
we'll,14
yes,14
small,14
comes,14
belltower,14
guns,14
thugs,14
body,14
shot,14
mouth,14
kill,14
figure,14
left,13
blood,13
taking,13
pause,13
under,13
men,13
money,13
new,13
eye,13
foot,13
frame,13
smoke,13
tiny,13
show,13
phone,13
clown,13
wearing,13
directly,13
makes,13
straight,12
empty,12
computer,12
dad,12
park,12
enters,12
white,12
green,12
window,12
panic,12
stares,12
edge,12
they're,12
copter,12
line,12
without,12
sets,12
guy,12
put,12
mirror,12
inside,12
building,12
points,12
view,12
gets,12
world,12
break,12
napier,12
laughing,12
once,12
doing,12
streets,12
rope,11
block,11
team,11
sidewalk,11
bedroom,11
breaks,11
far,11
grin,11
screams,11
doorway,11
closer,11
makeup,11
drop,11
stories,11
ahead,11
slowly,11
huh,11
find,11
iii,11
death,11
broad,11
jimmy,11
deck,11
six,11
high,11
ready,11
hall,10
turn,10
woman,10
top,10
quite,10
watch,10
chest,10
thomas,10
grayson,10
holds,10
love,10
seems,10
utility,10
below,10
shoulder,10
flash,10
maybe,10
nearby,10
keep,10
ramp,10
iv,10
hear,10
pull,10
tv,10
life,10
dave,10
lights,10
lady,10
beneath,10
we're,10
arms,10
video,10
onlookers,10
happy,10
okay,10
hit,10
again,10
tight,10
sorry,10
gestures,10
cathedral,10
display,10
enough,10
front,10
sign,10
office,10
'em,10
alleyway,10
reads,10
pilot,9
thing,9
lot,9
trucks,9
wildly,9
path,9
mind,9
knows,9
pavement,9
mom,9
elevator,9
alexander,9
yeah,9
mayor,9
guess,9
anchorwoman,9
running,9
helicopter,9
flame,9
great,9
hunt,9
bathroom,9
seat,9
hell,9
sound,9
yellow,9
enormous,9
standing,9
hat,9
miranda,9
clean,9
mean,9
hot,9
talk,9
people,9
moves,9
speak,9
rear,9
real,9
until,9
screaming,9
kind,9
boys,9
bag,9
begin,9
plaza,9
key,9
road,9
between,9
climbs,9
same,8
thank,8
better,8
each,8
starts,8
short,8
signal,8
stand,8
slams,8
flying,8
speed,8
batcave,8
driver,8
tony,8
horror,8
button,8
hoods,8
suit,8
hangs,8
swings,8
familiar,8
ford,8
mr,8
seen,8
they've,8
frightened,8
wide,8
faces,8
million,8
point,8
ceiling,8
trying,8
series,8
together,8
radio,8
heard,8
leaves,8
nice,8
runs,8
nothing,8
catches,8
ladder,8
slumps,8
run,8
everywhere,8
cape,8
set,8
deep,8
beside,8
box,8
friend,8
draws,8
ten,7
picture,7
parking,7
studio,7
climb,7
corto,7
low,7
water,7
part,7
someone,7
patsy,7
pass,7
shock,7
spotlight,7
receiver,7
though,7
float,7
allie,7
stop,7
rich,7
penthouse,7
butler,7
waves,7
rips,7
girl,7
next,7
race,7
give,7
happened,7
you'd,7
turning,7
sudden,7
maltese,7
never,7
gate,7
sitting,7
freeze,7
nods,7
subway,7
shriek,7
abandoned,7
wife,7
dark,7
date,7
rotelli,7
wind,7
lips,7
strange,7
pocket,7
heaves,7
we've,7
midair,7
rooftop,7
pov,7
hey,7
light,7
gimme,7
hold,7
fluegelheim,7
hole,7
fires,7
products,7
film,7
hears,7
wanders,7
free,7
five,7
dressed,7
perfect,7
you'll,7
laughs,7
throat,7
couple,7
already,7
strolls,7
rings,7
broken,7
gunman,7
name,7
distance,7
truck,7
crouch,7
waist,7
card,7
cockpit,7
shut,7
wrapped,7
job,7
chrome,7
parade,7
everything,7
level,7
wheel,7
control,7
backs,7
ledge,7
cartoon,7
bug,7
stunned,7
kid,7
stone,7
balloons,7
unconscious,7
balloon,7
pick,6
intersection,6
crazy,6
razor,6
save,6
walls,6
walks,6
helicopters,6
leg,6
beautiful,6
opposite,6
kitchen,6
page,6
cards,6
center,6
flames,6
east,6
pedestrians,6
business,6
human,6
showing,6
made,6
statue,6
forward,6
main,6
singing,6
booth,6
stay,6
bats,6
fireworks,6
music,6
silence,6
leave,6
need,6
rises,6
bullet,6
tries,6
darkness,6
television,6
didn't,6
martha,6
models,6
flings,6
blind,6
news,6
philly,6
heads,6
donna,6
few,6
handful,6
burst,6
tears,6
watching,6
turned,6
gaze,6
somehow,6
device,6
seem,6
explodes,6
punk,6
gasps,6
claire,6
harbor,6
factory,6
wink,6
you've,6
speaks,6
understand,6
gonna,6
terror,6
escape,6
late,6
cautiously,6
checks,6
capsule,6
anything,6
shadow,6
casually,6
trapdoor,6
blocking,6
reply,6
waiting,6
passes,6
lifts,6
killed,6
action,6
file,6
upward,6
best,6
appears,6
scream,6
please,6
squad,6
itself,6
mysterious,6
wings,6
covered,6
paper,6
number,6
minute,6
telephoto,6
shit,6
bomb,6
those,6
watches,6
grins,6
approaching,6
canvas,6
boss,6
ducks,6
momentarily,6
saw,6
drive,6
deal,6
river,6
windshield,6
bed,6
party,6
getting,6
sir,6
drink,6
dissolve,6
restaurant,6
falls,6
throws,6
morning,6
teeth,6
collar,6
knocking,6
herself,6
really,6
shooting,5
tea,5
hang,5
laugh,5
gone,5
blocks,5
women,5
supermodels,5
question,5
ain't,5
caught,5
cargo,5
picks,5
reporter,5
house,5
bright,5
glasses,5
hanging,5
keeps,5
island,5
done,5
third,5
startled,5
punks,5
stage,5
brings,5
sirens,5
puzzled,5
freezes,5
relax,5
thick,5
lock,5
uniformed,5
bearing,5
waving,5
middle,5
forces,5
whole,5
fingers,5
throwing,5
alongside,5
neck,5
buildings,5
private,5
gravel,5
races,5
rolls,5
wanted,5
shatters,5
museum,5
war,5
quickly,5
fat,5
used,5
hurt,5
ignition,5
stairs,5
warning,5
snapping,5
covers,5
form,5
whips,5
library,5
pretty,5
lands,5
brand,5
single,5
surrounded,5
copy,5
power,5
puts,5
massive,5
reveal,5
grinning,5
curious,5
ground,5
he'll,5
tosses,5
cowl,5
young,5
live,5
wait,5
swat,5
everyone,5
working,5
automatic,5
circle,5
miniature,5
things,5
sinks,5
windows,5
terrified,5
strides,5
listen,5
square,5
clear,5
swivel,5
lurches,5
march,5
answer,5
carrying,5
patrolman,5
shields,5
iron,5
heavy,5
disbelief,5
within,5
trigger,5
fine,5
friends,5
leaning,5
laughter,5
pulling,5
bullets,5
afraid,5
bursts,5
brakes,5
bends,5
track,5
concealed,5
rush,5
shakes,5
shaking,5
photo,5
fast,5
crap,5
removes,5
mister,5
silently,5
thought,5
caped,5
taken,5
art,5
call,5
kick,5
gloved,5
stairway,5
jim,5
carl,5
totally,5
package,5
both,5
kiss,5
bay,5
eyed,5
'cause,5
trembling,5
living,5
hallway,5
large,5
plate,5
thinking,5
different,5
birthday,5
scene,5
access,5
fills,5
sight,5
utterly,5
safe,5
response,5
legs,4
spreading,4
cliff,4
making,4
hard,4
explosion,4
pile,4
flashing,4
distant,4
spots,4
noise,4
roars,4
towel,4
traffic,4
archway,4
piercing,4
timer,4
direction,4
lieutenant,4
collapses,4
district,4
blinding,4
pain,4
dome,4
propped,4
wallet,4
minutes,4
colleague,4
ears,4
demands,4
gaping,4
mime,4
mine,4
possible,4
stocking,4
mimes,4
brown,4
armor,4
jesus,4
glances,4
darts,4
opera,4
waste,4
ricorso,4
trees,4
crash,4
bank,4
drawing,4
glance,4
gazes,4
cuts,4
topples,4
many,4
cleanly,4
knocks,4
stalled,4
twin,4
landing,4
peanuts,4
lost,4
word,4
sends,4
escort,4
makeshift,4
batarang,4
leading,4
awful,4
cruises,4
leaps,4
derelict,4
guest,4
gazing,4
poised,4
lined,4
forty,4
sweat,4
happens,4
called,4
told,4
firing,4
shake,4
aerial,4
entrance,4
took,4
medic,4
frantically,4
ring,4
establishing,4
such,4
tinny,4
swinging,4
nearly,4
delivery,4
fbi,4
determined,4
study,4
grip,4
wrong,4
shirt,4
market,4
sugar,4
alone,4
attention,4
giant,4
refinery,4
deranged,4
keeping,4
mounted,4
fly,4
image,4
marble,4
celebration,4
squeal,4
claps,4
drifts,4
drag,4
wooden,4
lt,4
feeling,4
coat,4
grabbing,4
haven't,4
frustration,4
skyscraper,4
portable,4
belly,4
tanks,4
lies,4
ambles,4
course,4
streaks,4
drug,4
concrete,4
nose,4
snap,4
audience,4
talking,4
deadly,4
wish,4
pan,4
coffee,4
flashes,4
shadowy,4
curiously,4
tonight,4
earlier,4
pit,4
army,4
governor,4
burning,4
snorts,4
wasn't,4
thinks,4
meeting,4
charm,4
tilt,4
headlights,4
dangling,4
passenger,4
deserted,4
banner,4
crimelord,4
skyline,4
flanked,4
cronies,4
calls,4
rubber,4
tall,4
beginning,4
holy,4
monitor,4
tracks,4
home,4
spectacular,4
soon,4
loading,4
forget,4
falling,4
mere,4
cover,4
spray,4
revealing,4
campaign,4
wonder,4
underneath,4
doorman,4
pictures,4
fall,4
rubble,4
holding,4
round,4
pool,4
jerks,4
dollar,4
nine,4
yanks,4
guys,4
shoulders,4
slack,4
jerry,4
handle,4
spot,4
clock,4
row,4
gently,4
vaults,4
armed,4
ask,4
dusk,4
jet,4
dust,4
leaving,4
bone,4
nervous,4
moon,4
slide,4
flesh,4
care,4
cloud,4
afternoon,4
favor,4
plane,4
applause,4
words,4
beauty,4
brilliant,4
eyebrow,4
obviously,4
fresh,4
tunnel,4
advances,4
closeup,4
reporters,4
pursuit,4
hoists,4
emerges,4
several,4
snatches,4
pauses,4
total,4
lobby,4
upper,4
pleasure,4
horse,4
catwalks,4
manages,4
asphalt,4
vast,4
buy,4
instantly,4
lovely,4
inches,4
twisted,4
lead,4
dozen,4
motion,4
sake,3
click,3
walkie,3
telling,3
characters,3
plush,3
address,3
helium,3
obvious,3
fifth,3
information,3
how'd,3
tie,3
tip,3
check,3
bursting,3
realizes,3
porcelain,3
compressor,3
matter,3
safecracker,3
lab,3
biggest,3
try,3
300th,3
opening,3
state,3
cares,3
pace,3
thirty,3
dollars,3
erupts,3
calmly,3
filling,3
purple,3
lie,3
shoot,3
twists,3
shrieks,3
wreckage,3
pair,3
downward,3
trains,3
enter,3
1987,3
cackle,3
tumble,3
husband,3
shows,3
couldn't,3
record,3
cityscape,3
billowing,3
staff,3
#2,3
#3,3
inch,3
waiter,3
club,3
parcel,3
hideous,3
title,3
searchlights,3
baby,3
field,3
contents,3
crouches,3
mad,3
crime,3
map,3
twenty,3
use,3
feel,3
terrible,3
equipment,3
dry,3
labelled,3
breath,3
smoking,3
sweeps,3
danger,3
myself,3
frozen,3
26,3
believe,3
examines,3
remember,3
32,3
crayon,3
expression,3
38,3
roughly,3
bears,3
dense,3
lord,3
themselves,3
base,3
forehead,3
foundation,3
secret,3
ear,3
halliday,3
altogether,3
clouds,3
year,3
ragged,3
sleep,3
sleek,3
computers,3
sweep,3
wouldn't,3
gilroy,3
anniversary,3
lethal,3
cocks,3
stretch,3
gates,3
plummets,3
scissors,3
jokey,3
shaft,3
slightly,3
newly,3
would've,3
sharp,3
flies,3
estate,3
torn,3
whispers,3
atrium,3
neon,3
adjacent,3
shoots,3
slow,3
insane,3
hooks,3
gymnast,3
trademark,3
rise,3
lives,3
grim,3
visible,3
drinks,3
inert,3
approaches,3
various,3
gala,3
losing,3
gents,3
deaths,3
sure,3
charge,3
boardroom,3
corpses,3
fearsome,3
counter,3
hi,3
dispatcher,3
somebody,3
cheeks,3
toxic,3
dream,3
retrieve,3
dunno,3
keys,3
brick,3
dive,3
rocket,3
engines,3
shifts,3
ancient,3
attorney,3
garage,3
closed,3
usual,3
silhouette,3
cold,3
pure,3
honey,3
screw,3
leather,3
exact,3
continues,3
avoiding,3
cord,3
moonlight,3
security,3
goddammit,3
framed,3
thug,3
headline,3
bumps,3
suite,3
graysons,3
conversation,3
shipment,3
pay,3
darkened,3
hurls,3
magazine,3
groping,3
instant,3
kinda,3
suits,3
stock,3
jammed,3
blinks,3
combat,3
agitated,3
hysterical,3
burn,3
aircraft,3
zooms,3
liberty,3
drift,3
chase,3
colors,3
found,3
christ,3
pre,3
weight,3
playing,3
wave,3
mirrored,3
intrudes,3
tray,3
having,3
reverse,3
tree,3
twice,3
sounds,3
jumps,3
safely,3
sofa,3
vanity,3
blast,3
meet,3
horseback,3
bloody,3
winged,3
although,3
belfry,3
harmlessly,3
hook,3
machinery,3
dives,3
eight,3
looters,3
passersby,3
practically,3
chum,3
backward,3
cables,3
sluice,3
heart,3
true,3
glow,3
problems,3
rooftops,3
hour,3
extraordinary,3
helplessly,3
underdog,3
taxi,3
pointed,3
impulse,3
shower,3
fact,3
knocked,3
fist,3
swooping,3
fade,3
bewilderment,3
catatonic,3
finding,3
fits,3
indeed,3
spins,3
patrons,3
grimaces,3
liquid,3
sprawls,3
bottom,3
spinning,3
sweating,3
shaken,3
setting,3
poor,3
raw,3
charges,3
poster,3
ringing,3
rolling,3
close,3
unmarked,3
shrugs,3
calling,3
tourists,3
controls,3
pushes,3
helpless,3
demented,3
ninja,3
crooked,3
groans,3
reservoir,3
years,3
muscles,3
saunters,3
somersault,3
tough,3
exit,3
electronic,3
drained,3
filled,3
always,3
touch,3
shattered,3
canned,3
futuristic,3
today,3
construction,3
saying,3
fifteen,3
anywhere,3
erect,3
jaw,3
using,3
reel,3
worth,3
cans,3
yourself,3
cracks,3
parked,3
colleagues,3
bolt,3
edition,3
vanishes,3
target,3
cart,3
case,3
carmine,3
guard,3
criminals,3
heels,3
oversized,3
sprawled,3
luck,3
insert,3
sidewalks,3
joy,3
sheer,3
original,3
bad,3
drags,3
narrowly,3
plastic,3
strong,3
gauntlet,3
customers,3
oval,3
bet,3
garbage,3
sit,3
dinner,3
sick,3
bit,3
improved,3
surface,3
freaks,3
bundle,3
change,3
corporate,3
report,3
sipping,3
parents,3
dozens,3
switch,3
chance,3
cross,3
paint,3
plunges,3
andrews,3
drawn,3
insanely,3
plunged,3
sun,3
current,3
silent,3
amid,3
store,3
paralyzed,3
sink,3
scurries,3
figures,3
missing,3
types,3
slumped,3
180,3
passing,3
reach,3
nobody,3
scared,3
racing,3
range,3
flat,3
blouse,3
argument,3
utter,3
crashes,3
wipes,3
gigantic,3
guards,2
clamps,2
daring,2
solid,2
exhales,2
extracts,2
newspaper,2
gold,2
shouldn't,2
topcoat,2
halt,2
forensics,2
wheels,2
serious,2
others,2
gargoyles,2
lens,2
nowhere,2
root,2
lapels,2
realized,2
plexiglass,2
creeps,2
loved,2
order,2
went,2
orders,2
weightless,2
dumps,2
product,2
calibre,2
pimp,2
cheap,2
rose,2
ambitious,2
grisly,2
pipe,2
hatch,2
less,2
spotlights,2
bingo,2
wound,2
times,2
haze,2
possibility,2
necklace,2
distinguished,2
rows,2
lining,2
flicks,2
gotten,2
concert,2
adviser,2
element,2
monitors,2
cup,2
sweeping,2
collapsed,2
splinters,2
fashion,2
streaking,2
smell,2
unable,2
lit,2
blows,2
registers,2
jacket,2
exposing,2
ballroom,2
assume,2
stark,2
stare,2
rackets,2
widens,2
churchyard,2
start,2
1963,2
fallen,2
fund,2
paid,2
illuminated,2
recoil,2
palm,2
crumples,2
facade,2
apprehensively,2
chuckling,2
motionless,2
doll,2
fury,2
bedside,2
fellow,2
barely,2
advancing,2
hesitantly,2
squarely,2
curiosity,2
created,2
harlequin,2
formal,2
launches,2
mike,2
scoops,2
relief,2
pats,2
fiery,2
computerized,2
gangland,2
recon,2
grotesque,2
apparition,2
mile,2
impact,2
pancake,2
easy,2
whose,2
bodies,2
outta,2
quarter,2
die,2
midst,2
forgotten,2
static,2
final,2
transfixed,2
papers,2
applaud,2
knockout,2
length,2
grand,2
blackened,2
lunch,2
revealed,2
pitch,2
fear,2
sense,2
being,2
maniac,2
bags,2
calmed,2
pours,2
known,2
waiters,2
cigarette,2
obscured,2
discreet,2
mouthpiece,2
rockets,2
terribly,2
aisle,2
peering,2
twitching,2
streak,2
feed,2
background,2
millionaire,2
ball,2
physical,2
tiled,2
exactly,2
sized,2
character,2
12,2
beaten,2
pillar,2
impatiently,2
supercar,2
20,2
male,2
22,2
25,2
hasn't,2
examine,2
releases,2
appear,2
44,2
wood,2
suitcase,2
dropping,2
murderer,2
countdown,2
scar,2
knock,2
needed,2
mass,2
proper,2
muzzle,2
evildoers,2
patrol,2
recently,2
beats,2
prints,2
step,2
disgust,2
repeats,2
agonized,2
thoroughfare,2
bodily,2
eyeing,2
mph,2
dizzy,2
'lady,2
hovering,2
punch,2
loud,2
cutting,2
prepared,2
portfolio,2
expecting,2
rushes,2
unveiling,2
preparing,2
bays,2
squeezes,2
platform,2
walking,2
dodging,2
sludge,2
command,2
swarm,2
winces,2
saved,2
staying,2
laptop,2
cruiser,2
neat,2
howls,2
happening,2
returns,2
aboard,2
financier,2
swimming,2
blindfolded,2
rumbles,2
flips,2
emerge,2
sweet,2
slap,2
sprint,2
jerking,2
spring,2
sprints,2
microphone,2
underworld,2
loose,2
drugged,2
ride,2
flutters,2
responsible,2
drifting,2
insigne,2
frenzy,2
special,2
family,2
jokes,2
reproduction,2
career,2
aerialist,2
gradually,2
forth,2
apes,2
converge,2
seventh,2
charming,2
careens,2
tone,2
pouring,2
swell,2
asked,2
elegant,2
decorated,2
squirming,2
shaky,2
catching,2
driving,2
heated,2
converging,2
angles,2
reaching,2
spies,2
floors,2
inherited,2
flare,2
builds,2
chemicals,2
fully,2
pearl,2
remain,2
rotten,2
feels,2
automatically,2
amused,2
silly,2
retract,2
features,2
horrifically,2
houses,2
seeming,2
town,2
yards,2
swoops,2
hidden,2
color,2
churning,2
hurriedly,2
rack,2
wax,2
mascara,2
contorted,2
stuck,2
abruptly,2
catch,2
dashboard,2
ladies,2
necktie,2
direct,2
livid,2
shouldn'ta,2
stuff,2
dice,2
tangle,2
lifeless,2
hysteria,2
relaxes,2
muffler,2
damned,2
peanut,2
uses,2
bring,2
corrugated,2
digs,2
gang,2
thankya,2
spangled,2
blowing,2
aw,2
brother,2
panel,2
rounding,2
actor,2
scrawled,2
scare,2
girls,2
chairs,2
needs,2
piece,2
hauls,2
unmistakable,2
random,2
oily,2
alert,2
digital,2
kept,2
childlike,2
ha,2
quaking,2
lunatic,2
agony,2
rodent,2
totters,2
plates,2
lower,2
aimed,2
odd,2
traumatized,2
widen,2
goggle,2
fumbles,2
draw,2
places,2
tipped,2
conscious,2
locked,2
cabinets,2
dirt,2
entry,2
talkie,2
gliding,2
involuntarily,2
fight,2
wrought,2
pandemonium,2
diagonal,2
'thank,2
bathed,2
grabbed,2
breaking,2
forks,2
gotta,2
bridge,2
conference,2
activity,2
unendurable,2
crawls,2
cabin,2
closes,2
flower,2
reasonable,2
enclosed,2
lick,2
details,2
anarchy,2
carnage,2
upright,2
thin,2
support,2
vw,2
emits,2
apron,2
swirling,2
puzzlement,2
reading,2
proportions,2
beyond,2
scans,2
convoy,2
streams,2
contract,2
reeling,2
they'll,2
johnny,2
force,2
nervously,2
roses,2
addresses,2
draped,2
scalloped,2
blow,2
climbing,2
tossing,2
dazzling,2
send,2
note,2
everybody,2
link,2
riding,2
robin,2
you',2
limp,2
cost,2
aims,2
skids,2
edges,2
limo,2
vanishing,2
chatting,2
wild,2
remote,2
replies,2
costumed,2
wing,2
cackling,2
faced,2
echoes,2
wipe,2
photograph,2
days,2
chill,2
roaring,2
snicker,2
pal,2
folks,2
remove,2
paintings,2
wits,2
mobile,2
stretchers,2
pulitzer,2
strands,2
wrist,2
pew,2
loyalty,2
masks,2
suspended,2
shadows,2
hundred,2
queen,2
gut,2
hubbub,2
disgusted,2
tainted,2
snaking,2
wail,2
convulsively,2
attributed,2
peel,2
driveway,2
charred,2
manner,2
stricken,2
charity,2
members,2
counting,2
mahogany,2
distraught,2
snow,2
agape,2
wailing,2
busy,2
tied,2
italian,2
despite,2
darting,2
groan,2
walk,2
policeman,2
marry,2
laps,2
dazzled,2
recognize,2
peephole,2
difference,2
giving,2
prize,2
anyway,2
pop,2
excuse,2
pot,2
must've,2
gives,2
shaping,2
startling,2
sightless,2
shoves,2
hitched,2
continue,2
offers,2
given,2
trapped,2
disappears,2
exaggerated,2
effort,2
freak,2
weapon,2
ends,2
hooker,2
pipes,2
technician,2
medics,2
notorious,2
program,2
panicked,2
stationed,2
artist,2
smart,2
warily,2
grown,2
tire,2
chain,2
chat,2
choice,2
lays,2
stomach,2
consider,2
group,2
repeatedly,2
shouting,2
bruises,2
absolutely,2
forearm,2
politicos,2
hopelessly,2
applying,2
monstrous,2
ticking,2
lurch,2
advance,2
rumbling,2
devised,2
brushes,2
corpse,2
menacingly,2
blare,2
legged,2
glee,2
restored,2
robbery,2
arched,2
trail,2
ignores,2
hustles,2
count,2
rigged,2
yum,2
jokers,2
exposed,2
restraining,2
reflex,2
waynes,2
reappears,2
cavern,2
america,2
tables,2
blowtorch,2
cream,2
protest,2
bell,2
underground,2
snakes,2
headed,2
nestled,2
bent,2
looming,2
return,2
rotate,2
bottomless,2
seats,2
offscreen,2
trash,2
horn,2
softly,2
technicians,2
blinking,2
surveys,2
phones,2
paneled,2
rubs,2
execution,2
overturned,2
impressive,2
shocked,2
fence,2
theatre,2
procession,2
howl,2
prominent,2
ultralight,2
plants,2
bodyguards,2
reaction,2
actually,2
spike,2
mercifully,2
extends,2
kills,2
pinned,2
scheduled,2
father,2
anchorman,2
safety,2
dresses,2
tracked,2
emcee,2
fumes,2
anonymous,2
bizarre,2
poll,2
chamber,2
struggles,2
collision,2
terrorist,2
trace,2
moments,2
expensive,2
gush,2
gingerly,2
bleached,2
pearls,2
southern,2
we'd,2
pulled,2
steadies,2
it;,2
swing,2
pops,2
riverview,2
racketeer,2
citizens,2
act,2
transmission,2
tantrum,2
wrapping,2
peacefully,2
trapezes,2
trust,2
scrambling,2
miles,2
monarch,2
undo,2
laser,2
strikes,2
periphery,2
embrace,2
message,2
truth,2
cabs,2
popcorn,2
caption,2
nighter,2
preoccupied,2
spear,2
pivots,2
bobs,2
removed,2
powerful,2
tunic,2
duke,2
breathes,2
makeover,2
gear,2
dump,2
swirl,2
tuned,2
collapse,2
reason,2
shopping,2
lightning,2
stuffs,2
corruption,2
handed,2
pockets,2
popular,2
kids,2
thoughtful,2
favors,2
vick,2
onstage,2
stalks,2
sailboats,2
challenging,2
flaming,2
worse,2
clippings,2
longer,2
shop,2
disappear,2
kicking,2
boot,2
whistling,2
rent,2
officials,2
it'll,2
buzzer,2
copters,2
downtown,2
spirals,2
sprawling,2
style,2
feminine,2
exhilarated,2
leers,2
simple,2
deodorant,2
important,2
glimpse,2
swerves,2
database,2
sad,2
imitation,2
bandages,2
nylon,2
spread,2
heights,2
stupid,2
offer,2
complex,2
gaining,2
ornate,2
astonishing,2
plans,2
hesitation,2
stained,2
deaf,2
poses,2
sixty,2
rooms,2
nearest,2
shouts,2
apologetically,2
tires,2
teasing,2
lucky,2
trained,2
clears,2
bound,2
chuckles,2
ruckus,2
frowns,2
dissolving,2
peers,2
talons,2
join,2
costume,2
director,2
vain,2
tomorrow,2
rears,2
hello,2
alive,2
weekend,2
shuffle,2
married,2
knees,2
angel,2
split,2
floats,2
pause;,2
thrown,2
belongs,2
tense,2
kane,2
mental,2
decent,2
bolts,2
earth,2
puckered,2
raises,2
intercut,2
glory,2
mission,2
stopping,2
scrambles,2
extended,2
plainly,2
loads,2
fourth,2
story,2
blowups,2
available,2
unusual,2
dumping,2
dealers,2
especially,2
dismay,2
sing,2
flapping,2
bounces,2
gobs,2
foreground,2
sighs,2
roar,2
intact,2
following,2
drivers,2
slices,2
wear,2
rock,2
seeing,2
lean,2
rinsed,2
beckoning,2
suggest,2
expect,2
growing,2
justice,2
tap,2
excitement,2
week,2
alarm,2
reitz,2
hiya,2
cancel,1
plumes,1
fifty,1
abrupt,1
salary,1
pretend,1
inflatable,1
photographers,1
drunk,1
cranking,1
tinkly,1
rabbit,1
eyewitness,1
warrant,1
shrieking,1
crusader,1
womanizer,1
conceal,1
opulent,1
sniff,1
carnival,1
circular,1
backwards,1
relegated,1
irritable,1
triple,1
frantic,1
drums,1
sideways,1
accessible,1
spends,1
100%,1
fearless,1
nodding,1
minds,1
spanning,1
evaporate,1
stirring,1
crunching,1
imbedded,1
barricade,1
overtaking,1
hamm,1
towed,1
throw,1
bubbling,1
smylenol,1
surgery,1
violent,1
nipon,1
tenses,1
huddle,1
rubberneckers,1
starless,1
besides,1
masterpieces,1
implement,1
encircled,1
tensed,1
delivering,1
puddles,1
cartwheeling,1
walked,1
beacon,1
aside,1
gorgeous,1
olympic,1
moaning,1
manicured,1
society,1
adrift,1
screeching,1
storefronts,1
reinforcement,1
projection,1
leafleting,1
lamppost,1
ticket,1
cheek,1
approval,1
wolfishly,1
swords,1
rafters,1
bloomingdale,1
cheer,1
handling,1
champagned,1
abrasions,1
creepy,1
airless,1
fountain,1
wall;,1
gosh,1
dummy,1
indelibly,1
experiment,1
subways,1
docks,1
hate,1
flagpole,1
pressed,1
gore,1
rains,1
imitators,1
bespectacled,1
bringing,1
podium,1
pellet,1
fuck,1
stagger,1
bothering,1
unforgettable,1
caterpillar,1
buckles,1
frankly,1
should've,1
ton,1
rails,1
tor,1
magnetized,1
jagged,1
succession,1
avail,1
famous,1
reminder,1
drugs,1
allergic,1
quad,1
thanksgiving,1
witch,1
thousand,1
helluva,1
explosives,1
plead,1
scrolls,1
hydrant,1
unfurls,1
spoon,1
west,1
raise,1
pitches,1
owns,1
lap,1
pitcher,1
confidentially,1
tilting,1
lay,1
sneaks,1
initials,1
plenty,1
idyllic,1
ceremony,1
gout,1
became,1
chicken,1
chatter,1
protectively,1
rigoletto,1
coolly,1
cowering,1
awakens,1
tiptoeing,1
bachelor,1
porcine,1
conclusively,1
fistful,1
cry,1
distended,1
indecisive,1
industrial,1
inflate,1
stable,1
harness,1
unfamiliar,1
directing,1
respond,1
stubbly,1
tub,1
cluster,1
glisten,1
supply,1
lee,1
uncertain,1
horrified,1
worked,1
mountain,1
boardrooms,1
sponsors,1
merge,1
etched,1
appreciative,1
accuses,1
homing,1
dock,1
gulps,1
opulence,1
swells,1
cue,1
rises;,1
creating,1
whirls,1
horrendous,1
perfectly,1
networks,1
typewriters,1
shattering,1
tear,1
ignites,1
jeweler,1
mindless,1
flashlight,1
stench,1
ingredient,1
occurred,1
shells,1
ensnared,1
refuses,1
claw,1
emphatically,1
speech,1
clap,1
circulates,1
lib,1
clips,1
importantly,1
reflecting,1
headstone,1
source,1
someplace,1
famously,1
poleaxed,1
glare,1
dying,1
paying,1
fellows,1
dogs,1
spasmodically,1
flamboyantly,1
they'd,1
preys,1
playbills,1
reflection,1
merest,1
doubt,1
verbal,1
develop,1
technologies,1
converted,1
hammering,1
fixed,1
polymer,1
grocer,1
chilling,1
1956,1
convention,1
shore,1
purchase,1
stars,1
stumbled,1
manage,1
stylish,1
ominously,1
plugs,1
ledgers,1
ninety,1
degas,1
celebrities,1
unholy,1
1973,1
coats,1
payable,1
specifically,1
fountains,1
swimsuit,1
pale,1
1977,1
welder,1
flowers,1
convincing,1
players,1
detonate,1
weeps;,1
1986,1
1982,1
telescopes,1
eyebrows,1
tonic,1
athletic,1
mcelroy,1
petulantly,1
sabrett,1
planned,1
trails,1
formation,1
unknown,1
prom,1
gracious,1
mildly,1
meant,1
aides,1
twitch,1
infest,1
ante,1
clink,1
awed,1
evading,1
randomly,1
clip,1
crushing,1
compact,1
friendly,1
recognizing,1
cluttered,1
manila,1
blasting,1
suspiciously,1
dodges,1
who'll,1
disappeared,1
inscription,1
pointing,1
speeds,1
sparks,1
fixing,1
toned,1
sacrifice,1
artwork,1
fried,1
loudspeaker,1
pierced,1
launcher,1
ease,1
stabilizes,1
tilts,1
stabilizer,1
insulted,1
unalloyed,1
workmen,1
somber,1
beaming,1
sixteen,1
exotic,1
elvis,1
hinges,1
heaving,1
bigwig,1
threads,1
chittering,1
seeking,1
ultrasound,1
confession,1
build,1
gratitude,1
booby,1
stack,1
electronics,1
siren,1
startles,1
matrons,1
ambiguous,1
stunning,1
engraved,1
gagged,1
ingres,1
girders,1
scanner,1
crookedly,1
carefully,1
banks,1
nineteen,1
profile,1
coyness,1
terminals,1
acrid,1
mill,1
synthesized,1
resounding,1
1100,1
average,1
treatment,1
spectre,1
profoundly,1
monte,1
touchingly,1
bounding,1
grasp,1
grass,1
unlike,1
handing,1
hotel,1
tahiti,1
deadline,1
hysterically,1
grateful,1
adjoining,1
shelled,1
#1,1
candlesticks,1
dig,1
glides,1
upping,1
dim,1
paralyze,1
dangerously,1
launching,1
shifting,1
glinting,1
hydraulic,1
clue,1
bird,1
highway,1
leathery,1
pulsing,1
blowguns,1
possibly,1
maniacally,1
espionage,1
test,1
c'mere,1
bangs,1
ostentatious,1
intriguing,1
strap,1
nighters,1
braided,1
tackle,1
acres,1
vehemently,1
distract,1
vigilante,1
mobster,1
outfitted,1
overwhelmed,1
mist,1
pound,1
load,1
ignore,1
company,1
blinded,1
billions,1
looting,1
priest,1
brinkley,1
schedule,1
deterioration,1
beach,1
conceals,1
blanket,1
grant,1
articles,1
pays,1
up;,1
leering,1
cylindrical,1
helping,1
exhausted,1
cornball,1
cigar,1
fuming,1
mimic,1
could've,1
semicircular,1
letters,1
inspection,1
'i,1
rhythmically,1
lobs,1
kamikaze,1
stall,1
mauves,1
blacked,1
broadcasting,1
printed,1
hoping,1
messages,1
interval,1
dog,1
operates,1
serves,1
skid,1
extraneous,1
millisecond,1
goodbye,1
skin,1
stamp,1
stifles,1
operated,1
dow,1
stream,1
legally,1
brit,1
laundry,1
frankenstein,1
open;,1
murders,1
urn,1
prostrate,1
toothpaste,1
widest,1
crouched,1
adjustments,1
dimensional,1
subject,1
presiding,1
casino,1
wright,1
bedlam,1
arrangement,1
honeysuckle,1
logo,1
credit,1
likes,1
bulletproof,1
feds,1
includes,1
hunker,1
chuckle,1
recesses,1
couldn'ta,1
nonetheless,1
bilious,1
thunderous,1
handsome,1
centrifuges,1
incandescent,1
fives,1
napkin,1
airborne,1
bald,1
mounds,1
storeroom,1
cups,1
met,1
wicked,1
opposed,1
afterburners,1
rapidly,1
chessplayer,1
devoid,1
gotham',1
intertwined,1
09,1
patch,1
happier,1
sizes,1
whining,1
meaning,1
brow,1
voiceprint,1
magnetic,1
stick,1
band,1
volkswagen,1
tales,1
disappearing,1
height,1
10,1
11,1
mementos,1
divergent,1
16,1
17,1
19,1
wires,1
miller,1
unique,1
furtive,1
animal,1
stairwell,1
sincere,1
28,1
29,1
mid,1
overturning,1
shares,1
xeroxed,1
narita,1
boots,1
workers,1
30,1
destruction,1
dirty,1
stiff,1
shucks,1
jumpsuits,1
mans,1
shards,1
glide,1
40,1
45,1
agent,1
treat,1
starving,1
forced,1
monet,1
lurching,1
throwin',1
diameter,1
swiftly,1
sever,1
paces,1
loot,1
fleidermaus,1
sizzling,1
reemerges,1
felt,1
invited,1
wont,1
sucker,1
seedy,1
crushed,1
dials,1
murdered,1
nuts,1
driverless,1
60,1
allow,1
dangle,1
unlicensed,1
recording,1
unsuspectingly,1
smirking,1
slain,1
beast,1
mmm,1
gesture,1
lasers,1
riddled,1
adrenalin,1
twit,1
70,1
72,1
sidesteps,1
bath,1
unaffected,1
79,1
winning,1
incredible,1
mary,1
he'd,1
trayful,1
layout,1
strutting,1
batwings,1
craps,1
comrades,1
mob,1
claimed,1
admirers,1
loss,1
seeps,1
humor,1
fern,1
90,1
antiques,1
preliminary,1
waddles,1
shotgun,1
spiderwebbed,1
unceremoniously,1
tinted,1
lingers,1
internal,1
tongue,1
churn,1
enjoy,1
bay;,1
patio,1
mysteriously,1
identity,1
pretends,1
explosions,1
include,1
aged,1
surreptitiously,1
mrs,1
lots,1
sleeve,1
juicy,1
hairpin,1
dulled,1
existence,1
prettily,1
thinned,1
desolate,1
scarred,1
overlooks,1
goddam,1
parlor,1
failed,1
whacks,1
slaps,1
odalisque,1
appointed,1
sequence,1
cleaned,1
weaves,1
mug,1
chunk,1
anteroom,1
briskly,1
ultimately,1
grimace,1
stolen,1
cuban,1
prepares,1
temple,1
matron,1
clubhouse,1
canyons,1
soundstage,1
exception,1
rioting,1
desperate,1
donnas,1
urge,1
36th,1
microfilm,1
visual,1
near,1
victims,1
volts,1
seventies,1
southbound,1
packet,1
contains,1
folder,1
marches,1
horse;,1
restaurants,1
contaminated,1
flailing,1
boston,1
stretcher,1
immediately,1
elevated,1
representing,1
toed,1
bridles,1
pushing,1
slam,1
weird,1
stunt,1
wraith,1
rounds,1
addressing,1
cocky,1
obsessively,1
eager,1
taxis,1
official,1
historical,1
caked,1
cakes,1
female,1
surrender,1
faint,1
photographic,1
collide,1
newspapers,1
gather,1
conditioning,1
shits,1
crawling,1
hardly,1
implacably,1
statuary,1
punches,1
chimney,1
soaking,1
rathole,1
sleeping,1
desperately,1
defies,1
snarling,1
strand,1
gallops,1
engine,1
fifties,1
dating,1
photographer,1
packed,1
scum,1
grave;,1
slippers,1
dammit,1
petrifying,1
prodding,1
cheerily,1
levelled,1
kicks,1
progressive,1
attacked,1
flinches,1
deliberate,1
roomful,1
ribs,1
release,1
tried,1
taped,1
explode,1
nap,1
skyscrapers,1
splitting,1
similar,1
tenderly,1
'cia',1
wives,1
thousands,1
drives,1
programmed,1
weapons,1
stashed,1
souvlaki,1
ravaged,1
amiss,1
thoroughly,1
plops,1
overpass,1
awfully,1
slip,1
anchor,1
bushes,1
manifests,1
#12,1
spice,1
honor,1
finery,1
tops,1
sidling,1
mexican,1
kindergartener,1
naked,1
dwellers,1
whites,1
pages,1
etc,1
dreamlike,1
microphones,1
kevlar,1
intense,1
shootout,1
parody,1
regalia,1
intervals,1
tons,1
ginger,1
activate,1
pillows,1
amusement,1
unexpectedly,1
barrage,1
elderly,1
financial,1
raced,1
ensemble,1
dreamy,1
kitty,1
minions,1
mugging,1
grunt,1
credits,1
eve,1
tousle,1
gushes,1
peppers,1
decides,1
seaweed,1
drawer,1
pencil,1
pounding,1
fender,1
chord,1
whisper,1
appetite,1
muttering,1
clipping,1
merrily,1
buckling,1
farther,1
maintain,1
echo,1
rehabilitate,1
angrily,1
professional,1
companies,1
tumbling,1
pounds,1
pierrot,1
dining,1
patches,1
exchanges,1
lazily,1
ratcheted,1
sizzle,1
envelope,1
glaring,1
supplying,1
shines,1
sizing,1
$500,1
bucks,1
regrets,1
simultaneous,1
guarantee,1
recommend,1
leach,1
flaps,1
ingredients,1
ducked,1
mechanism,1
stethoscope,1
cemetery,1
jaws,1
triumph,1
riot,1
tour,1
classic,1
noooooooo,1
gossip,1
grab,1
battered,1
charts,1
wealthy,1
documents,1
rewinds,1
windowless,1
administration,1
remains,1
arriving,1
loudspeakers,1
research,1
strips,1
pitchman,1
openly,1
counterpart,1
thailand,1
menacing,1
aerosol,1
greenish,1
imagine,1
unreachable,1
nonchalance,1
whatever,1
destroying,1
flutter,1
blares,1
embarrassing,1
leads,1
string,1
snatch,1
lipstick,1
blink,1
perfume,1
redundant,1
kissable,1
central,1
portico,1
blimp,1
statement,1
supporting,1
sickened,1
kneels,1
toys,1
locking,1
complexion,1
shies,1
hoisted,1
ronald,1
sensation,1
leafs,1
play,1
nooooo,1
raft,1
taxes,1
pleaser,1
lowers,1
issues,1
stubs,1
crush,1
hatred,1
greed,1
struggling,1
financially,1
plan,1
double,1
spurts,1
suicide,1
collar;,1
uncontrollably,1
8'x8',1
ships,1
comfortable,1
completely,1
martini,1
enormously,1
flags,1
futile,1
ahhh,1
gain,1
supermarket,1
modern,1
wee,1
flustered,1
visibly,1
pines,1
ganglords,1
revving,1
dial,1
unbuckling,1
superannuated,1
patrolmen,1
dishes,1
aisles,1
eyelids,1
loathesome,1
staggering,1
criticize,1
straphangers,1
whew,1
gags,1
grid,1
organization,1
width,1
rage,1
cordoned,1
sides,1
screws,1
tampering,1
levels,1
board,1
rotor,1
uninterested,1
section,1
eggshell,1
whir,1
whip,1
halloween,1
letting,1
writhes,1
snacks,1
quoting,1
rain,1
sedately,1
gruesome,1
rail,1
stumbling,1
opened,1
winded,1
lilies,1
exceptions,1
personally,1
hung,1
cruise,1
choked,1
staggers,1
childishly,1
raid,1
weigh,1
game,1
flirtatious,1
reagan,1
unveil,1
telephones,1
died,1
sonar,1
rocks,1
hottest,1
scorching,1
dies,1
walkways,1
pinks,1
garbed,1
ribbed,1
terminal,1
leans,1
thanking,1
shine,1
bunjee,1
sculpted,1
glowers,1
shiny,1
politico,1
rant,1
hurtles,1
valets,1
brink,1
hamburger,1
fella,1
mutiny,1
fit,1
stories;,1
trailing,1
husk,1
fix,1
'ddid,1
honest,1
addition,1
rams,1
ad,1
former,1
impenetrable,1
interpretation,1
simultaneously,1
payroll,1
frank,1
d',1
raps,1
beepers,1
profusion,1
gridwork,1
aground,1
bellies,1
televised,1
experimentation,1
sidestep,1
trapeze,1
shutter,1
adobe,1
breathe,1
food,1
tropical,1
screeches,1
breaths,1
gape,1
vent,1
haunt,1
gasp,1
graphics,1
dr,1
meaningful,1
manor;,1
indescribable,1
attacks,1
heating,1
gash,1
ed,1
coastline,1
ohhhh,1
ribbon,1
inexplicable,1
trance,1
tumbles,1
goodies,1
crimelords,1
sidelong,1
knife,1
carry,1
inexplicably,1
grappling,1
layered,1
overhang,1
rate,1
trouble,1
fiendishly,1
plop,1
rash,1
dime,1
clark,1
earpieces,1
rasp,1
significantly,1
wedged,1
presents,1
feather,1
hm,1
shushes,1
foul,1
relationships,1
zing,1
appeared,1
easily,1
perks,1
gawk,1
violently,1
issue,1
dismissed,1
hustlers,1
glints,1
distraction,1
cheshire,1
annoying,1
become,1
wider,1
noses,1
rumpled,1
eagerness,1
majestic,1
extraordinarily,1
galloping,1
bosses,1
splitscreen,1
pissing,1
tuxedoed,1
plugged,1
delight,1
sadly,1
knew,1
suggestion,1
wilts,1
vest,1
tipless,1
wooded,1
wandering,1
clambers,1
slung,1
clang,1
amusement;,1
la,1
terminus,1
complete,1
topological,1
attache,1
fun,1
ll,1
fur,1
pants,1
placid,1
political,1
scrawls,1
weaving,1
orchestra,1
skirt,1
marshal,1
limit,1
claim,1
mi,1
mm,1
dabs,1
dominating,1
meter,1
clench,1
follows,1
expand,1
rushing,1
shuffles,1
survey,1
disc,1
devastating,1
plug,1
arcane,1
heat,1
treads,1
hammer,1
underarm,1
brightly,1
inexpensive,1
seal,1
seam,1
eerie,1
whine,1
pausing,1
flamethrower,1
dreamed,1
blam,1
sympathy,1
rescue,1
brief,1
sports,1
headset,1
elegantly,1
guardians,1
painting,1
manipulating,1
kisses,1
easier,1
pm,1
remarks,1
edgy,1
salad,1
drainpipe,1
impeccably,1
promised,1
speaking,1
tongues,1
inevitably,1
heck,1
clever,1
cobwebs,1
hundreds,1
hissing,1
bundled,1
piqued,1
abortionist,1
wander,1
t0,1
halberds,1
minus,1
swarming,1
executed,1
seek,1
defying,1
compelled,1
pileup,1
variety,1
belle,1
snags,1
executes,1
strained,1
apart,1
necessary,1
fights,1
closet,1
whirling,1
started,1
boomerang,1
dealer,1
depressingly,1
frizzy,1
pulp,1
commercial,1
hyperkinetically,1
underbrush,1
ooh,1
rules,1
sincerity,1
biting,1
transmissions,1
amazing,1
uh,1
oppressiveness,1
ruled,1
embracing,1
scuttle,1
treated,1
waters,1
puny,1
purchases,1
reasonably,1
suppose,1
beacons,1
vi,1
buses,1
noxious,1
mutilation,1
vu,1
populace,1
changes,1
privacy,1
wa,1
vertical,1
gag,1
exits,1
dank,1
shapes,1
blip,1
slight,1
tumultuous,1
swaggered,1
lied,1
squeaking,1
planting,1
veers,1
surrounds,1
dumbfounded,1
slackjawed,1
kidnapping,1
torment,1
antsy,1
competition,1
courts,1
none,1
type,1
reeks,1
lieutenants,1
she'll,1
problem,1
closing,1
yo,1
deeply,1
proof,1
asleep,1
capsules,1
seized,1
surrounding,1
atrocities,1
conclude,1
blackjack,1
props,1
undisguised,1
story;,1
kingpin,1
lift,1
indoor,1
handgun,1
alligator,1
barbed,1
promo,1
ghost,1
drooping,1
dare,1
snaps,1
sell,1
cashiers,1
elbows,1
brain,1
'discontinued,1
sighting,1
idling,1
help,1
polluted,1
self,1
chorus,1
fortieth,1
drum,1
stampedes,1
stucco,1
sales,1
foils,1
distributing,1
girth,1
create,1
welcoming,1
criminal,1
sunny,1
uplifted,1
proud,1
bitterly,1
stranded,1
lockstep,1
nightmare,1
sent,1
insulation,1
ducking,1
addressed,1
homesite,1
shambling,1
visitor,1
scribbled,1
purpose,1
snake,1
scale,1
trucks',1
candles,1
gin,1
clutching,1
recovers,1
station,1
limb,1
bathrobe,1
reels,1
follow,1
dashes,1
washing,1
york,1
swollen,1
roasted,1
challenge,1
dignity,1
skies,1
ounce,1
moans;,1
chips,1
yous,1
scenic,1
rider,1
involuntary,1
furtively,1
reposition,1
law'n'order,1
costumes,1
frills,1
thud,1
wriggles,1
recognizes,1
millionaires,1
bubbles,1
flight,1
airy,1
restful,1
glossy,1
blur,1
currents,1
arrived,1
maelstrom,1
editorial,1
iacocca,1
aaah,1
morgue,1
yours,1
discuss,1
goo,1
sharply,1
pastel,1
toddles,1
pad,1
wise,1
ambition,1
dapper,1
area,1
gritting,1
murder,1
invitation,1
list,1
wiry,1
andrew,1
neglected,1
wire,1
sinking,1
scenes,1
child,1
relieving,1
leafing,1
styrofoam,1
gasoline,1
applauding,1
pyrotechnic,1
victory,1
inquisitively,1
shrugging,1
negotiations,1
halfway,1
portrait,1
pastoral,1
disconsolate,1
catatonically,1
snip,1
archways,1
offense,1
considered,1
invisible,1
focus,1
delivered,1
dopey,1
changing,1
entire,1
approach,1
birdlike,1
braces,1
per,1
curling,1
passengers,1
snidely,1
musical,1
bulb,1
birth,1
picnic,1
edvard,1
ruptured,1
toxins,1
appearing,1
engaged,1
vitally,1
hydraulically,1
desks,1
irregular,1
indicating,1
backhands,1
surly,1
talkies,1
tempted,1
handkerchief,1
laid,1
gothic,1
bodyguard,1
worrying,1
bought,1
lair,1
opportunities,1
florsheim,1
peek,1
artworks,1
cockily,1
policemen,1
tabloid,1
bearings,1
supernatural,1
parapet,1
pig,1
artier,1
hacking,1
wake,1
glowering,1
sneak,1
void,1
basin,1
tick,1
splayed,1
oncoming,1
senator,1
girlfriend,1
outmanned,1
amplifiers,1
october,1
lake,1
rising,1
defacing,1
cause,1
units,1
accidentally,1
intended,1
convey,1
cadre,1
friday,1
land,1
skull,1
buttons,1
chief,1
cranes,1
lamp,1
dexterity,1
gunfire,1
pebble,1
salvos,1
parries,1
extending,1
bracketed,1
'bout,1
apparatus,1
joints,1
painkiller,1
pelt,1
unidentified,1
crowds,1
claustrophobia,1
swathed,1
welcome,1
unleashes,1
germs,1
began,1
soundlessly,1
warehouse,1
bravely,1
parents',1
generators,1
commendation,1
butt,1
anomaly,1
neatly,1
scanning,1
hitting,1
raving,1
placecard,1
routine,1
disperses,1
chasm,1
pasting,1
emerging,1
funny,1
pointless,1
implied,1
uneasily,1
negligee,1
coattail,1
seekers,1
fainting,1
yacht,1
ghosts,1
powerless,1
feelings,1
slides,1
askin',1
screenplay,1
placing,1
brush,1
extruders,1
flattered,1
nonplussed,1
wary,1
rusted,1
bloodless,1
sprinting,1
luminous,1
deftly,1
chalk,1
rotating,1
squall,1
showdown,1
surroundings,1
ceremonial,1
dried,1
settling,1
shindig,1
jacob,1
steady,1
baritone,1
early,1
gravesite,1
yep,1
intruder,1
genius,1
heinous,1
forming,1
aroused,1
wheeled,1
instantly;,1
pun,1
circles,1
aimlessly,1
infant,1
them;,1
tips,1
stoops,1
candlelight,1
dinosaur,1
struggle,1
dervish,1
floral,1
meets,1
laws,1
mirrors,1
swoon,1
ambulance,1
bowels,1
eyelashes,1
casings,1
discharging,1
apparently,1
valuable,1
overseeing,1
fists,1
pirate,1
she'd,1
indictment,1
gowns,1
layer,1
tourist,1
elite,1
theme,1
flashbulb,1
predatory,1
editor,1
grasping,1
supplanted,1
unfortunately,1
decked,1
onrushing,1
tennis,1
january,1
photomontage,1
sliding,1
beam,1
gropes,1
hip,1
wondering,1
duster,1
major,1
bear,1
turbine,1
pews,1
workshop,1
resist,1
bolas,1
instinctively,1
history,1
hellion,1
searing,1
unharmed,1
that'll,1
psycho,1
request,1
altitude,1
composure,1
reverberates,1
eared,1
orangutans,1
banking,1
induced,1
shuddering,1
process,1
sprout,1
crowded,1
approve,1
ferret,1
disarmed,1
sometime,1
swivels,1
motherf,1
hmm,1
stride,1
trio,1
appreciate,1
killer,1
lloyd,1
soft,1
happen,1
unspecified,1
loyal,1
hellish,1
majorette,1
sweetie,1
route,1
gaunt,1
procession;,1
millions,1
secluded,1
brownstones,1
organ,1
eyeliner,1
meanest,1
bottle,1
liquor,1
characteristic,1
interior,1
assembly,1
hearing,1
handiwork,1
chin,1
tail,1
dragged,1
deafening,1
undeniably,1
tells,1
spasm,1
junk,1
purse,1
sometimes,1
inclined,1
promise,1
bulge,1
enjoying,1
chinese,1
jacketed,1
prior,1
landmark,1
vanish,1
train,1
dedicated,1
afterthought,1
cheapskates,1
blowup,1
eerily,1
plunging,1
subpoena,1
blank,1
newsdesk,1
additional,1
fanged,1
samurai,1
telecommunications,1
reception,1
shameful,1
paraphernalia,1
notice,1
rambling,1
emptying,1
screwdriver,1
print,1
b&w,1
tame,1
mannequins,1
material,1
winks,1
explain,1
sparkle,1
envy,1
repulsed,1
shivers,1
hope,1
glued,1
subterranean,1
bend,1
demolition,1
glazed,1
gurgles,1
barks,1
hoof,1
gleefully,1
detached,1
honk,1
exhibitions,1
dutifully,1
discreetly,1
acting,1
shield,1
painted,1
instantaneous,1
slinky,1
quarterly,1
smirk,1
nerves,1
grimacing,1
greasy,1
tarp,1
grease,1
redhead,1
abstracts,1
smack,1
health,1
trays,1
cruelly,1
playfully,1
o'clock,1
radar,1
786,1
vastness,1
concerned,1
engulf,1
envious,1
towels,1
host,1
moisturizing,1
emblem,1
lapel,1
selected,1
citizen,1
sooner,1
occur,1
relaxing,1
difficult,1
sort,1
fill,1
forges,1
position,1
present,1
petty,1
sheath,1
detaches,1
asbestos,1
mobbed,1
sour,1
whizzes,1
rooted,1
troubled,1
genuine,1
mesh,1
certainly,1
dollars',1
belowdecks,1
stern,1
intensely,1
tubercular,1
feared,1
showman,1
giddy,1
expectantly,1
coughing,1
ï»?,1
trample,1
dissolved,1
maneuverable,1
adventures,1
based,1
pointer,1
backdrop,1
holographic,1
processing,1
except,1
psychotic,1
celebrants,1
velcro,1
respectable,1
melting,1
crackling,1
unless,1
spire,1
operating,1
ought,1
unnatural,1
jubilant,1
mannered,1
landscaped,1
windswept,1
fish,1
dandyish,1
reactions,1
operation,1
bulletin,1
revulsed,1
instinct,1
cannon,1
reputation,1
meticulously,1
secretaries,1
adjusting,1
crews,1
stockholders,1
tummyache,1
commands,1
gauze,1
unbuttons,1
impatient,1
spill,1
cradle,1
collection,1
hesitates,1
elected,1
laboratory,1
ghoulish,1
blusher,1
cattily,1
soothing,1
jumped,1
ungodly,1
byline,1
mansion,1
bluescreen,1
glares,1
forklift,1
growls,1
spine,1
calculating,1
icons,1
superimposed,1
imaginary,1
brightening,1
comment,1
mouthwash,1
masked,1
erupted,1
rung,1
tingle,1
fair,1
stepping,1
layouts,1
monogram,1
gunk,1
ratty,1
phenomenal,1
ecstatic,1
welcomes,1
zit,1
herself;,1
grimly,1
swelling,1
filing,1
anyone,1
pride,1
vigilantes,1
inhuman,1
breakfast,1
favorite,1
danced,1
civilized,1
hoped,1
church,1
fro;,1
uniform,1
blaze,1
scatter,1
violate,1
finishes,1
event,1
buddy,1
flurry,1
finger,1
jutting,1
thunk,1
appearance,1
damaged,1
knotting,1
forgot,1
collegiate,1
clues,1
sculptures,1
docile,1
clearly,1
space,1
debilitating,1
publicity,1
resolves,1
petrified,1
workstation,1
published,1
in;,1
delicately,1
clawing,1
steak,1
ashtray,1
outright,1
network,1
cosmetics,1
jealous,1
array,1
winds,1
terrorism,1
camouflage,1
doodles,1
listening,1
charging,1
fans,1
newsstand,1
worthless,1
transports,1
enforcer,1
trade,1
creeping,1
stages,1
aptly,1
unveiled,1
aiming,1
skyward,1
winch,1
horses,1
sweetheart,1
grids,1
soars,1
score,1
pass;,1
quote,1
retracts,1
sorts,1
ran,1
ashamed,1
lenses,1
rat,1
virtually,1
unlocking,1
chanting,1
everywhere;,1
triggers,1
authorities,1
chickenshit,1
giggles,1
loosens,1
weeks,1
unrelenting,1
aspect,1
slink,1
grating,1
spin,1
accelerates,1
aces,1
spit,1
bolted,1
jerk,1
gangsterish,1
daintily,1
rural,1
blonde,1
acid,1
post,1
paroxysm,1
swift,1
businesslike,1
erupt,1
article,1
shelf,1
cowers,1
exchange,1
smashing,1
magically,1
thugee,1
billy,1
production,1
gadgetry,1
searching,1
slouch,1
flugelheim,1
paste,1
anchors,1
overtake,1
beehive,1
pasta,1
bills,1
surveillance,1
goblins,1
'preoccupied',1
drenched,1
recorded,1
dude,1
enjoyed,1
age,1
smaller,1
slouches,1
rumors,1
pleading,1
scrolling,1
decline,1
rip,1
debris,1
cornered,1
boarded,1
hugging,1
volumes,1
slits,1
whistle,1
nonchalant,1
happily,1
wraithlike,1
animated,1
partial,1
sleeves,1
luscious,1
confederate,1
kelly,1
courage,1
crew,1
unamused,1
dazed,1
vacation,1
maniacal,1
lashes,1
blushing,1
cryptic,1
satisfaction,1
smashes,1
acne,1
future,1
atop,1
moan,1
royal,1
movement,1
pointy,1
scissor,1
impressed,1
sealing,1
rioters,1
mode,1
copies,1
prongs,1
ale,1
twisting,1
border,1
read,1
barrels,1
icily,1
fingertips,1
breather,1
alas,1
tremulous,1
unit,1
slips,1
territorial,1
mouthed,1
cartwheel,1
equipped,1
rod,1
dumb,1
barrelling,1
responds,1
oncamera,1
bristles,1
disappoint,1
hapless,1
guilt,1
deliberately,1
lewis,1
smooch,1
filth,1
productive,1
perches,1
ninth,1
unsigned,1
outburst,1
blaring,1
slabs,1
severed,1
legend,1
taste,1
jab,1
acts,1
'batman',1
reet,1
ape,1
jam,1
english,1
hired,1
gentle,1
wails,1
goodness,1
margin,1
broke,1
completed,1
000,1
alex,1
moored,1
waterfront,1
tasty,1
calculations,1
grits,1
imitating,1
tallest,1
moonless,1
housing,1
impotent,1
unrehearsed,1
acquire,1
visionary,1
sheaf,1
curdles,1
arc,1
patience,1
came,1
grace,1
broaden,1
esteem,1
broker,1
wrinkle,1
notices,1
calm,1
fabulous,1
ass,1
grips,1
becoming,1
musters,1
strength,1
officer,1
debate,1
mother,1
ours,1
snuggles,1
leaking,1
results,1
worry,1
courses,1
vaulting,1
flattering,1
ballsiest,1
telephone,1
dares,1
sync,1
watched,1
pirouette,1
mood,1
reflections,1
book,1
generating,1
councilman,1
cautious,1
testily,1
killings,1
chimps,1
crying,1
planter,1
outrageous,1
shoe,1
sensing,1
outage,1
resting,1
introduce,1
grimy,1
hunkered,1
momentum,1
christened,1
fangs,1
penny,1
aww,1
delicate,1
blazing,1
yard,1
modeling,1
readying,1
bounce,1
looser,1
amnesty,1
bouncy,1
nostril,1
gent,1
mops,1
squealing,1
truly,1
cash,1
transmitter,1
cackles,1
accelerator,1
waits,1
affections,1
hollow,1
limply,1
finesse,1
upholstered,1
sunday,1
precariously,1
wearily,1
harry,1
pattern,1
harsh,1
splintered,1
rouses,1
bleak,1
pressing,1
freedom,1
reclusive,1
glorious,1
soaring,1
protect,1
warping,1
hyperactive,1
sallow,1
chastened,1
bisects,1
stairways,1
giggle,1
minded,1
wrapper,1
autograph,1
philanthropist,1
undead,1
videotape,1
kneeling,1
negotiate,1
roused,1
king,1
exceptionally,1
focusses,1
tracer,1
domesticity,1
avenging,1
westbound,1
over;,1
phrase,1
flagstone,1
daily,1
nerve,1
affection,1
diversion,1
ropes,1
pretending,1
terrify,1
moorings,1
roped,1
affecting,1
decorations,1
understands,1
causing,1
patient,1
gapes,1
depressing,1
profit,1
sam,1
democrats',1
rinse,1
adds,1
rest,1
sap,1
scuttles,1
sat,1
puppet,1
guests,1
projects,1
lugs,1
switches,1
stripped,1
assemblage,1
perpetual,1
barricades,1
maces,1
easels,1
bas,1
draft,1
fluid,1
missiles,1
wagging,1
uncrating,1
peeks,1
hookers,1
reconstructive,1
moistens,1
personal,1
consults,1
straightening,1
plant,1
vantage,1
slyly,1
civic,1
sea,1
coldly,1
underway,1
national,1
wheat,1
plummet,1
slicing,1
column,1
turret,1
boutonniere,1
bobbing,1
battle,1
pique,1
glowing,1
inhales,1
astonished,1
leaping,1
deco,1
jut,1
resumes,1
denomination,1
gettin',1
spiraling,1
shipping,1
contact,1
useless,1
munch,1
searches,1
anxiety,1
christie,1
western,1
aren't,1
perpendicular,1
sources,1
ballerina,1
ladders,1
capable,1
greetings,1
salute,1
jersey,1
sip,1
uncomprehending,1
breathing,1
emberg,1
false,1
tremulously,1
unbuckles,1
fade;,1
corridor,1
amazement,1
expert,1
rasping,1
frustrated,1
bin,1
nations,1
clipboard,1
ultrasonic,1
there'd,1
striking,1
roulette,1
model,1
commuters,1
husks,1
screwed,1
profusely,1
assembling,1
autos,1
ordinary,1
filament,1
beauties,1
john,1
reconsider,1
straightens,1
8x10,1
boyfriend,1
handicapped,1
deja,1
misses,1
clearance,1
urgent,1
glumly,1
missed,1
drips,1
joke,1
whereabouts,1
discovery,1
sigh,1
auto,1
anger,1
thinkin',1
panting,1
son,1
ghoulishly,1
champagne,1
civvies,1
incoming,1
unnerved,1
descends,1
pokes,1
wiggles,1
poker,1
permanently,1
mammoth,1
relevant,1
bob,1
curses,1
attached,1
graffiti,1
jolt,1
infinitely,1
candy,1
drugstore,1
bow,1
ripped,1
upstairs,1
astounding,1
loses,1
politely,1
consumer,1
cripple,1
facial,1
console,1
unfortunate,1
plays,1
interesting,1
frightful,1
editions,1
unauthorized,1
decrepit,1
convulsions,1
stance,1
stumble,1
dancing,1
blades,1
elbow,1
armless,1
murderers,1
threatening,1
buried,1
beautification,1
fighting,1
somewhere,1
raiser,1
horrible,1
what'd,1
buries,1
horribly,1
smithereens,1
hurricane,1
suffuses,1
zigzag,1
detour,1
gurgle,1
wiped,1
hind,1
curtains,1
sum,1
managed,1
cartons,1
fotomat,1
surreal,1
stopped,1
laying,1
manager,1
lighter,1
skylight,1
threatened,1
tickled,1
mustachioed,1
crapped,1
140,1
numbly,1
hill,1
tightly,1
depths,1
mystified,1
instincts,1
intervene,1
incomprehension,1
zero,1
recognizable,1
luggage,1
buzzing,1
missile,1
dynamic,1
fragments,1
buckets,1
degree,1
windstorm,1
reins,1
refilling,1
tube,1
hint,1
carpet,1
flammable,1
gallup,1
horns,1
storefront,1
speeding,1
records,1
deuce,1
idea,1
figured,1
throng,1
clangs,1
shelves,1
magnum,1
backing,1
throughout,1
pedal;,1
successful,1
skulls,1
normal,1
irresistable,1
typed,1
motifs,1
nights,1
ones,1
cartoonist,1
compromise,1
shampoo,1
sack,1
enraptured,1
backed,1
childish,1
react,1
hesitant,1
hiss,1
bumping,1
children,1
clambering,1
sprouts,1
natural,1
soundless,1
comprehension,1
merciless,1
matronly,1
nightmarish,1
nothingness,1
unison,1
james,1
gazette,1
inexorably,1
overseas,1
weak,1
screens,1
leap,1
mortem,1
regular,1
carefree,1
blanketing,1
tired,1
leaf,1
token,1
filter,1
site,1
highlights,1
burners,1
robe,1
drape,1
dozes,1
cameraman,1
bombs,1
sags,1
pose;,1
plain,1
hygiene,1
cologne,1
conspicuous,1
campfire,1
indistinct,1
basins,1
furious,1
tar,1
bitch,1
ugly,1
wraps,1
lovers,1
quickens,1
chances,1
person,1
files,1
maitre,1
departure,1
arsenal,1
potentially,1
sail,1
cab,1
balls,1
moneybags,1
skidding,1
tune,1
albert,1
cat,1
topped,1
idly,1
studies,1
smooth,1
horde,1
compliments,1
standoff,1
idle,1
jazzed,1
match,1
harold,1
hail,1
played,1
clothes,1
carries,1
oblivious,1
gogh,1
'boardroom,1
throes,1
straightaway,1
