belle,466
beast,298
gaston,227
maurice,179
castle,151
cont'd,142
cogsworth,114
up,113
lumi√àre,109
mrs,102
potts,101
lefou,95
night,83
out,82
down,81
int,76
back,75
one,73
lumi√®re,68
looks,63
ext,60
see,59
door,56
chip,56
eyes,49
through,48
now,47
prince,45
i'm,44
village,44
day,43
go,43
philippe,43
plumette,43
oh,41
garderobe,41
turns,39
villagers,39
room,36
away,36
rose,35
time,35
don't,34
cadenza,34
around,34
onto,33
love,33
never,33
face,33
father,32
girl,31
old,30
sees,30
look,29
come,29
before,29
over,28
table,28
open,27
hand,26
know,26
yes,26
again,26
more,26
staircase,25
well,25
beautiful,25
staff,25
wing,25
guest,23
moves,23
good,22
west,22
still,22
woods,22
another,22
way,22
head,22
wolves,22
find,22
ballroom,21
music,20
here,20
mirror,20
jean,20
takes,20
i'll,20
i've,20
turn,19
foyer,19
begins,19
want,19
light,19
wagon,19
master,19
something,19
tea,18
right,18
hands,18
agathe,18
window,18
doesn't,18
life,18
help,18
chapeau,18
mother,18
book,18
past,17
opens,17
long,17
reveal,17
much,17
you're,17
turret,17
mob,16
himself,16
drops,16
very,16
froufrou,16
lair,16
take,16
reaches,16
can't,16
clothilde,16
beauty,16
little,16
dinner,16
omitted,15
human,15
grounds,15
leave,15
dining,15
days,15
coming,15
candelabra,15
clock,15
suddenly,15
place,15
thank,14
landing,14
toward,14
stop,14
approaches,14
maestro,14
wife,14
dark,14
small,14
evening,14
narrator,14
runs,14
kill,14
move,14
stands,14
makes,14
once,14
moment,13
think,13
tell,13
smiles,13
finally,13
dog,13
feet,13
bedroom,13
leaps,13
outside,13
home,13
smile,13
steps,13
inside,13
please,13
until,13
grabs,13
watches,13
sun,13
climbs,13
woman,12
floor,12
each,12
feel,12
coat,12
we're,12
jumps,12
free,12
close,12
nothing,12
terrace,12
rest,12
world,12
angle,12
stone,12
goes,12
tom,11
make,11
wolf,11
cottage,11
town,11
stairs,11
lands,11
arms,11
last,11
balcony,11
villeneuve,11
jar,11
arm,11
notices,11
pulls,11
crowd,11
boy,11
morning,11
horse,11
picks,10
two,10
glass,10
d'arque,10
gazes,10
holds,10
play,10
enchanted,10
dick,10
nods,10
course,10
magic,10
even,10
pere,10
lasses,10
robert,10
people,10
doors,10
first,10
you'll,10
sorry,10
cart,10
bed,10
large,10
behind,10
sits,10
same,9
making,9
try,9
kitchen,9
thing,9
going,9
later,9
man,9
stand,9
need,9
end,9
isn't,9
below,9
quickly,9
far,9
footman,9
places,9
hear,9
madame,9
seen,9
puts,9
ground,9
lights,9
snow,9
escape,9
tree,9
tight,9
monsieur,9
years,9
air,9
read,9
thought,9
those,9
daughter,9
set,9
figure,9
really,9
stanley,9
better,8
cup,8
means,8
papa,8
path,8
under,8
club,8
enters,8
above,8
lost,8
books,8
rushes,8
shoulder,8
dance,8
eye,8
remains,8
rise,8
give,8
bring,8
tears,8
watching,8
library,8
closes,8
surrounded,8
bonjour,8
wind,8
paw,8
late,8
headmaster,8
passes,8
hope,8
spins,8
perfect,8
petal,8
inn,8
lumiere,8
trolley,8
leaving,8
show,8
enough,8
front,8
alive,8
side,8
change,8
falls,8
stops,8
leap,8
ready,8
top,7
mademoiselle,7
tower,7
watch,7
starts,7
washer,7
enter,7
barely,7
done,7
grand,7
mama,7
remember,7
knock,7
work,7
eat,7
spell,7
against,7
cell,7
whispers,7
great,7
rage,7
heads,7
swings,7
de,7
follows,7
diva,7
harpsichord,7
massive,7
you've,7
everyone,7
marry,7
pistol,7
lifts,7
song,7
hops,7
return,7
heart,7
afraid,7
ice,7
bottom,7
catches,7
dust,7
kind,7
strong,7
deep,7
everything,7
break,7
box,7
plays,7
friend,7
hits,7
towards,7
herself,7
left,6
rope,6
walks,6
pain,6
start,6
part,6
finds,6
mind,6
highest,6
believe,6
stay,6
voice,6
walking,6
silence,6
moving,6
neck,6
gates,6
family,6
shape,6
new,6
didn't,6
races,6
wham,6
white,6
hidden,6
breaks,6
happened,6
wrong,6
alone,6
turrets,6
sure,6
looking,6
hurt,6
stares,6
second,6
pretty,6
closer,6
country,6
lies,6
they're,6
she'll,6
i'd,6
dress,6
follow,6
rides,6
prison,6
dawn,6
talking,6
blue,6
young,6
we'll,6
shadows,6
tonight,6
beneath,6
wall,6
walk,6
funny,6
rattle,6
windows,6
shadow,6
happy,6
barrel,6
hot,6
meet,6
hold,6
tale,6
potter,6
together,6
hears,6
true,6
appears,6
actually,6
wonder,6
laverie,6
filled,6
points,6
always,6
ask,6
run,6
care,6
shut,6
boys,6
kiss,6
corner,6
hello,6
several,6
high,6
sing,6
children,6
between,6
seeing,6
paris,6
legs,5
spiral,5
empty,5
gone,5
taking,5
roars,5
cut,5
won't,5
three,5
lot,5
quick,5
water,5
brings,5
miss,5
thick,5
lock,5
made,5
maid,5
met,5
trees,5
10,5
mask,5
forever,5
fingers,5
word,5
loud,5
seems,5
instead,5
forest,5
sweet,5
rises,5
crosses,5
valet,5
nasty,5
reaching,5
running,5
waves,5
maybe,5
furniture,5
servants,5
rack,5
keep,5
ah,5
fool,5
feather,5
french,5
become,5
edge,5
gaze,5
eerie,5
wardrobe,5
fabric,5
continues,5
sound,5
candles,5
tosses,5
strange,5
understand,5
slowly,5
wait,5
quietly,5
giving,5
pot,5
gives,5
standing,5
school,5
things,5
brush,5
warm,5
battering,5
put,5
chair,5
beat,5
square,5
trying,5
comes,5
talk,5
colonnade,5
waiting,5
alpha,5
fine,5
best,5
heard,5
revealing,5
pond,5
laughs,5
holding,5
ram,5
poof,5
embrace,5
melody,5
smashes,5
hooves,5
already,5
lightning,5
walkway,5
came,5
call,5
calm,5
view,5
bowl,5
causing,5
saw,5
gets,5
bad,5
majordomo,5
words,5
fishmonger,5
bit,5
beside,5
begin,5
candle,5
motions,5
descends,5
reacts,5
doing,5
idea,5
teeth,5
sunlight,5
safe,5
hair,5
gold,4
dismounts,4
others,4
laugh,4
hard,4
cheer,4
block,4
spots,4
women,4
upon,4
gown,4
pardon,4
wounded,4
dread,4
feathers,4
chest,4
lonely,4
low,4
east,4
someone,4
asylum,4
crack,4
whose,4
#1,4
die,4
hideous,4
final,4
ettes,4
being,4
curse,4
terrible,4
handsome,4
breath,4
napkin,4
men,4
exactly,4
danger,4
crash,4
boxes,4
singing,4
frozen,4
20,4
shelter,4
mid,4
fell,4
30,4
childhood,4
50,4
step,4
mon,4
winter,4
year,4
leading,4
branch,4
tock,4
descend,4
napkins,4
loose,4
tries,4
told,4
tried,4
took,4
shall,4
shame,4
rolls,4
cheese,4
slow,4
horror,4
hugs,4
huge,4
swinging,4
next,4
footbridge,4
war,4
certain,4
you'd,4
market,4
drinks,4
claws,4
fly,4
girls,4
four,4
flatware,4
torches,4
painting,4
seem,4
pull,4
joins,4
smiling,4
cold,4
proof,4
blow,4
hero,4
carriage,4
ahead,4
sets,4
lips,4
faces,4
yours,4
wish,4
hurls,4
promontory,4
we've,4
guy,4
counting,4
tick,4
wasn't,4
circle,4
found,4
offers,4
artist,4
terrified,4
sounds,4
ceiling,4
darling,4
bell,4
fires,4
strike,4
torch,4
soup,4
falling,4
fire,4
tavern,4
provincial,4
five,4
finding,4
anyone,4
church,4
fall,4
covered,4
poor,4
pops,4
pushes,4
courage,4
slips,4
minute,4
gentle,4
gently,4
broken,4
worry,4
cane,4
distance,4
mouth,4
fangs,4
slide,4
cuisini√àr,4
protect,4
chandelier,4
transforms,4
bows,4
battle,4
forgive,4
getting,4
big,4
corridor,4
join,4
sky,4
bread,4
snatches,4
100,4
backs,4
stool,4
upper,4
surprised,4
vast,4
lovely,4
road,4
dozen,4
growing,4
person,4
who'd,4
clothes,4
half,3
circular,3
temper,3
hang,3
wheels,3
sotto,3
gargoyles,3
realizes,3
fountain,3
loved,3
question,3
lets,3
raise,3
less,3
times,3
doctor,3
harness,3
leg,3
antlers,3
unable,3
shoot,3
reflection,3
full,3
memory,3
house,3
fallen,3
flowers,3
fellow,3
teacup,3
villager,3
startled,3
easy,3
spotlight,3
puzzled,3
petals,3
baby,3
proudly,3
fear,3
thief,3
pours,3
forward,3
continuous,3
becomes,3
11,3
12,3
13,3
14,3
15,3
16,3
17,3
18,3
myself,3
19,3
wonderful,3
cracking,3
animal,3
21,3
22,3
23,3
24,3
25,3
26,3
27,3
28,3
29,3
slams,3
31,3
32,3
cuts,3
33,3
34,3
35,3
36,3
37,3
38,3
39,3
40,3
41,3
42,3
43,3
44,3
46,3
47,3
48,3
49,3
wood,3
51,3
52,3
53,3
54,3
55,3
surprise,3
57,3
58,3
59,3
flying,3
60,3
63,3
64,3
65,3
66,3
67,3
68,3
69,3
speed,3
70,3
71,3
72,3
73,3
74,3
75,3
76,3
77,3
78,3
79,3
80,3
81,3
82,3
83,3
84,3
85,3
86,3
87,3
88,3
89,3
whole,3
90,3
91,3
92,3
93,3
94,3
95,3
96,3
97,3
lose,3
explosions,3
makeshift,3
returns,3
toes,3
wouldn't,3
learn,3
spring,3
ride,3
gallops,3
happens,3
slightly,3
charming,3
sharp,3
bushes,3
flies,3
shake,3
torn,3
harder,3
whisper,3
remain,3
wanted,3
feels,3
jaws,3
such,3
grab,3
features,3
lived,3
flame,3
lowers,3
double,3
dishes,3
used,3
few,3
rain,3
hangs,3
unsure,3
along,3
leans,3
fit,3
giant,3
excited,3
foot,3
food,3
chairs,3
image,3
eh,3
frame,3
odd,3
sending,3
locked,3
ow,3
crumbling,3
monster,3
single,3
explodes,3
frightened,3
pure,3
wide,3
reading,3
held,3
beyond,3
they'll,3
oui,3
gasps,3
nervously,3
snaps,3
garret,3
sent,3
dazzling,3
note,3
line,3
hearts,3
lunges,3
nose,3
washing,3
chips,3
without,3
wields,3
creature,3
ridge,3
portrait,3
approach,3
flashes,3
parapet,3
twirl,3
terror,3
rising,3
land,3
followed,3
retreats,3
thinks,3
rooftop,3
chasm,3
slides,3
buys,3
cautiously,3
disappears,3
warn,3
playing,3
wave,3
anything,3
tray,3
tiny,3
sword,3
garden,3
choice,3
duster,3
soap,3
clean,3
mean,3
hearing,3
tail,3
promise,3
tall,3
cupola,3
peculiar,3
iron,3
sings,3
playfully,3
machine,3
serve,3
laughter,3
soul,3
dangerous,3
howl,3
except,3
fist,3
fade,3
potts',3
household,3
leaves,3
keeper,3
loudly,3
growls,3
fair,3
itself,3
nice,3
clearly,3
spits,3
rhyme,3
spinning,3
rumble,3
resplendent,3
shakes,3
setting,3
glimpses,3
withered,3
spin,3
red,3
eggs,3
exit,3
spot,3
aim,3
future,3
removes,3
touch,3
dusty,3
taste,3
jam,3
lifted,3
name,3
shop,3
mantle,3
resting,3
truly,3
ducks,3
both,3
spread,3
bam,3
dead,3
france,3
fades,3
clears,3
breathing,3
cobbler,3
farmer,3
fresh,3
peers,3
pursuit,3
emerges,3
thunders,3
knees,3
anger,3
champagne,3
different,3
throws,3
evermore,3
bow,3
somewhere,3
reunited,3
pleasure,3
hind,3
scrambles,3
silent,3
storm,3
cloak,3
sink,3
missing,3
strokes,3
enchantress,3
ones,3
sight,3
roar,3
scared,3
lead,3
knocking,3
tune,3
dusting,3
reads,3
prepare,2
fifty,2
pick,2
gloomy,2
ten,2
sake,2
fearless,2
quiet,2
shouldn't,2
barricade,2
salt,2
straight,2
sunset,2
bubbling,2
rubberneckers,2
slavering,2
gorgeous,2
shivering,2
romantic,2
cheek,2
103a,2
creepy,2
illuminates,2
bringing,2
crazy,2
homage,2
walls,2
maidens,2
picture,2
arrows,2
lad,2
unfurls,2
quite,2
lap,2
law,2
mounting,2
wound,2
bittersweet,2
cry,2
prey,2
concern,2
breathtaking,2
opposite,2
wasting,2
starve,2
attack,2
worried,2
clad,2
prayer,2
collapses,2
surely,2
smell,2
blows,2
lit,2
26a,2
shrieks,2
26b,2
sudsy,2
chess,2
dominated,2
cheesemaker,2
center,2
29a,2
facade,2
pale,2
furiously,2
warmth,2
teaching,2
disturbs,2
launched,2
slashed,2
keeps,2
scattering,2
oops,2
montmartre,2
seeking,2
third,2
gratitude,2
earn,2
further,2
stack,2
couldn't,2
beasts,2
`til,2
pass,2
carefully,2
shock,2
grateful,2
postern,2
candlesticks,2
dim,2
dip,2
forgotten,2
strap,2
feast,2
paws,2
embraces,2
company,2
stirs,2
blessed,2
balance,2
fuming,2
revealed,2
pitch,2
juliet,2
silenced,2
skid,2
goodbye,2
mad,2
laundry,2
darts,2
subject,2
use,2
terribly,2
main,2
peering,2
waste,2
nonsense,2
cups,2
32a,2
threat,2
sweeps,2
hiding,2
stick,2
outer,2
impatiently,2
hasn't,2
dirty,2
middle,2
though,2
seller,2
suffering,2
locks,2
paces,2
needed,2
lord,2
5a,2
beats,2
separates,2
axes,2
beastly,2
waddles,2
swats,2
punch,2
prepared,2
scarred,2
discover,2
cleaned,2
weaves,2
squeezes,2
landscape,2
saved,2
near,2
72aa,2
inspired,2
chandeliers,2
howls,2
sleep,2
pushing,2
ridiculous,2
notes,2
124b,2
124a,2
hardly,2
statuary,2
private,2
lined,2
vagrant,2
special,2
horizon,2
nuzzles,2
bichon,2
jokes,2
gift,2
called,2
brave,2
darkness,2
carved,2
hadn't,2
honor,2
entrance,2
martha,2
elderly,2
trick,2
dreamy,2
frantically,2
grunt,2
decides,2
echo,2
shoots,2
douses,2
voices,2
flash,2
bucks,2
drunken,2
clasps,2
leads,2
gargoyle,2
grey,2
nearby,2
fat,2
catch,2
plan,2
lives,2
bewildered,2
comfortable,2
study,2
older,2
grin,2
wet,2
pleased,2
widows,2
hunt,2
voyage,2
effect,2
solemn,2
game,2
parallel,2
dies,2
various,2
uses,2
powders,2
fix,2
doubts,2
boiling,2
search,2
whoa,2
barmaid,2
familiar,2
breaths,2
gasp,2
du,2
woo,2
won,2
scary,2
needs,2
snarl,2
piece,2
perhaps,2
covers,2
form,2
ha,2
wrestling,2
presents,2
whips,2
speechless,2
easily,2
intimidating,2
plates,2
lower,2
somebody,2
gave,2
turned,2
sadly,2
knew,2
draw,2
knee,2
la,2
mm,2
feeling,2
dish,2
somehow,2
dive,2
fight,2
sitting,2
bracing,2
determination,2
haven't,2
seat,2
yelps,2
liar,2
thanked,2
whirling,2
shudder,2
closed,2
they've,2
loaded,2
amazing,2
uh,2
hides,2
suppose,2
drop,2
saucer,2
shaped,2
learning,2
swirling,2
exits,2
teach,2
torment,2
hell,2
seizes,2
closing,2
abandoned,2
leather,2
lift,2
force,2
create,2
proud,2
branches,2
lasses',2
send,2
moonlight,2
scale,2
riding,2
allowing,2
piping,2
dignity,2
skies,2
wild,2
remote,2
he'll,2
baker,2
arrives,2
anybody,2
arrived,2
suite,2
speaks,2
enormous,2
child,2
live,2
service,2
snip,2
invisible,2
entire,2
mule,2
queen,2
magnificent,2
pie,2
wilting,2
clatters,2
mustering,2
prisoner,2
design,2
tied,2
italian,2
formerly,2
snorts,2
welcome,2
ajar,2
pov,2
charm,2
whoosh,2
needing,2
guides,2
hat,2
realize,2
trapped,2
wary,2
wash,2
weapon,2
ends,2
circles,2
candlelight,2
panicked,2
meets,2
she'd,2
grown,2
strides,2
sliding,2
benevolently,2
listen,2
hit,2
consider,2
absolutely,2
request,2
reveals,2
point,2
meal,2
romeo,2
monstrous,2
innocent,2
jump,2
loyal,2
teacups,2
begs,2
poppet,2
june,2
answer,2
calls,2
d'oeuvres,2
besting,2
restored,2
70a,2
vision,2
confusion,2
71a,2
72a,2
72b,2
72c,2
although,2
marching,2
hood,2
reached,2
sellers,2
painted,2
dives,2
within,2
banquet,2
cough,2
confused,2
host,2
78a,2
fill,2
forget,2
hors,2
position,2
glow,2
curtain,2
scrubs,2
transform,2
troubled,2
rubs,2
puzzle,2
pulling,2
cover,2
coughing,2
outfit,2
pointed,2
fish,2
melancholy,2
staring,2
dramatic,2
indeed,2
dresser,2
underneath,2
snowball,2
favorite,2
appearance,2
desserts,2
graceful,2
space,2
chamber,2
baguette,2
fading,2
death,2
advice,2
expensive,2
round,2
horses,2
objects,2
ran,2
unlocking,2
snore,2
warms,2
throat,2
swing,2
fast,2
saddle,2
yanks,2
escaped,2
therefore,2
trust,2
whinnies,2
boar,2
whistle,2
fiddle,2
presenting,2
urges,2
speak,2
rests,2
royal,2
89a,2
body,2
barrels,2
real,2
ami,2
quiver,2
saying,2
snowy,2
looked,2
crib,2
jaw,2
using,2
handed,2
taken,2
pudding,2
ate,2
yourself,2
worse,2
disappear,2
learned,2
cape,2
poured,2
piano,2
apothecary,2
princess,2
bounds,2
freedom,2
display,2
deathbed,2
momentarily,2
simple,2
housewife,2
joy,2
guests,2
drags,2
bag,2
awake,2
plague,2
offer,2
bar,2
rubbish,2
peeks,2
ornate,2
angry,2
offered,2
bet,2
searches,2
94a,2
94b,2
parts,2
aren't,2
sir,2
sit,2
bound,2
gears,2
shudders,2
tomorrow,2
thinking,2
hooded,2
seethes,2
scramble,2
directly,2
floats,2
shuts,2
bon,2
fours,2
chance,2
bolts,2
embrasure,2
102,2
103,2
104,2
105,2
106,2
107,2
108,2
109,2
dancing,2
ledge,2
110,2
111,2
112,2
113,2
horrible,2
117,2
draws,2
119,2
120,2
121,2
122,2
124,2
126,2
127,2
129,2
11a,2
130,2
131,2
132,2
133,2
134,2
135,2
136,2
137,2
138,2
139,2
stopped,2
beloved,2
140,2
141,2
142,2
143,2
gallop,2
stones,2
story,2
written,2
passion,2
fills,2
14a,2
reins,2
higher,2
collects,2
slumped,2
sips,2
passing,2
reach,2
react,2
inches,2
nobody,2
overhead,2
beggar,2
weak,2
twisted,2
tired,2
argument,2
easel,2
resembles,2
shredded,2
furious,2
alarmed,2
excitement,2
lovers,2
retaliation,2
week,2
graham,2
floating,2
greatest,2
match,2
bites,2
nicely,1
tinkle,1
shooting,1
abrupt,1
smacks,1
guards,1
rabbit,1
daring,1
meanwhile,1
spreading,1
yourselves,1
size,1
downed,1
protective,1
sideways,1
telling,1
roll,1
minds,1
corners,1
disgruntled,1
selfish,1
wreak,1
tabletop,1
blood,1
halt,1
outdoors,1
throw,1
exciting,1
confront,1
tie,1
illiterate,1
til,1
tip,1
tweezers,1
levitate,1
wistfully,1
sane,1
encircles,1
walked,1
aside,1
supposed,1
anticipating,1
bursting,1
tasteless,1
provided,1
harp,1
clinging,1
flown,1
nowhere,1
swishing,1
lend,1
offy,1
swords,1
haggard,1
romance,1
extinguished,1
artistry,1
atlas,1
pile,1
gosh,1
extinguishes,1
compatriot,1
sash,1
struck,1
hate,1
pressed,1
tightens,1
pike,1
distant,1
adjusts,1
traveling,1
rains,1
esther,1
presses,1
orders,1
razor,1
dumps,1
grated,1
lamplighter,1
stagger,1
matter,1
bothering,1
listens,1
famous,1
loves,1
trots,1
whirlpool,1
discouraged,1
cod,1
traveler,1
basking,1
celestial,1
coy,1
governess,1
imploding,1
biggest,1
spoon,1
lay,1
adventure,1
thirsty,1
shining,1
spotlights,1
emanate,1
walk',1
hastily,1
direction,1
scooting,1
stable,1
respond,1
tub,1
caught,1
geese,1
splits,1
gotten,1
rabbits,1
pity,1
silverware,1
horrified,1
refrain,1
pace,1
opulence,1
swells,1
courtesy,1
pack,1
cue,1
creating,1
whirls,1
shots,1
sweeping,1
perfectly,1
bashes,1
probably,1
manly,1
warmly,1
shattering,1
desired,1
calmly,1
ignites,1
shout,1
situation,1
plummette,1
occurred,1
anxiously,1
cyrano,1
replaced,1
team,1
haughty,1
platoon,1
mistress,1
polish,1
cabinet,1
fashion,1
thigh,1
lie,1
lip,1
registers,1
shoos,1
twists,1
they'd,1
pacing,1
page,1
pepper,1
quoi,1
cared,1
starry,1
chews,1
opposing,1
stars,1
pair,1
wiser,1
gravity,1
illuminated,1
tentatively,1
recoil,1
funnel,1
crossbow,1
imagined,1
climb,1
crumpled,1
whoever,1
golden,1
ivories,1
plunk,1
metallic,1
coast,1
tamps,1
provide,1
eyebrows,1
famished,1
sorrows,1
circling,1
bright,1
planned,1
scoots,1
glasses,1
1991,1
assure,1
prop,1
tumble,1
merely,1
wealth,1
twitch,1
rudimentary,1
celebrates,1
bedside,1
performed,1
chere,1
eternal,1
fetch,1
clink,1
awed,1
recognizing,1
husband,1
flames,1
daughters,1
speeds,1
jewelry,1
raising,1
drinking,1
sacrifice,1
slashes,1
stays,1
countless,1
ease,1
overrun,1
vertically,1
sakes,1
jealousy,1
brimming,1
specimen,1
scoops,1
exotic,1
piles,1
relief,1
hinges,1
wildly,1
heaving,1
unbelievable,1
statues,1
noticing,1
heavily,1
demands,1
dearest,1
pats,1
sketches,1
flushes,1
clop,1
grate,1
friend/boss,1
buyer,1
eats,1
smear,1
touched,1
clockwork,1
grass,1
handing,1
rigid,1
mine,1
adjoining,1
#2,1
touches,1
stage,1
taught,1
stiffens,1
complicated,1
`tick,1
dig,1
glides,1
pinking,1
cheated,1
mimes,1
bird,1
midst,1
seated,1
journey,1
test,1
reviving,1
straw,1
greets,1
gratefully,1
overwhelmed,1
worthy,1
endless,1
title,1
mist,1
pound,1
bite,1
ignore,1
tearfully,1
poetry,1
crazed,1
besotted,1
relax,1
length,1
up',1
henry,1
blanket,1
saber,1
helping,1
exhausted,1
tiles,1
stale,1
bollywood,1
kindness,1
glittering,1
immaculate,1
inspecting,1
bits,1
statue,1
appreciation,1
sense,1
stall,1
field,1
plucks,1
warned,1
bags,1
glanced,1
scattered,1
known,1
pristine,1
surround,1
recombine,1
knows,1
tom/dick/stanley,1
florists,1
cabbages,1
bless,1
unseen,1
recognition,1
teenage,1
mais,1
liked,1
manhandled,1
combine,1
cries,1
dry,1
streak,1
feed,1
wallop,1
directions,1
latticework,1
awww,1
tinkering,1
ball,1
airborne,1
relive,1
transformed,1
lullaby,1
tiered,1
rapidly,1
fright,1
operatic,1
wakes,1
due,1
waking,1
mercy,1
s'il,1
sorrow,1
bank,1
scurry,1
drawing,1
released,1
height,1
sleeps,1
august,1
drowns,1
lancelot,1
gilding,1
received,1
amour,1
quality,1
silhouetted,1
spinster,1
cute,1
crumbles,1
glance,1
boots,1
mix,1
stiff,1
singin',1
many,1
releases,1
controlled,1
appear,1
stab,1
definitely,1
increasing,1
glide,1
melted,1
45,1
forced,1
darker,1
roughly,1
crushes,1
56,1
yawns,1
beard,1
dropping,1
felt,1
bears,1
secures,1
troubling,1
culinary,1
61,1
charmed,1
unlocks,1
62,1
allow,1
knocks,1
blankets,1
18th,1
bitter,1
common,1
themselves,1
twig,1
bath,1
entertains,1
navigating,1
debutantes,1
bars,1
incredibly,1
attic,1
unprotected,1
mark,1
base,1
shovels,1
mom,1
seeps,1
gawking,1
antiques,1
sacrebleu,1
attempts,1
98,1
99,1
lumps,1
beams,1
refrains,1
rickety,1
knowing,1
pining,1
flock,1
signature,1
churn,1
forehead,1
foundation,1
appearances,1
playful,1
gusto,1
`round,1
r√©sistance,1
gathering,1
sconces,1
buckle,1
devotion,1
exists,1
escort,1
/ext,1
existence,1
butcher,1
desolate,1
coarse,1
hunter,1
expecting,1
scrubbed,1
cascade,1
cavity,1
coward,1
slaps,1
squeezed,1
preparing,1
concerto,1
mud,1
clouds,1
sweetest,1
accompaniment,1
stephen,1
spent,1
command,1
dessert,1
jabs,1
tally,1
winces,1
ego,1
anguish,1
shrewish,1
famine,1
neat,1
surveying,1
inviting,1
planning,1
guess,1
flanks,1
ragout,1
happening,1
entertainers,1
thrashes,1
scratches,1
windowpane,1
immediately,1
dabbing,1
reciting,1
slam,1
intrusion,1
upside,1
tearing,1
emerge,1
feathering,1
rounds,1
addressing,1
damnation,1
evidence,1
eager,1
straps,1
tinkers,1
cringes,1
sled,1
chases,1
groomed,1
poised,1
cruel,1
exquisite,1
gather,1
brainless,1
ohhh,1
vestry,1
cocks,1
useful,1
punches,1
companion,1
backside,1
landmarks,1
sleeping,1
flutters,1
snarling,1
stretch,1
plummets,1
havoc,1
vor,1
dumped,1
packed,1
illuminate,1
drifting,1
`would,1
skittishly,1
linda,1
praise,1
scissors,1
frenzy,1
berkeley,1
kicks,1
flinches,1
shaft,1
atmosphere,1
education,1
springs,1
rolled,1
soulfully,1
deepest,1
judge,1
idiots,1
forth,1
weathered,1
crossing,1
driver,1
singer,1
aback,1
asked,1
melodramatic,1
belts,1
elegant,1
slurps,1
honestly,1
linger,1
grandmother,1
plops,1
slip,1
finest,1
primped,1
tucked,1
shaky,1
catching,1
settings,1
breastplate,1
scales,1
snivelling,1
ravenously,1
skateboard,1
unexpectedly,1
spies,1
soulful,1
adjacent,1
super,1
appetite,1
muttering,1
transpose,1
forms,1
shift,1
skills,1
accusation,1
builds,1
pivot,1
mimicking,1
fully,1
shoeing,1
hollers,1
countries,1
expectorating,1
soleil,1
rotten,1
guarantee,1
nobly,1
rips,1
gray,1
anguished,1
stillness,1
insane,1
bared,1
outwards,1
lothario,1
black,1
tout,1
boring,1
retract,1
foam,1
genuinely,1
cocoon,1
seeming,1
attractive,1
imagine,1
flings,1
parisian,1
yards,1
embarrassing,1
swoops,1
rallies,1
clothing,1
aloud,1
nod,1
blind,1
intrude,1
perfume,1
central,1
intrigued,1
tempered,1
statement,1
faintly,1
greek,1
news,1
thoughts,1
green,1
locking,1
greet,1
grew,1
preening,1
risk,1
attempted,1
razors,1
slurp,1
hoofprint,1
flair,1
modest,1
fan,1
crush,1
pricked,1
stuck,1
taxed,1
struggling,1
petting,1
liver,1
survived,1
hunched,1
ladies,1
fever,1
ahhh,1
clippity,1
gain,1
burned,1
slanted,1
relieves,1
commandeered,1
grip,1
duped,1
meanings,1
footfall,1
sexiest,1
shirt,1
eruption,1
board,1
grim,1
stuff,1
pursuing,1
fed,1
halloween,1
stressed,1
letting,1
cellar,1
gruesome,1
stumbling,1
plea,1
keen,1
effects,1
hunk,1
skate,1
staggers,1
flirtatious,1
unexpected,1
deserves,1
herbs,1
damned,1
wig,1
curtsies,1
hospitality,1
muffled,1
dieu,1
win,1
mocked,1
lefou;,1
shine,1
bespeaking,1
sorcery,1
sculpted,1
attention,1
shiny,1
shins,1
unfold,1
grunts,1
dipped,1
`g,1
hearted,1
losing,1
investigates,1
ablaze,1
grow,1
squashing,1
veil,1
former,1
panic,1
haunted,1
cuckoo,1
turning,1
peace,1
folk,1
admire,1
rescued,1
firecracker,1
charge,1
breathe,1
gape,1
girly,1
haunt,1
whooshing,1
workbench,1
heating,1
wow,1
gash,1
decaying,1
en,1
tumbles,1
downstairs,1
marble,1
knife,1
celebration,1
screams,1
carry,1
fa,1
fog,1
hauls,1
fox,1
rate,1
trouble,1
plastered,1
crestfallen,1
pottery,1
sketching,1
drifts,1
withdraw,1
placed,1
hm,1
ho,1
shushes,1
divine,1
flourish,1
foul,1
diving,1
dispatches,1
agony,1
swooning,1
dejected,1
dismissed,1
doorway,1
rave,1
banners,1
understated,1
delusions,1
shakespeare,1
je,1
recovering,1
oversize,1
eagerness,1
majestic,1
banging,1
sparkling,1
tipping,1
digest,1
slump,1
cruelest,1
camera,1
delight,1
suggestion,1
wooded,1
fowl,1
dungeon,1
clearing,1
clank,1
clang,1
wooden,1
tipped,1
complete,1
fun,1
fur,1
pants,1
ma,1
wafting,1
o',1
trampoline,1
antique,1
groundskeepers,1
dabs,1
mr,1
windmill,1
dirt,1
plus,1
wrench,1
grabbing,1
dream,1
ne,1
noble,1
rays,1
tackroom,1
heat,1
gliding,1
hammer,1
keys,1
careful,1
storage,1
burly,1
positioned,1
heal,1
ok,1
allows,1
brief,1
homeless,1
intelligent,1
daisie,1
undergrowth,1
kisses,1
frise,1
rocket,1
promised,1
revulsion,1
speaking,1
freeze,1
bathed,1
`doggie,1
spoils,1
lowered,1
here'd,1
re,1
wander,1
`allo,1
checking,1
serenity,1
belly,1
evaporating,1
cabaret,1
bled,1
crawls,1
cabin,1
disturb,1
stormy,1
decision,1
necessary,1
fights,1
flower,1
massing,1
storms,1
enchant√©,1
workspace,1
aide,1
um,1
harried,1
upright,1
silhouette,1
brutes',1
bolster,1
knot,1
changed,1
medicines,1
changes,1
punctuated,1
shapes,1
settles,1
screw,1
shriek,1
hauled,1
fiercely,1
squeaking,1
dame,1
wigs,1
dragon,1
none,1
problem,1
deeply,1
asleep,1
presence,1
obsessed,1
plucked,1
nails,1
freshly,1
instrumental,1
splendor,1
mural,1
busby,1
dart,1
thrusts,1
resembling,1
power,1
whooshes,1
precious,1
sell,1
sally,1
apologize,1
smudge,1
staircases,1
self,1
coos,1
roses,1
her',1
addresses,1
heartbroken,1
grinning,1
spitting,1
firewood,1
ev'ry,1
girth,1
curious,1
creatures,1
stranded,1
nightmare,1
bullseye,1
drapes,1
hills,1
engaging,1
shyly,1
rarrr,1
conveyer,1
gloppy,1
confidence,1
garish,1
magical,1
cosy,1
snap,1
platter,1
flicker,1
recognized,1
buds,1
paragon,1
slows,1
flicked,1
tinhorn,1
thus,1
footlights,1
deflate,1
thud,1
machine',1
recognizes,1
wine,1
chapter,1
blossoming,1
blur,1
disrepair,1
strapped,1
athletically,1
bumps,1
ruined,1
echoes,1
subtle,1
tucks,1
chbosky,1
returned,1
undone,1
illuminating,1
cozy,1
pad,1
skipping,1
pan,1
inquisitive,1
chime,1
murder,1
mugs,1
pay,1
evan,1
erased,1
success,1
claims,1
agility,1
unnerving,1
devours,1
gathered;,1
remove,1
starvation,1
sneezing,1
menus,1
sexy,1
wits,1
victory,1
voce,1
tattered,1
battlefield,1
teeters,1
lady,1
hopeless,1
pocket,1
verona,1
reloads,1
trills,1
offense,1
focus,1
changing,1
usher,1
williams,1
pen,1
dripping,1
alright,1
heaven,1
loving,1
appearing,1
bulk,1
despair,1
larger,1
gun,1
instant,1
indicating,1
engages,1
injured,1
shaves,1
gonna,1
chores,1
impressions,1
dashingly,1
garments,1
pastry,1
ballroom/foyer,1
arrow,1
supernatural,1
frostbite,1
gleam,1
wake,1
earlier,1
whether,1
headstrong,1
sneak,1
moths,1
sway,1
basin,1
ushers,1
spooky,1
bush,1
sneers,1
blinks,1
ties,1
busy,1
working,1
bust,1
burn,1
bravissima,1
lamp,1
despite,1
darting,1
bury,1
shrivels,1
velvet,1
lamb,1
reunion,1
decay,1
bejeweled,1
ma√Ætre,1
chaos,1
plumette;,1
rifles,1
gunpowder,1
echoing,1
sopping,1
bravely,1
hallways,1
difference,1
sunrise,1
glimmering,1
gilded,1
scanning,1
chase,1
raving,1
anyway,1
pop,1
spoonful,1
emerging,1
latest,1
cruelty,1
uneasily,1
clenches,1
cupid,1
huddles,1
miniature,1
stables,1
tilt,1
screenplay,1
anymore,1
secure,1
placing,1
hag,1
hay,1
lass,1
coaxes,1
checks,1
outskirts,1
lefou/villagers,1
basement,1
rotating,1
hooked,1
complaining,1
brute,1
booming,1
settling,1
yesterday,1
rustic,1
stronger,1
heavens,1
denying,1
perk,1
assembled,1
steady,1
early,1
freaked,1
yep,1
intruder,1
dashing,1
bookworm,1
rakish,1
impossibly,1
bedroom/,1
hangers,1
ruffians,1
bravery,1
pets,1
nocturnal,1
forming,1
options,1
struggle,1
grows,1
vous,1
okay,1
having,1
twigs,1
lesson,1
outrageously,1
apparently,1
fearlessly,1
valuable,1
flinging,1
uncomfortably,1
lazy,1
layer,1
enraged,1
beaches,1
warily,1
theme,1
murmur,1
muddy,1
reverse,1
excitedly,1
waxy,1
lays,1
gallant,1
beam,1
sobs,1
bear,1
trampling,1
bean,1
group,1
repeatedly,1
bruised,1
workshop,1
resist,1
history,1
hurts,1
shutters,1
general,1
brewing,1
chef,1
clear,1
alternative,1
crowded,1
teapot,1
steams,1
hurry,1
hmm,1
beef,1
playtime,1
coverlet,1
snipped,1
trio,1
trip,1
appreciate,1
casually,1
dental,1
killer,1
soft,1
happen,1
souffle,1
court,1
houseware,1
route,1
lumbering,1
brushes,1
hop,1
boorish,1
opportunist,1
blocking,1
handiwork,1
enrolled,1
spare,1
spreads,1
emotional,1
outraged,1
deafening,1
march,1
appeals,1
glee,1
series,1
glen,1
sometimes,1
inclined,1
trail,1
trough,1
pecks,1
blame,1
carrying,1
beginning,1
deceived,1
exposed,1
passed,1
tank,1
outward,1
notice,1
respects,1
wafts,1
winged,1
idiot,1
screwdriver,1
solo,1
eternally,1
print,1
2016,1
whinny,1
winks,1
hug,1
sparkle,1
repulsed,1
guinevere,1
soon,1
tables,1
hoop,1
action,1
saucers,1
taloned,1
belt,1
savoring,1
unafraid,1
creak,1
disbelief,1
faraway,1
impression,1
dutifully,1
spittoon,1
explores,1
deliver,1
fosse,1
relights,1
pained,1
kneading,1
gathers,1
trays,1
attackers,1
trigger,1
menu,1
/int,1
tablecloth,1
concerned,1
spinsters,1
blade,1
expertly,1
bares,1
jolly,1
barge,1
cities,1
difficult,1
film,1
sort,1
friends,1
forges,1
leaning,1
concoction,1
present,1
spiliotopoulos,1
softly,1
adorable,1
belong,1
sheath,1
rooftops,1
borders,1
stalking,1
blinking,1
mess,1
troubles,1
splashes,1
extraordinary,1
bustles,1
helplessly,1
encouragement;,1
notre,1
glue,1
scream,1
Ôª?,1
sticking,1
based,1
spray,1
splattered,1
fray,1
waltzing,1
favoring,1
crackling,1
plants,1
spire,1
retaliate,1
designing,1
oldest,1
trips,1
invite,1
alarming,1
maids,1
`t',1
argumentative,1
loathing,1
lopes,1
icy,1
fits,1
hunger,1
bursts,1
slept,1
guessed,1
gulp,1
dance;,1
swept,1
surfaces,1
poet,1
`washing,1
yelping,1
ambulatory,1
flamb√©,1
stepping,1
uprights,1
price,1
briefly,1
decorating,1
dressed,1
ornamentation,1
pride,1
patrons,1
danced,1
distress,1
seize,1
isolated,1
causes,1
finishes,1
rubble,1
flurry,1
wherever,1
finger,1
rattling,1
paints,1
prefer,1
exhausting,1
drawers,1
finished,1
tromps,1
tossed,1
thugs,1
arthur,1
thrilling,1
unwitting,1
steal,1
pries,1
powder,1
bends,1
seemingly,1
jealous,1
moments,1
array,1
colored,1
steam,1
hobbling,1
listening,1
laaaaaa,1
ink,1
charging,1
tricks,1
pestle,1
fans,1
gust,1
relents,1
hurries,1
shimmies,1
contorting,1
precipice,1
farm,1
bellowing,1
grief,1
younger,1
excellent,1
lighting,1
shaking,1
smudged,1
charges,1
invaders,1
jerks,1
endure,1
comically,1
poster,1
charged,1
hairpins,1
fate,1
frenchmen,1
unkind,1
overs,1
pulled,1
unrefined,1
perfetta,1
trials,1
touristy,1
crashing,1
edifice,1
couple,1
flees,1
controls,1
senses,1
moved,1
duck,1
finish,1
ite,1
moustache,1
escapes,1
gesturing,1
pose,1
wrapping,1
distorted,1
helpless,1
respect,1
retreat,1
rages,1
guys,1
carnivore,1
tassle,1
exchange,1
hesitate,1
jawed,1
rifle,1
magically,1
choose,1
undo,1
elaborately,1
happiness,1
strikes,1
pour,1
histrionics,1
truth,1
pushed,1
crab,1
shoulders,1
smaller,1
ago,1
corridor/belle,1
number,1
connects,1
muscles,1
punish,1
saunters,1
slack,1
property,1
grandest,1
debris,1
cornered,1
ahh,1
handle,1
tough,1
animated,1
silver,1
mighty,1
sleeves,1
artisans,1
blessing,1
fathers,1
city,1
defeat,1
dazed,1
bubble,1
glows,1
maman,1
pivots,1
prototype,1
meantime,1
bobs,1
powerful,1
atop,1
`cause,1
acquaintance,1
icing,1
impressed,1
brains,1
cage,1
mister,1
ale,1
border,1
tying,1
finale,1
makeover,1
sadder,1
dusts,1
entertaining,1
jumping,1
rusting,1
pawing,1
flabby,1
row,1
guilt,1
buffed,1
perched,1
neurotic,1
hails,1
ladder,1
drawbridge,1
silently,1
barking,1
anywhere,1
slumps,1
roundelay,1
devoted,1
bouquets,1
bandaged,1
demand,1
mount,1
swirls,1
rrr,1
imitating,1
accuse,1
increased,1
pudgy,1
tarnished,1
art,1
shear,1
curls,1
kick,1
`scuse,1
rug,1
dusk,1
towering,1
mouse,1
ours,1
cracks,1
defiance,1
horned,1
delicious,1
camp,1
screaming,1
signals,1
cherie,1
accosts,1
parties,1
bolt,1
grins,1
planted,1
boom,1
shot,1
defend,1
street,1
stonework,1
sensing,1
vanished,1
bonk,1
awe,1
nervous,1
labyrinth,1
doomed,1
cast,1
reflexes,1
anxious,1
dressing,1
mops,1
grime,1
frost,1
incline,1
slick,1
admired,1
cackles,1
canvas,1
subduing,1
waits,1
scraps,1
matches,1
guillotine,1
saving,1
sticks,1
yaps,1
style,1
alms,1
exercise,1
fireplace,1
violas,1
glorious,1
cooking,1
nears,1
spotless,1
accounts,1
hotter,1
fris√â,1
minded,1
choking,1
cloud,1
smitten,1
totally,1
cavernous,1
described,1
violin,1
king,1
shatter,1
glamour,1
glimpse,1
affection,1
nerve,1
rudely,1
eaten,1
job,1
cloth,1
ascents,1
captain,1
forbid,1
inspiration,1
padlock,1
clingy,1
patient,1
sad,1
compliment,1
mentioned,1
wizened,1
favor,1
depicting,1
simply,1
wobbles,1
candlestick,1
completing,1
flickering,1
barricades,1
violated,1
gaining,1
globe,1
plans,1
victorious,1
flitting,1
sea,1
thwacking,1
servant,1
slicing,1
joined,1
inhaled,1
entered,1
tending,1
glowing,1
spyglass,1
eyed,1
astonished,1
performs,1
superhuman,1
beg,1
shouts,1
contact,1
cirque,1
craning,1
splendidly,1
plaster,1
faded,1
montage,1
quaver,1
adjust,1
villagers',1
roasting,1
helps,1
whimpers,1
fastens,1
trembling,1
stiffen,1
parade,1
enveloped,1
signs,1
instructs,1
captured,1
sin,1
sip,1
lump,1
six,1
knickknacks,1
oven,1
eyebrow,1
wearing,1
stroke,1
appealing,1
tunnel,1
elaborate,1
frustrated,1
sick,1
depicts,1
model,1
`stop,1
cradles,1
sentence,1
`tragic,1
chasing,1
buffeted,1
ordinary,1
foolish,1
drink,1
wildest,1
toothless,1
rears,1
straightens,1
crystal,1
focuses,1
emerged,1
finishing,1
gripped,1
bundle,1
italy,1
amidst,1
thorn,1
flutes,1
missed,1
mesmerized,1
cupboard,1
joke,1
bacon,1
punishment,1
hide,1
century,1
cursed,1
sign,1
northern,1
mortified,1
proceeds,1
split,1
dismantled,1
officially,1
inanimate,1
pokes,1
lever,1
bob,1
snatched,1
balustrade,1
candy,1
musketeers,1
total,1
upstairs,1
loses,1
nature,1
raised,1
cross,1
control,1
acknowledge,1
earth,1
howling,1
reread,1
musket,1
pains,1
scene,1
raises,1
intercut,1
drawn,1
heartache,1
squeezing,1
deny,1
escorts,1
remaining,1
glory,1
pitchforks,1
enhances,1
pi√®ce,1
apprehension,1
curtains,1
sum,1
flares,1
serving,1
clothilde;,1
referring,1
actively,1
knights,1
slipping,1
8am,1
loads,1
launch,1
handled,1
intervene,1
laughing,1
taunting,1
revelation,1
blunderbuss,1
brushing,1
stunned,1
unclasps,1
instantly,1
jour,1
buzzing,1
beatrice,1
stole,1
especially,1
rooooaarrrr,1
desk,1
hint,1
horns,1
mortar,1
figures,1
throne,1
recreated,1
nighty,1
infantry,1
shelves,1
assesses,1
backing,1
elys√©es,1
punching,1
damsel,1
monocle,1
flute,1
nights,1
sack,1
lightly,1
gendarmes,1
tugs,1
following,1
racing,1
flag,1
unison,1
aurora,1
rock,1
blocked,1
lean,1
lovingly,1
flat,1
beyonc√©,1
bigger,1
tremble,1
suggest,1
leaf,1
emotion,1
woolverton,1
squalor,1
apology,1
propping,1
begun,1
hopeful,1
crashes,1
dentures,1
plait,1
seething,1
miraculously,1
raucous,1
seamstresses,1
balks,1
bouquet,1
wraps,1
wipes,1
chances,1
testimony,1
checkmate,1
champs,1
weakly,1
flee,1
hedge,1
sais,1
aware,1
filthy,1
eligible,1
player,1
smooth,1
cleaning,1
distracted,1
accent,1
nauseous,1
carrier,1
clutches,1
oblivious,1
eases,1
shreds,1
tends,1
debonair,1
