stephen,577
jane,449
continued,148
jonathan,121
day,110
everything,108
brian,106
theory,105
int,102
up,89
sciama,86
cont'd,85
back,63
looks,62
time,58
out,51
smiles,50
elaine,46
ext,43
eyes,43
hawking,42
cambridge,40
now,40
room,39
two,39
night,37
look,36
road,36
down,35
go,35
don't,34
well,34
frank,34
one,34
see,34
know,32
over,32
black,31
through,29
front,29
i'm,28
more,28
click,27
doctor,26
stares,25
first,25
finally,24
very,24
before,24
angle,24
hand,23
beryl,23
come,23
flat/cambridge,23
each,22
cut,22
moment,22
turns,22
looking,22
robert,22
church,22
walks,21
oh,21
yes,21
wheelchair,21
going,20
chair,20
can't,20
little,20
living,20
door,19
universe,19
face,19
takes,19
tea,18
starts,18
away,18
watches,18
party,18
goes,18
play,17
hear,17
slowly,17
something,17
done,16
ball,16
diana,16
way,16
sees,16
young,16
okay,16
hole,16
bed,16
children,16
think,15
glasses,15
enters,15
work,15
toward,15
screen,15
around,15
penrose,15
great,15
life,15
light,15
reverse,15
reaction,15
good,14
west,14
picks,14
man,14
silence,14
family,14
new,14
comes,14
steps,14
laughter,14
again,14
doors,14
until,14
i've,14
stops,14
sits,14
room/west,14
hall,13
right,13
being,13
still,13
old,13
god,13
you're,13
pov,13
small,13
group,13
home,13
professor,13
letter,13
gets,13
roger,13
isobel,12
university,12
floor,12
baby,12
men,12
long,12
hands,12
music,12
rises,12
next,12
alone,12
head,12
even,12
want,12
beginning,12
smile,12
please,12
close,12
both,12
idea,12
kip,12
really,12
watch,11
later,11
clicks,11
mary,11
stop,11
thorne,11
need,11
end,11
board,11
tears,11
nods,11
st,11
here,11
lane,11
beat,11
together,11
motors,11
college,11
nothing,11
rees,11
book,11
set,11
big,11
side,11
reads,11
turn,10
make,10
holes,10
open,10
knocks,10
love,10
guest,10
dance,10
green,10
exits,10
standing,10
late,10
last,10
technician,10
beer,10
smaller,10
piano,10
lucy,10
flat,10
thank,9
onto,9
stars,9
tell,9
opens,9
believe,9
tries,9
students,9
keep,9
foot,9
never,9
fork,9
bridge,9
lecture,9
single,9
help,9
wine,9
talking,9
magazine,9
find,9
space,9
english,9
physics,9
montage,9
sit,9
champagne,9
once,9
car,9
ready,9
legs,8
others,8
barman,8
lap,8
kitchen,8
full,8
house,8
senior,8
stage,8
feet,8
many,8
holds,8
voice,8
walking,8
leave,8
give,8
damtp,8
doesn't,8
sure,8
stairs,8
trinity,8
choir,8
continues,8
course,8
wilde,8
sound,8
audience,8
you've,8
we're,8
train,8
master,8
people,8
actually,8
runs,8
tight,8
sorry,8
moves,8
years,8
speak,8
always,8
suddenly,8
words,8
large,8
table,8
taylor,8
same,7
lab,7
enter,7
water,7
pause,7
tent,7
past,7
under,7
exhausted,7
ellis,7
star,7
word,7
punch,7
returns,7
against,7
isn't,7
dining,7
himself,7
another,7
approaches,7
watching,7
eventually,7
student,7
brief,7
kisses,7
smiling,7
lies,7
lift,7
puts,7
yellow,7
pen,7
everyone,7
carter,7
walk,7
travel,7
history,7
hospital,7
take,7
waiting,7
passes,7
equation,7
writes,7
paper,7
blackboard,7
grins,7
mouth,7
applause,7
river,7
beside,7
world,7
behind,7
singularity,7
friend,7
surprised,7
desk,7
sighs,7
between,7
left,6
gone,6
hard,6
cheek,6
woman,6
question,6
cup,6
glass,6
stare,6
three,6
physicists,6
computer,6
mini,6
poetry,6
uni,6
forward,6
wonderful,6
tracheotomy,6
writing,6
moving,6
eye,6
white,6
window,6
wrong,6
along,6
bring,6
turning,6
ha,6
four,6
sadly,6
croquet,6
bayreuth,6
wide,6
nose,6
without,6
begins,6
much,6
sets,6
pad,6
live,6
phd,6
playing,6
happy,6
lawn,6
garden,6
point,6
trying,6
hold,6
talk,6
evening,6
hears,6
heart,6
best,6
falling,6
spacetime,6
red,6
swiss,6
silently,6
gently,6
run,6
palace,6
longer,6
winding,6
distance,6
disappear,6
i'll,6
phone,6
born,6
move,6
timothy,6
drive,6
deep,6
sip,6
dinner,6
sky,6
john,6
boy,6
scene,6
motor,6
makes,6
hair,6
empty,5
tie,5
better,5
quite,5
speech,5
fallen,5
human,5
wagner,5
glances,5
pours,5
nurse,5
hiding,5
male,5
stay,5
forces,5
bedder,5
whole,5
fingers,5
neck,5
khalatnikov,5
shall,5
few,5
david,5
form,5
gave,5
camera,5
second,5
follows,5
seat,5
pull,5
reading,5
blue,5
faces,5
circle,5
ward,5
gives,5
disease,5
pub,5
grows,5
delighted,5
answer,5
questions,5
reply,5
fine,5
extraordinary,5
coming,5
theatre,5
laughs,5
holding,5
photo,5
fast,5
couple,5
moved,5
einstein,5
number,5
happily,5
impressed,5
using,5
arm,5
mother,5
shot,5
waits,5
sunday,5
card,5
bottles,5
hallway,5
hello,5
office,5
stands,5
draws,5
drawn,5
morning,5
laughing,5
luggage,5
doing,5
types,5
following,5
hits,5
cap,5
newspaper,4
roll,4
spiral,4
eating,4
wheels,4
tim,4
making,4
aside,4
applied,4
room/cambridge,4
order,4
matter,4
top,4
famous,4
try,4
chicken,4
thing,4
won't,4
page,4
start,4
clink,4
mathematics,4
finds,4
record,4
pass,4
mind,4
returning,4
relativity,4
papers,4
beach,4
letters,4
stand,4
background,4
napkin,4
10,4
singing,4
appear,4
speed,4
step,4
winces,4
year,4
science,4
happening,4
immediately,4
slightly,4
called,4
forth,4
boundary,4
running,4
super,4
ring,4
slow,4
feels,4
such,4
jazz,4
girl,4
drops,4
news,4
race,4
quickly,4
nearby,4
pleased,4
game,4
electric,4
attention,4
girls,4
needs,4
frame,4
perhaps,4
geneva,4
speechless,4
blurry,4
edge,4
faster,4
radiation,4
seen,4
phillipa,4
i'd,4
dark,4
pyjama,4
reveal,4
follow,4
flight,4
ahead,4
/west,4
peas,4
coffee,4
pea,4
thesis,4
write,4
understand,4
spears,4
queen,4
arms,4
interested,4
welcome,4
feelings,4
things,4
excitedly,4
absolutely,4
rutherford,4
general,4
clear,4
mean,4
meet,4
answers,4
hope,4
hoop,4
cream,4
friends,4
blinking,4
quantum,4
particles,4
buckingham,4
staring,4
loudly,4
father,4
finger,4
struggles,4
thankyou,4
fans,4
ponders,4
future,4
sarah,4
lotion,4
copies,4
already,4
clock,4
real,4
thought,4
calculations,4
taken,4
came,4
notices,4
call,4
worry,4
footage,4
nervous,4
guests,4
bag,4
bar,4
deal,4
equerries,4
pulls,4
brilliant,4
thinking,4
break,4
sign,4
falls,4
plays,4
nature,4
wheel,4
aware,4
studies,4
slurring,3
serious,3
taking,3
irrelevant,3
rowers,3
law,3
times,3
muscle,3
opening,3
neuron,3
caius,3
beautiful,3
carer,3
worried,3
1920,3
tension,3
chess,3
addenbrookes,3
manage,3
1963,3
short,3
1980,3
means,3
keeps,3
drinking,3
colleague,3
someone,3
dorm,3
whose,3
medieval,3
possible,3
touches,3
die,3
london,3
seated,3
possibly,3
brown,3
final,3
colours,3
bach,3
petals,3
text,3
punts,3
subject,3
sadness,3
aisle,3
ideas,3
breath,3
met,3
timetables,3
breast,3
above,3
stick,3
equerry,3
1st,3
middle,3
invited,3
mark,3
lost,3
terminate,3
fireworks,3
rushes,3
seems,3
mum,3
sleep,3
ridiculous,3
cottage,3
female,3
private,3
significance,3
told,3
penthouse,3
drives,3
potato,3
naked,3
pages,3
etc,3
prelude,3
shoots,3
waves,3
remain,3
maybe,3
unifying,3
greet,3
fan,3
grin,3
stuff,3
dice,3
used,3
marked,3
you'd,3
rain,3
outside,3
departing,3
food,3
fly,3
ex,3
doorway,3
fun,3
heat,3
sitting,3
haven't,3
discovered,3
seek,3
seem,3
uh,3
um,3
uv,3
failure,3
support,3
teach,3
seminar,3
none,3
deeply,3
lab/cambridge,3
surrounded,3
nervously,3
brain,3
mathematical,3
send,3
washing,3
challenge,3
german,3
arrives,3
speaks,3
conversation,3
pay,3
strange,3
we'll,3
service,3
american,3
entire,3
we've,3
cosmologist,3
wait,3
guy,3
denser,3
tide,3
blinks,3
working,3
countryside,3
velvet,3
wall,3
thinks,3
drift,3
arts,3
exploding,3
continue,3
ends,3
choice,3
lounge,3
sounds,3
alphabet,3
mirror,3
auditorium,3
blank,3
explain,3
tables,3
return,3
concerned,3
glow,3
shocked,3
cover,3
fire,3
afraid,3
inside,3
during,3
dressed,3
perfect,3
powder,3
hurries,3
hawkings,3
shakes,3
nine,3
exchange,3
smashing,3
message,3
ago,3
aid,3
air,3
hall/rutherford,3
touch,3
couples,3
predict,3
minute,3
swirl,3
collapse,3
oxford,3
grabs,3
kids,3
ask,3
name,3
leaving,3
mood,3
arrive,3
thermodynamics,3
it'll,3
sticks,3
care,3
gonville,3
luck,3
totally,3
england,3
kind,3
bowl,3
enough,3
plane,3
bad,3
reflected,3
plastic,3
welsh,3
helps,3
sick,3
cradles,3
chasing,3
works,3
plate,3
change,3
married,3
different,3
shuts,3
earth,3
raises,3
doctors,3
sun,3
silent,3
normal,3
weaker,3
passing,3
streets,3
selects,3
sight,3
seeing,3
growing,3
person,3
herself,3
week,3
surgeon,2
unimpressed,2
pick,2
ten,2
m80,2
backwards,2
quiet,2
mathematician,2
blood,2
straight,2
sunset,2
motorized,2
laugh,2
sand,2
walked,2
ventilator,2
tutorial,2
roof,2
explosion,2
translation,2
pile,2
loved,2
hate,2
distant,2
spots,2
women,2
carousel,2
roast,2
loves,2
unsentimental,2
quad,2
minor,2
upon,2
sneaks,2
chatter,2
cry,2
janitor,2
leg,2
mountain,2
press,2
fiftieth,2
probably,2
mallet,2
creation,2
situation,2
replaced,2
unable,2
reflection,2
ultimate,2
jacket,2
starry,2
titles,2
cradled,2
climb,2
1970,2
chuckling,2
lot,2
tumble,2
propped,2
survive,2
fellow,2
barely,2
clicker,2
shows,2
shown,2
pointing,2
speeds,2
particular,2
dons,2
relief,2
ears,2
further,2
path,2
shock,2
milk,2
eats,2
average,2
touched,2
awkwardly,2
unlike,2
business,2
staff,2
breathless,2
boundaries,2
theatre/addenbrookes,2
expectation,2
title,2
stirs,2
spelling,2
grand,2
lunch,2
convert,2
revealed,2
lying,2
adversity,2
made,2
printer,2
physicist,2
hoping,2
field,2
baseball,2
upset,2
crouches,2
overhears,2
knows,2
mail,2
main,2
terribly,2
circulating,2
continuous,2
grain,2
cries,2
bearing,2
expectant,2
equipment,2
becomes,2
stair,2
nonsense,2
physical,2
rapidly,2
properties,2
crash,2
bang,2
band,2
11,2
17,2
18,2
19,2
20,2
23,2
hasn't,2
mid,2
slams,2
remember,2
32,2
dirty,2
expression,2
surprise,2
studying,2
eccentric,2
allow,2
potatoes,2
needed,2
mass,2
70,2
72,2
recently,2
incredibly,2
campsite,2
90,2
knowing,2
congregation,2
playful,2
loud,2
aged,2
cutting,2
stir,2
g&c,2
congratulations,2
platform,2
floods,2
empire,2
understanding,2
fairy,2
leaps,2
contains,2
slurred,2
wouldn't,2
pushing,2
emerge,2
notes,2
chases,2
gather,2
ride,2
sleeping,2
packed,2
selecting,2
mistake,2
special,2
horizon,2
lawns,2
career,2
crosses,2
explode,2
darkness,2
tenderly,2
pouring,2
elegant,2
sharp,2
mesons,2
shake,2
pillows,2
martha,2
whispers,2
flick,2
harder,2
decides,2
drawer,2
pounding,2
forms,2
angrily,2
builds,2
flat/,2
attractions,2
shoulder,2
horror,2
understood,2
supported,2
remains,2
furniture,2
huge,2
attractive,2
examiners,2
whatever,2
graduates,2
blink,2
thoughts,2
rack,2
rise,2
decide,2
far,2
memorised,2
probability,2
suit,2
wistful,2
opened,2
marker,2
uses,2
prove,2
gowned,2
observe,2
rare,2
en,2
er,2
piece,2
carry,2
burst,2
spanish,2
hall/cambridge,2
hi,2
practice,2
bathroom,2
french,2
violently,2
plates,2
anaesthetic,2
widen,2
subscription,2
cleaners,2
fowl,2
turner,2
places,2
complete,2
photos,2
mo,2
philippa,2
shuffles,2
fight,2
pretty,2
whilst,2
manuscript,2
extremely,2
shifts,2
ancient,2
re,2
closer,2
closed,2
loaded,2
suppose,2
thin,2
punt,2
changes,2
cold,2
swirling,2
bookshop,2
settles,2
they're,2
ya,2
problem,2
depressed,2
fabric,2
gasps,2
copy,2
theoretical,2
grinning,2
proud,2
ground,2
line,2
recovery,2
bathrobe,2
aims,2
magical,2
snap,2
compartment,2
sister,2
reverie,2
rehearsal,2
recognizes,2
chapter,2
lips,2
days,2
governs,2
standard,2
pan,2
enormous,2
list,2
lady,2
approach,2
wrist,2
heaven,2
alright,2
loving,2
appearing,2
handkerchief,2
pyjamas,2
earlier,2
whether,2
friday,2
burning,2
groan,2
phonebox,2
giving,2
accident,2
found,2
escape,2
funny,2
entirely,2
realise,2
disappointed,2
disappears,2
chalk,2
anything,2
early,2
gravely,2
tray,2
put,2
offence,2
tran,2
laws,2
having,2
lesson,2
worship,2
clicking,2
tits,2
listen,2
hallway/stephen,2
bear,2
immer,2
safely,2
jump,2
happen,2
bottle,2
hot,2
wedding,2
putting,2
tale,2
vanish,2
vision,2
accompany,2
atoms,2
monitor,2
potted,2
spectacular,2
disproves,2
reaches,2
tape,2
heavy,2
afford,2
sings,2
phenomenon,2
streaming,2
gathered,2
menu,2
machine,2
integer,2
selected,2
difficult,2
appears,2
hour,2
pulling,2
taxi,2
fact,2
ought,2
iberian,2
revealing,2
slept,2
wonder,2
indeed,2
dresses,2
underneath,2
itself,2
fall,2
causes,2
finishes,2
explains,2
toggle,2
you'll,2
steak,2
public,2
listening,2
rush,2
round,2
graduate,2
shaving,2
throat,2
shrugs,2
swing,2
calling,2
add,2
girlfriends,2
magically,2
choose,2
happiness,2
soprano,2
pushed,2
age,2
knighthood,2
muscles,2
exit,2
system,2
defeat,2
boat,2
removed,2
catches,2
body,2
points,2
read,2
alan,2
today,2
row,2
saying,2
louder,2
twenties,2
undergraduates,2
spying,2
acts,2
altar,2
repertoire,2
hymn,2
view,2
yourself,2
travelling,2
parked,2
lifted,2
camp,2
difficulty,2
signals,2
worst,2
crunch,2
show,2
coughs,2
sensing,2
resting,2
crisps,2
galaxies,2
squealing,2
captivated,2
powerfully,2
daisy,2
display,2
hotter,2
simple,2
job,2
understands,2
sheet,2
original,2
saw,2
spread,2
kiss,2
offer,2
room/trinity,2
ornate,2
angry,2
astonishing,2
strong,2
dead,2
glowing,2
pillars,2
bet,2
choristers,2
aren't,2
mouths,2
stroke,2
corridor,2
frustrated,2
crowd,2
peers,2
bit,2
thanks,2
advances,2
model,2
sentence,2
orbiting,2
begin,2
straightens,2
cycle,2
urgent,2
creator,2
hide,2
several,2
pauses,2
high,2
split,2
son,2
throws,2
establish,2
sipping,2
parents,2
box,2
bow,2
clockwise,2
control,2
brahms,2
bri,2
lighted,2
closely,2
accept,2
stopping,2
leiser,2
key,2
slipping,2
surprises,2
stones,2
story,2
zero,2
stunned,2
written,2
wishes,2
clapping,2
lovely,2
slumped,2
stone,2
reach,2
react,2
seconds,2
effortlessly,2
racing,2
rock,2
lovingly,2
place,2
observation,2
expect,2
site,2
emotion,2
begun,2
armchair,2
tap,2
patients,2
excitement,2
wipes,2
cab,2
player,2
motion,2
match,2
distracted,2
accent,2
bites,2
tortoises,1
prepare,1
nicely,1
half,1
withdraws,1
spoke,1
fifty,1
shooting,1
smacks,1
equations,1
gloomy,1
sake,1
energy,1
meanwhile,1
circular,1
poems,1
size,1
applies,1
extracts,1
object,1
hang,1
role,1
infinite,1
result,1
characters,1
spanning,1
feeding,1
evaporate,1
resuscitation,1
resigned,1
address,1
tabletop,1
visualizing,1
woebegone,1
halt,1
panics,1
obvious,1
infinity,1
inserts,1
november,1
lapping,1
kitchen/west,1
grandchildren,1
gorgeous,1
incision,1
bursting,1
uhhhrrrrr,1
downwards,1
arranged,1
flows,1
shivering,1
uncorks,1
suitably,1
wildes,1
puncture,1
creeps,1
terrifying,1
gosh,1
v/o,1
enlisting,1
bespectacled,1
presses,1
bleakness,1
homage,1
coated,1
save,1
frankly,1
listens,1
venereal,1
avail,1
spirit,1
noisy,1
reclaim,1
regard,1
swamped,1
rose,1
celestial,1
cox,1
gown,1
ambitious,1
averts,1
academic,1
raise,1
hated,1
tower,1
tilting,1
including,1
lay,1
quad/,1
wales,1
belatedly,1
less,1
condition,1
ceremony,1
technique,1
possibility,1
direction,1
wounded,1
realizing,1
hopscotch,1
chooses,1
charades,1
bemused,1
20s,1
pillow,1
spokes,1
respond,1
caught,1
concert,1
led,1
wishy,1
concern,1
horrified,1
destroys,1
state,1
pack,1
theorem,1
creating,1
horrendous,1
groceries,1
sweeping,1
wasting,1
strains,1
warmly,1
creamless,1
builder,1
languages,1
refused,1
'chaos',1
perplexed,1
chalky,1
prayer,1
detained,1
fashion,1
surely,1
sublimates,1
principle,1
sidelines,1
domestic,1
glare,1
lip,1
blows,1
feathers,1
registers,1
they'd,1
chest,1
campus,1
doubt,1
merit,1
develop,1
nurses,1
frailty,1
dominated,1
crossroads,1
mezzo,1
questioners,1
fixed,1
nursed,1
damtp/cambridge,1
memory,1
cards,1
doctoral,1
hallway/lobby,1
lifting,1
painful,1
chews,1
stumbled,1
1960,1
ominously,1
illuminated,1
conducts,1
downward,1
tentatively,1
crumples,1
facade,1
washes,1
premise,1
matress,1
poling,1
1979,1
pale,1
warmth,1
roads,1
metallic,1
provide,1
smooths,1
bright,1
teaching,1
anti,1
lou,1
planets,1
low,1
mildly,1
merely,1
initial,1
centre,1
prof,1
terrace/lawns/riverbank,1
quick,1
husband,1
suspiciously,1
blasting,1
dan,1
affair,1
combination,1
raising,1
minutes,1
stays,1
creates,1
proclaims,1
tilts,1
stacked,1
mortifyingly,1
elsewhere,1
jealousy,1
guarded,1
preposterous,1
park,1
introduction,1
unbelievable,1
burdened,1
wheeling,1
concentration,1
stretchered,1
third,1
couldn't,1
startled,1
blankly,1
cube,1
chicago,1
accepting,1
carefully,1
easy,1
mill,1
synthesized,1
gooder,1
stockist,1
chaotic,1
handing,1
thrilled,1
mine,1
adjoining,1
shoes,1
rimmed,1
subatomic,1
brings,1
bird,1
club,1
highway,1
ï»¿The,1
test,1
journey,1
dismissive,1
bangs,1
upwards,1
month,1
paradise,1
synthesizer,1
gallantly,1
pound,1
sheets,1
umm,1
load,1
tearfully,1
expands,1
travels,1
schedule,1
deterioration,1
rewind,1
blanket,1
showing,1
division,1
lock,1
thomson,1
latin,1
statue,1
removing,1
physically,1
plucks,1
plucky,1
embarrassed,1
dot,1
skin,1
mad,1
known,1
jonathon,1
reconstituted,1
scalpel,1
twenty,1
lacks,1
marvellous,1
spectacles,1
contemplates,1
unseen,1
use,1
rockets,1
esteemed,1
terrible,1
intensive,1
dry,1
pressure,1
avidly,1
picking,1
30s,1
handsome,1
implode,1
wicked,1
perspex,1
exactly,1
deceased,1
room/addenbrookes,1
commit,1
crammed,1
cure,1
danger,1
trees,1
observed,1
character,1
supernova,1
disappearing,1
12,1
13,1
sleeps,1
14,1
15,1
receiver,1
16,1
outer,1
frozen,1
laboriously,1
cracking,1
hallway/cockcroft,1
shuffling,1
21,1
22,1
24,1
components,1
25,1
26,1
27,1
28,1
29,1
fell,1
glance,1
30,1
31,1
33,1
34,1
controller,1
35,1
36,1
37,1
though,1
38,1
39,1
autobahn,1
progress,1
40,1
41,1
42,1
43,1
44,1
seller,1
45,1
46,1
47,1
48,1
salvation,1
49,1
project,1
chronology,1
locks,1
electrons,1
swapped,1
swiftly,1
roughly,1
wood,1
50,1
51,1
52,1
crushes,1
53,1
54,1
55,1
56,1
57,1
yawns,1
58,1
59,1
solutions,1
sealed,1
crushed,1
femella,1
monkeys,1
momentousness,1
gospel,1
60,1
boooo,1
61,1
62,1
woken,1
63,1
64,1
65,1
66,1
67,1
68,1
69,1
recording,1
proper,1
common,1
interest,1
themselves,1
71,1
73,1
bath,1
74,1
75,1
76,1
77,1
78,1
79,1
forkful,1
beats,1
bedroom,1
prints,1
cells,1
stee,1
80,1
formula,1
81,1
82,1
83,1
84,1
forever,1
85,1
86,1
base,1
87,1
washy,1
88,1
disconnect,1
89,1
routinely,1
'pea',1
91,1
92,1
93,1
94,1
lose,1
worsened,1
unceremoniously,1
irritating,1
unanswered,1
enjoy,1
secret,1
throwing,1
patio,1
naturally,1
believes,1
eat,1
believed,1
academy,1
monroe,1
booms,1
flashback,1
exists,1
prepared,1
formulas,1
egging,1
float,1
unwrap,1
ecu,1
ven,1
expecting,1
discover,1
thinner,1
cleaner,1
concerts,1
cleaned,1
vacuumes,1
tickets,1
scientific,1
winter,1
heartily,1
spent,1
instead,1
dessert,1
prepares,1
temporary,1
allowed,1
awful,1
yeah,1
ignoring,1
branch,1
via,1
absent,1
near,1
inviting,1
inspired,1
leapt,1
marches,1
aboard,1
exhale,1
eloquent,1
devastated,1
themed,1
density,1
learn,1
mechanics,1
weird,1
stuns,1
scooped,1
volvo,1
evidence,1
woeful,1
cakes,1
faint,1
exquisite,1
volume,1
energies,1
hardly,1
alights,1
companion,1
engine,1
entraptured,1
forty,1
chased,1
females,1
drifting,1
supervises,1
betray,1
progressive,1
aloft,1
happens,1
atmosphere,1
unattended,1
wanting,1
rolled,1
taped,1
narrow,1
brave,1
shape,1
crossing,1
pajamas,1
careens,1
singer,1
em60,1
holiday,1
spilled,1
vacuum,1
asked,1
mouthing,1
indicates,1
share,1
restocked,1
erm,1
2nd,1
throbbing,1
species,1
slip,1
urgently,1
dawning,1
flies,1
journeys,1
est,1
finery,1
victorian,1
empties,1
didn't,1
driving,1
converging,1
dreams,1
milligrams,1
dreamy,1
joyous,1
credits,1
pencil,1
rolls,1
adroit,1
needle,1
approvingly,1
couch,1
quarks,1
decided,1
lanes,1
cheers,1
expected,1
voices,1
cloisters,1
enemy,1
nobly,1
amused,1
wrappers,1
squints,1
departs,1
triumph,1
unzips,1
gran,1
tout,1
weaning,1
gossip,1
describe,1
culminating,1
incorporate,1
research,1
sciences,1
grandad,1
imagine,1
wonders,1
leads,1
nod,1
classes,1
lipstick,1
kitchen/hallway/west,1
button,1
conclusion,1
racy,1
central,1
hurriedly,1
garden/west,1
daunting,1
footbridge,1
toys,1
breaks,1
war,1
summons,1
fought,1
lowers,1
excluded,1
abruptly,1
stuck,1
electron,1
raff,1
struggling,1
catch,1
plan,1
promising,1
lives,1
travellers,1
bewildered,1
college/,1
grandly,1
hospitalize,1
prizes,1
ladies,1
chocolate,1
bastard,1
denial,1
study,1
sentences,1
youngest,1
supermarket,1
observe==and,1
befitting,1
acknowledging,1
feeds,1
relieved,1
nudge,1
wet,1
dishes,1
happened,1
shirt,1
incredulous,1
certain,1
levels,1
whip,1
ecus,1
stressed,1
tuxedos,1
visible,1
borne,1
hangs,1
lifeless,1
inwards,1
sung,1
hung,1
effect,1
automotive,1
unsure,1
unexpected,1
drinks,1
swings,1
microscope,1
win,1
overcomes,1
colleges,1
a1,1
shiny,1
visit,1
fulfillment,1
parent,1
losing,1
fit,1
honest,1
giant,1
digs,1
deaths,1
cosmic,1
rescues,1
grow,1
veil,1
ah,1
ramp,1
al,1
c/,1
panic,1
simultaneously,1
formed,1
hurt,1
ba,1
deletes,1
rapt,1
intimacy,1
sudden,1
shambles,1
panel,1
cg,1
learning/,1
familiar,1
co,1
mounted,1
cu,1
partner,1
freely,1
essential,1
presumed,1
riverbank,1
dr,1
painfully,1
bohemian,1
'night,1
unconvinced,1
'click',1
patterns,1
inexplicable,1
trance,1
marble,1
knife,1
electromagnetic,1
temptation,1
screams,1
christening,1
loneliness,1
alert,1
rate,1
intently,1
confirms,1
class,1
attended,1
tarmac,1
drifts,1
gate,1
beheld,1
soothed,1
carol,1
relationships,1
william,1
easily,1
perks,1
ii,1
commitments,1
issue,1
literally,1
frail,1
announce,1
talked,1
lively,1
contrast,1
kerb,1
leukaemia,1
remotely,1
annoying,1
jj,1
turned,1
banging,1
sparkling,1
ability,1
domestics,1
belief,1
delight,1
slackened,1
dips,1
suggestion,1
knew,1
nobel,1
breakingly,1
clearing,1
knee,1
ma,1
fluorescence,1
orchestra,1
communication,1
punning,1
months,1
mr,1
dirt,1
feeling,1
ohh,1
plus,1
chosen,1
paving,1
entry,1
gaze,1
plug,1
rays,1
code,1
passionate,1
careful,1
somehow,1
dalek,1
ok,1
rescue,1
allows,1
op,1
embark,1
voluntarily,1
intelligent,1
undergrowth,1
pi,1
easier,1
determination,1
stretching,1
emission,1
speaking,1
freeze,1
clever,1
rocked,1
breaking,1
inevitable,1
diseases,1
lagging,1
starting,1
device,1
minus,1
conference,1
activity,1
liar,1
apart,1
necessary,1
cavort,1
whirling,1
started,1
flower,1
undergraduate,1
they've,1
country,1
tv,1
separate,1
willing,1
endangered,1
ooh,1
rules,1
hellyer,1
tableaux,1
un,1
reluctant,1
emotions,1
usual,1
reasonably,1
births,1
upright,1
remarkable,1
anglican,1
frightened,1
changed,1
yells,1
breakthrough,1
divinely,1
gap,1
gas,1
gay,1
slight,1
damn,1
succeed,1
smock,1
jaunty,1
anthony,1
software,1
sensitively,1
ridiculously,1
type,1
beyond,1
hell,1
odyssey,1
closing,1
scans,1
voluntary,1
asleep,1
proof,1
presence,1
wife,1
they'll,1
push,1
exist,1
insight,1
/cambridge,1
vacuuming,1
hallway/buckingham,1
cope,1
exasperation,1
precise,1
gloomily,1
snaps,1
precious,1
suspect,1
thou,1
massive,1
prone,1
owe,1
dress,1
addresses,1
courageously,1
balusters,1
ituation',1
sunny,1
massage,1
tossing,1
oars,1
core,1
addressed,1
flange,1
note,1
everybody,1
purpose,1
challenges,1
shyly,1
station,1
feeble,1
medals,1
confronts,1
dictator,1
edges,1
groups,1
allowing,1
tilted,1
daddy,1
vanishing,1
emit,1
chatting,1
govern,1
teeming,1
recognized,1
rider,1
flapper,1
wins,1
he'll,1
fashionable,1
dawn,1
wing,1
wind,1
realising,1
arrived,1
lights,1
sharpen,1
committee,1
bumps,1
soviet,1
tucks,1
yours,1
discuss,1
liberal,1
correct,1
roaring,1
carving,1
wish,1
pal,1
dismount,1
area,1
pat,1
invitation,1
sloth,1
lack,1
toast,1
tails,1
wird,1
darkened,1
scenes,1
child,1
interface,1
ramps,1
forlorn,1
hallway/west,1
paintings,1
interrogation,1
perform,1
evolution,1
halfway,1
neurological,1
cygnus,1
pocket,1
focus,1
peg,1
inadvertently,1
per,1
dripping,1
pew,1
birth,1
classroom,1
underlying,1
unhappy,1
million,1
install,1
despair,1
engaged,1
plumage,1
hundred,1
hubbub,1
engages,1
mason,1
uhhhh,1
kinda,1
tempted,1
particularly,1
homemade,1
nother,1
heading,1
chores,1
verge,1
bunk,1
imagining,1
'god',1
arrow,1
supernatural,1
pioneering,1
manner,1
pin,1
rowdy,1
members,1
matthew,1
beneath,1
void,1
basil,1
ritual,1
heroic,1
affected,1
clumsily,1
snow,1
ethic,1
rising,1
replied,1
bearded,1
cause,1
cloister,1
busy,1
extra,1
land,1
department,1
nebulae,1
walt,1
automatic,1
despite,1
followed,1
choral,1
dexterity,1
office/department,1
obey,1
triumphant,1
quietly,1
snorts,1
marry,1
decay,1
wasn't,1
civilisation,1
meeting,1
interchange,1
undergrads,1
determinedly,1
chaos,1
tuning,1
began,1
pulses,1
difference,1
huddled,1
atheists,1
pens,1
pent,1
anyway,1
mornings,1
excuse,1
quacks,1
latest,1
receive,1
christ,1
beating,1
religion,1
diagram,1
powerless,1
slides,1
till,1
attend,1
hailer,1
unit/geneva,1
thingy,1
attracts,1
realize,1
offers,1
brush,1
pre,1
dorm/cambridge,1
wash,1
cheerful,1
guilty,1
disrupted,1
retires,1
heavens,1
steady,1
smashcut,1
quieter,1
detects,1
colour,1
observing,1
pun,1
tips,1
pete,1
unload,1
hey,1
then/,1
gobbling,1
meets,1
russian,1
unfolds,1
philosophy,1
passenger,1
tiny,1
apparently,1
'play',1
tourist,1
ways,1
suffers,1
touching,1
unfortunately,1
permanent,1
char,1
begrudgingly,1
lays,1
major,1
answering,1
worldwide,1
consider,1
exiting,1
gatsby,1
hostess,1
bruised,1
pews,1
resist,1
straighten,1
flooding,1
muddled,1
postion,1
'clicker',1
applying,1
ceiling,1
fronts,1
process,1
craved,1
wishers,1
crowded,1
00pm,1
clean,1
marking,1
glad,1
meat,1
poising,1
chaff,1
mostly,1
jumps,1
advance,1
trip,1
soft,1
active,1
route,1
organ,1
sweetly,1
sceptical,1
spark,1
hearing,1
room/little,1
predictably,1
chin,1
flanked,1
emotional,1
overcoming,1
dragged,1
hibernation,1
tells,1
series,1
college/may,1
inconvenient,1
promise,1
robotic,1
mein,1
impregnable,1
planet,1
fasciculation,1
2001,1
seams,1
blame,1
reckon,1
confusion,1
carrying,1
averaged,1
passed,1
outward,1
sold,1
darling,1
lifts,1
nudges,1
tracks,1
reappears,1
although,1
2013,1
contracting,1
taps,1
dropped,1
sooo,1
soon,1
america,1
glued,1
hook,1
victoria,1
bouffant,1
sensitive,1
mantelpiece,1
accompanied,1
reached,1
impression,1
floppy,1
smirk,1
eight,1
induction,1
file,1
periods,1
steve,1
illness,1
blake,1
bent,1
subdue,1
heats,1
playfully,1
o'clock,1
damptp,1
francais,1
envious,1
cough,1
berk,1
solution,1
hosp,1
backward,1
accepts,1
merica,1
sort,1
seriously,1
film,1
fill,1
trash,1
forget,1
convenient,1
scientists,1
leaning,1
position,1
present,1
softly,1
problems,1
dangerous,1
surveys,1
wryly,1
mess,1
philistine,1
troubled,1
heard,1
microwave,1
attraction,1
helplessly,1
suburb,1
stairs/tutorial,1
snowing,1
coughing,1
staunched,1
woltosz,1
haircut,1
dissimilar,1
asymmetric,1
awestruck,1
religious,1
knocked,1
celebrational,1
pieces,1
fade,1
plants,1
wonderfully,1
galaxy,1
honour,1
trousers,1
peninsula,1
trips,1
chopin,1
marvelous,1
operation,1
ice,1
y'know,1
leaves,1
carpeted,1
awkward,1
crews,1
five,1
goers,1
impassively,1
bursts,1
laboratory,1
brancaster,1
rewards,1
saintly,1
rough,1
jumped,1
quo,1
expired,1
spine,1
vicar,1
jeez,1
clasping,1
fair,1
degrees,1
zip,1
reduced,1
agree,1
fail,1
enjoyment,1
anyone,1
natal,1
pride,1
breakfast,1
morph,1
hillside,1
thumb,1
steep,1
boiled,1
cushions,1
privilege,1
collective,1
event,1
muted,1
lumbar,1
spat,1
caused,1
fascinating,1
nice,1
liquid,1
thump,1
vivacious,1
bizarre,1
struggled,1
reference,1
arrange,1
spits,1
demonstrates,1
bench,1
bottom,1
cuffs,1
ill,1
finished,1
accidents,1
jocks,1
covered,1
holier,1
spinning,1
doctorate,1
fame,1
seemingly,1
trace,1
marilyn,1
forcefully,1
pneumonia,1
beers,1
steam,1
endeavour,1
gingerly,1
bicycle,1
gehrig,1
shaken,1
building,1
setting,1
guffaws,1
invented,1
ran,1
grief,1
ray,1
shaking,1
airport,1
exam,1
grazed,1
supered,1
jerks,1
charged,1
pony,1
weeks,1
chapters,1
ambient,1
mopping,1
rolling,1
retire,1
stphen,1
polishing,1
aspect,1
we'd,1
pulled,1
handbag,1
spin,1
grocery,1
senses,1
annoyance,1
pushes,1
epiphany,1
recklessly,1
act,1
post,1
swift,1
educational,1
pose,1
helpless,1
distorted,1
joining,1
nightie,1
recuperating,1
peaceful,1
behave,1
strikes,1
expectancy,1
lyrics,1
fresco,1
embrace,1
chorister,1
improvement,1
clipped,1
graphic/universe,1
palsied,1
ouch,1
movie,1
loosening,1
room/dorm,1
gestures,1
disappointment,1
decline,1
ahh,1
weeps,1
volumes,1
whistle,1
script,1
erected,1
spot,1
bicycles,1
galactic,1
partial,1
sleeves,1
slough,1
courage,1
'course,1
electronic,1
terrace,1
tender,1
blushing,1
drained,1
rests,1
filled,1
satisfaction,1
coxswain,1
smashes,1
powerful,1
'bye,1
bubbly,1
atom,1
movement,1
movers,1
smashed,1
rear,1
spud,1
pregnant,1
informing,1
finals,1
slips,1
motoring,1
badly,1
jumping,1
looked,1
perched,1
blaring,1
dull,1
reversed,1
expanding,1
reason,1
erect,1
goodness,1
stuffs,1
males,1
toilet,1
moored,1
telescope,1
cocked,1
worth,1
catherine,1
stirred,1
broken,1
vice,1
elderflower,1
noticed,1
gravitational,1
trapping,1
fabulous,1
party/celebratory,1
swallowing,1
dusk,1
bomb,1
mouse,1
helpful,1
those,1
dollop,1
protege,1
telephone,1
everywhere,1
mccarten,1
boyish,1
boom,1
approaching,1
cautious,1
haywire,1
cracked,1
vanishes,1
kicking,1
testily,1
defend,1
street,1
boot,1
outrageous,1
elizabeth,1
introduce,1
awe,1
assuming,1
'the,1
blazing,1
froth,1
poured,1
experimental,1
rent,1
ruffled,1
slice,1
shirts,1
participating,1
'down,1
case,1
collapsing,1
pinball,1
precariously,1
exercise,1
fireplace,1
homosexual,1
warping,1
consolation,1
schrodinger,1
disorder,1
painters,1
stick;,1
momentarily,1
hunters,1
shut,1
tyranny,1
ward/,1
autograph,1
alleviate,1
choking,1
nave,1
smitten,1
king,1
suicidal,1
daily,1
ropes,1
daughter,1
cloth,1
office/damtp,1
insert,1
diagrams,1
alto,1
ovation,1
joy,1
billion,1
patient,1
sad,1
miracle,1
rest,1
sat,1
afternoon,1
marooned,1
stupid,1
switches,1
boys,1
drags,1
ban,1
fluid,1
personal,1
plans,1
plant,1
greatly,1
jones,1
corridor/department,1
l70,1
affect,1
facing,1
proven,1
proves,1
sea,1
laine,1
offered,1
civil,1
wheat,1
cleans,1
sex,1
46th,1
dextrous,1
ultraviolet,1
eyed,1
astonished,1
jug,1
performs,1
sooths,1
transferred,1
rephrase,1
deck,1
resumes,1
luke,1
contact,1
surgical,1
searches,1
viva,1
unstable,1
adjust,1
dishevelled,1
stowed,1
lucky,1
shy,1
trembling,1
peels,1
riddle,1
getting,1
indignantly,1
instructs,1
cobbled,1
sin,1
sir,1
views,1
unacceptable,1
cavendish,1
breathing,1
bound,1
false,1
football,1
breed,1
frowns,1
rubbing,1
amazement,1
expert,1
advanced,1
corner,1
join,1
in't,1
bikes,1
vain,1
drink,1
room/surgical,1
slo,1
foetal,1
subtltles,1
defy,1
umbrellas,1
alive,1
finishing,1
embarked,1
optic,1
bastards,1
missed,1
drips,1
discovers,1
century,1
emerges,1
'play,1
knees,1
supportively,1
sod,1
expresses,1
proceeds,1
there',1
awaits,1
officially,1
descends,1
level,1
focused,1
evermore,1
balustrade,1
bop,1
tastes,1
purposeful,1
tents,1
glass/,1
upstairs,1
loses,1
declines,1
tearful,1
bolts,1
enthralled,1
clerk,1
lobby,1
declined,1
backs,1
closest,1
dancing,1
stool,1
episode,1
vase,1
ponder,1
bathtub,1
encouraged,1
sideboard,1
horrible,1
intercut,1
schlummer,1
conditions,1
lessons,1
current,1
stoney,1
stopped,1
manages,1
loads,1
maker,1
beloved,1
kate,1
cricket,1
hallelujah,1
dennis,1
reacts,1
cheered,1
passion,1
unusual,1
generate,1
fills,1
demeanor,1
sequestered,1
degree,1
especially,1
dismay,1
carpet,1
illegible,1
sing,1
'viva',1
riluzole,1
throng,1
shelves,1
prestigious,1
gradual,1
socialist,1
cosmologists,1
saddened,1
flute,1
stony,1
baffling,1
backed,1
cheekily,1
immensely,1
positively,1
kissing,1
natural,1
joys,1
stately,1
tuft,1
cockcroft,1
laborious,1
sympathetic,1
distressed,1
leap,1
carefree,1
bigger,1
scowling,1
drape,1
queue,1
argument,1
utter,1
sags,1
miraculously,1
versa,1
individual,1
godless,1
chances,1
painstaking,1
balls,1
hedge,1
cam,1
hoist,1
dusting,1
floating,1
despond,1
unconscious,1
limited,1
played,1
feverishly,1
eases,1
'typing',1
